tick,x,x_dot,theta,theta_dot,force,force_safe,safety_fault
1,0,0,0.05,0,6,6,
2,0.0002908427139917134,0.0581690710008747,0.049600965573639466,-0.079817728326567,4.472390287021137,4.472390287021137,
3,0.002261443007761082,0.1330678705156793,0.04693888420355058,-0.1777997835806741,2.3450676168517073,3.277055722495974,
4,0.003704843006765892,0.15561448686157422,0.04502602165665149,-0.2048235750338695,2.3450676168517073,2.3450676168517073,
5,0.003704843006765892,0.15561448686157422,0.04502602165665149,-0.2048235750338695,1.6215849148507027,1.6215849148507027,
6,0.007100024542619701,0.18118975211469704,0.04063378094316344,-0.2305500811927933,1.0629753132803854,1.0629753132803854,
7,0.008941448888301869,0.18709788924325785,0.03831331654485005,-0.23360390329767017,0.3086571468034197,0.3086571468034197,
8,0.008941448888301869,0.18709788924325785,0.03831331654485005,-0.23360390329767017,0.3086571468034197,0.3086571468034197,
9,0.0127264174233282,0.19021380743850644,0.03368482089982132,-0.22769606350911378,-0.11858872990337588,0.0634217215953724,
10,0.014621595446301901,0.18882445168597556,0.031442495104469934,-0.22082796515760236,-0.11858872990337588,-0.11858872990337588,
11,0.014621595446301901,0.18882445168597556,0.031442495104469934,-0.22082796515760236,-0.25118939179740196,-0.25118939179740196,
12,0.01649649080201685,0.18615718155164185,0.029276800688156374,-0.2123677579170903,-0.3453282218577405,-0.3453282218577405,
13,0.01834019742619287,0.18258659902460703,0.027200911158717617,-0.20286462376902697,-0.4096697408590186,-0.4096697408590186,
14,0.0201451323131814,0.17840271887912593,0.025223150179717678,-0.1927394725305974,-0.45106085897439324,-0.45106085897439324,
15,0.02190627842685813,0.17382872412983566,0.023348138146299692,-0.18231214211256647,-0.4749025380088368,-0.4749025380088368,
16,0.02362058701015671,0.1690350905568963,0.02157769468574835,-0.1718230195267546,-0.48544626012134084,-0.48544626012134084,
17,0.026903613118111704,0.15927233330020624,0.018347885571590984,-0.1513231724433669,-0.47926890055789595,-0.48603044379193994,
18,0.028472319081881706,0.15447059865853574,0.016883794482365135,-0.14153349252857877,-0.47926890055789595,-0.47926890055789595,
19,0.028472319081881706,0.15447059865853574,0.016883794482365135,-0.14153349252857877,-0.46720099628880607,-0.46720099628880607,
20,0.029993647396225235,0.14979669072470014,0.015515589443456745,-0.13214345013043607,-0.4514112405482864,-0.4514112405482864,
21,0.0329002939011045,0.1409630287787879,0.013049749032327803,-0.11470389210440013,-0.4331244768695339,-0.4331244768695339,
22,0.03428931037497099,0.1368415842218439,0.011942943603736378,-0.10668627498346864,-0.39259978840234855,-0.41328160674998593,
23,0.03428931037497099,0.1368415842218439,0.011942943603736378,-0.10668627498346864,-0.39259978840234855,-0.39259978840234855,
24,0.035638159869055205,0.1329295407558218,0.010913949566364552,-0.09913957237191022,-0.3716202580937594,-0.3716202580937594,
25,0.0382237854058661,0.12573922998502543,0.009070812991763284,-0.08542365442958587,-0.3302732842042065,-0.3302732842042065,
26,0.03946475187230361,0.12245504529409613,0.008247675757866975,-0.07922542838522262,-0.3302732842042065,-0.3302732842042065,
27,0.04067387403078535,0.11937029720186068,0.007484434632864142,-0.073442859615148,-0.29131056792475635,-0.29131056792475635,
28,0.04185310715698133,0.11647717241073566,0.006777034647630416,-0.06805573362144075,-0.29131056792475635,-0.29131056792475635,
29,0.04185310715698133,0.11647717241073566,0.006777034647630416,-0.06805573362144075,-0.2730630627347124,-0.2730630627347124,
30,0.04412930682954481,0.11123037121987835,0.0055145735826848405,-0.058383564769453784,-0.2393324161975934,-0.2557275994915271,
31,0.04412930682954481,0.11123037121987835,0.0055145735826848405,-0.058383564769453784,-0.2393324161975934,-0.2393324161975934,
32,0.0452297449893836,0.10885793209046689,0.004952448842520481,-0.05405616233617072,-0.2238837764506393,-0.2238837764506393,
33,0.046307231979726644,0.1066400875886915,0.004432035609322789,-0.05004016714457715,-0.20937166261569867,-0.20937166261569867,
34,0.047363266607572736,0.10456741343407468,0.003950320411305165,-0.04631553817602205,-0.1957742206880991,-0.1957742206880991,
35,0.04941651138572011,0.1008211292013852,0.003091904440316458,-0.039664200801745396,-0.17119671340844245,-0.18306121696279232,
36,0.050416265430264826,0.09913013589232124,0.002710125450323087,-0.036701635874363835,-0.16014112623359897,-0.16014112623359897,
37,0.050416265430264826,0.09913013589232124,0.002710125450323087,-0.036701635874363835,-0.16014112623359897,-0.16014112623359897,
38,0.05236776812246274,0.09607194493686788,0.0020300178924592734,-0.03142014972748892,-0.14028918945846702,-0.14028918945846702,
39,0.05236776812246274,0.09607194493686788,0.0020300178924592734,-0.03142014972748892,-0.14028918945846702,-0.14028918945846702,
40,0.054262004568808093,0.09339641465501708,0.0014477939222189884,-0.02689783812375921,-0.12316665793006337,-0.12316665793006337,
41,0.054262004568808093,0.09339641465501708,0.0014477939222189884,-0.02689783812375921,-0.12316665793006337,-0.12316665793006337,
42,0.05610609023417022,0.09105061849803284,0.0009493500683621653,-0.02302866213514302,-0.10844390726916464,-0.11552512845987215,
43,0.05610609023417022,0.09105061849803284,0.0009493500683621653,-0.02302866213514302,-0.10844390726916464,-0.10844390726916464,
44,0.057011275136488765,0.08998662689740179,0.0007276877836968876,-0.021309623639644414,-0.10188540981796942,-0.10188540981796942,
45,0.05879133902378732,0.08805032274023297,0.0003327355763893102,-0.018250784335918813,-0.09019543304740579,-0.09581387411077491,
46,0.05966743268460334,0.08716861942073399,0.00015704276949118085,-0.01689239711441938,-0.09019543304740579,-0.09019543304740579,
47,0.060534968978612706,0.08633883376054405,-0.000005581534282731311,-0.015636740066849286,-0.08499813842337459,-0.08499813842337459,
48,0.060534968978612706,0.08633883376054405,-0.000005581534282731311,-0.015636740066849286,-0.08019194895121268,-0.08019194895121268,
49,0.06139444754766289,0.08555705999162858,-0.0001561259763180578,-0.014476107117133014,-0.07574869196990719,-0.07574869196990719,
50,0.062246330384721556,0.084819674017472,-0.0002955049584933017,-0.013403354488447884,-0.0716420063684883,-0.0716420063684883,
51,0.06309104455963224,0.08412331522764308,-0.0004245640765394489,-0.01241186291934291,-0.0678472725566737,-0.0678472725566737,
52,0.06392898476662115,0.08346486903299878,-0.0005440851848665012,-0.011495501731352224,-0.06434153397840586,-0.06434153397840586,
53,0.06558597427443082,0.08225038704120234,-0.000757350043857311,-0.009865888557434536,-0.058113028054732535,-0.0611034136099565,
54,0.0664056716739489,0.08168920645149239,-0.000852379600341323,-0.009142521686581206,-0.058113028054732535,-0.058113028054732535,
55,0.0672198952790727,0.08115561984491929,-0.0009404506139991768,-0.008473997007250206,-0.05280287885599405,-0.05280287885599405,
56,0.0672198952790727,0.08115561984491929,-0.0009404506139991768,-0.008473997007250206,-0.05280287885599405,-0.05280287885599405,
57,0.06883296212882822,0.08016291831629481,-0.0010977872060103223,-0.007285148895456557,-0.0504500455217452,-0.0504500455217452,
58,0.06883296212882822,0.08016291831629481,-0.0010977872060103223,-0.007285148895456557,-0.048278643868952004,-0.048278643868952004,
59,0.06963227647065066,0.0797000339630269,-0.0011679908305100757,-0.006757422116798411,-0.04627499760047285,-0.04627499760047285,
60,0.07042706216299863,0.07925718235326043,-0.0012331178099216483,-0.006269686379562392,-0.04442643791232612,-0.04442643791232612,
61,0.07121751179077705,0.07883281544075468,-0.0012935528056066995,-0.005818901988445449,-0.04272123376942649,-0.04272123376942649,
62,0.07200380304410921,0.07842550228046762,-0.001349651235917752,-0.0054022592679577024,-0.04114852606423988,-0.04114852606423988,
63,0.07356455339478228,0.07765684731271483,-0.0014501269766115867,-0.004661208301434497,-0.03836115520186839,-0.03836115520186839,
64,0.07356455339478228,0.07765684731271483,-0.0014501269766115867,-0.004661208301434497,-0.03836115520186839,-0.03836115520186839,
65,0.07511047763186766,0.07694179618970244,-0.0015368836000430933,-0.004028033441122151,-0.03712859474705002,-0.03712859474705002,
66,0.07511047763186766,0.07694179618970244,-0.0015368836000430933,-0.004028033441122151,-0.03599263081634166,-0.03599263081634166,
67,0.075878195431633,0.07660181022408598,-0.0015757529978781225,-0.0037468682554304055,-0.03494590897417785,-0.03494590897417785,
68,0.07740368940505211,0.07595245777269671,-0.0016455806336996318,-0.003246621786398902,-0.03309350682148832,-0.03309350682148832,
69,0.07740368940505211,0.07595245777269671,-0.0016455806336996318,-0.003246621786398902,-0.03309350682148832,-0.03309350682148832,
70,0.0781616590469196,0.075641508074853,-0.001676931768780763,-0.0030244296548128553,-0.03227573015332308,-0.03227573015332308,
71,0.07891656018135869,0.07533875373152807,-0.0017061449759445113,-0.0028189799827572737,-0.03152292912407201,-0.03152292912407201,
72,0.0796684715176803,0.07504354608834864,-0.0017333812822839453,-0.002628997504253481,-0.030830140264765465,-0.030830140264765465,
73,0.08041746552639614,0.07475528602518054,-0.001758789449140491,-0.002453304012403578,-0.030192776568173263,-0.030192776568173263,
74,0.08190696307220151,0.0741974375680823,-0.0018046606118259263,-0.0021405127948722355,-0.02906769110818977,-0.02960659916918318,
75,0.08190696307220151,0.0741974375680823,-0.0018046606118259263,-0.0021405127948722355,-0.02906769110818977,-0.02906769110818977,
76,0.0826475844671935,0.07392686618162801,-0.0018253678549805903,-0.00200148036333905,-0.02857243303400228,-0.02857243303400228,
77,0.08338552503337852,0.07366127020723413,-0.001844736987028122,-0.0018728553857548134,-0.028117480710624115,-0.028117480710624115,
78,0.08412083251198649,0.07340024718641194,-0.001862868104667607,-0.0017538449262412723,-0.027699744200127885,-0.027699744200127885,
79,0.08485355077388707,0.0731434254964821,-0.0018798536782423352,-0.0016437164489697589,-0.027316368601624147,-0.027316368601624147,
80,0.08558372011621616,0.07289046200495247,-0.0018957791326826312,-0.001541793221905072,-0.02696471623389607,-0.02696471623389607,
81,0.08631137753643567,0.07264103990172915,-0.0019107233842362262,-0.0014474500694071377,-0.026642350156595912,-0.026642350156595912,
82,0.08703655698553786,0.07239486669579699,-0.0019247593363428297,-0.001360109447394989,-0.026347018931907523,-0.026347018931907523,
83,0.08847960392779357,0.07191120764034997,-0.0019503706057838882,-0.0012043422922236487,-0.026076642535264705,-0.026076642535264705,
84,0.08847960392779357,0.07191120764034997,-0.0019503706057838882,-0.0012043422922236487,-0.02582929933004602,-0.02582929933004602,
85,0.08919752610827826,0.07167324243554618,-0.0019620656172932606,-0.0011349675465662638,-0.025603214027145937,-0.025603214027145937,
86,0.0899130800764363,0.07143756437636914,-0.0019730924699407743,-0.0010706929496114579,-0.025396746555947536,-0.025396746555947536,
87,0.09062628772339848,0.07120397745635766,-0.0019835002158842736,-0.0010111299254251358,-0.025208381778501737,-0.025208381778501737,
88,0.09133716905585332,0.07097230078904934,-0.001993334170075413,-0.0009559195104279622,-0.025036719983656863,-0.025036719983656863,
89,0.09204574234148595,0.07074236745610106,-0.002002636195065856,-0.0009047300974143129,-0.02488046810250097,-0.02488046810250097,
90,0.09345602994392248,0.07028712665624119,-0.0020197962042531187,-0.0008132122837016817,-0.02473843159078465,-0.02473843159078465,
91,0.09345602994392248,0.07028712665624119,-0.0020197962042531187,-0.0008132122837016817,-0.024609506928002983,-0.024609506928002983,
92,0.0948572667479976,0.06983716060880399,-0.0020352556049045975,-0.0007343954252425404,-0.024492674686545896,-0.024492674686545896,
93,0.09555452180285799,0.06961385892969352,-0.0020424224249619535,-0.00069915704760443,-0.024291592285277996,-0.024291592285277996,
94,0.09624954874744668,0.06939153814825412,-0.0020492494038462984,-0.0006664182540163439,-0.02420566849792774,-0.024291592285277996,
95,0.09624954874744668,0.06939153814825412,-0.0020492494038462984,-0.0006664182540163439,-0.02420566849792774,-0.02420566849792774,
96,0.09763295473393663,0.06894946745257505,-0.002061978170234167,-0.0006076924131301353,-0.024059339051616002,-0.0241284793593724,
97,0.09763295473393663,0.06894946745257505,-0.002061978170234167,-0.0006076924131301353,-0.024059339051616002,-0.024059339051616002,
98,0.0990075488755506,0.06851027561220417,-0.0020736130850967645,-0.0005568624474245193,-0.02394271906014317,-0.023997614033957254,
99,0.0990075488755506,0.06851027561220417,-0.0020736130850967645,-0.0005568624474245193,-0.02394271906014317,-0.02394271906014317,
100,0.09969155810675948,0.06829157714841938,-0.0020790668803253383,-0.0005340400131683942,-0.023894113498810238,-0.023894113498810238,
101,0.10105302814177093,0.06785565973256162,-0.002089328143169497,-0.0004929390726024493,-0.023851297934151444,-0.023851297934151444,
102,0.10105302814177093,0.06785565973256162,-0.002089328143169497,-0.0004929390726024493,-0.023813811025494486,-0.023813811025494486,
103,0.10240579643179504,0.06742135090718569,-0.002098821681804406,-0.00045715237162803976,-0.02378122660609261,-0.02378122660609261,
104,0.10307892655527932,0.06720467915673252,-0.002103311873439093,-0.0004410040308362504,-0.023753151002923106,-0.023753151002923106,
105,0.10374989128768894,0.06698827250550805,-0.0021076458326899803,-0.0004259017865132626,-0.023709099354357888,-0.023709099354357888,
106,0.10441869308872094,0.06677209270649434,-0.002111833621262146,-0.00041176605132444474,-0.023692477076236784,-0.023709099354357888,
107,0.10441869308872094,0.06677209270649434,-0.002111833621262146,-0.00041176605132444474,-0.023692477076236784,-0.023692477076236784,
108,0.1050853340510906,0.06655610460943459,-0.002115884535423984,-0.00039852330513953427,-0.023679067083708982,-0.023679067083708982,
109,0.1064121401722423,0.06612457700501442,-0.0021236094440735477,-0.00037445029607658146,-0.023668604595971754,-0.023668604595971754,
110,0.1064121401722423,0.06612457700501442,-0.0021236094440735477,-0.00037445029607658146,-0.023660845028086186,-0.023660845028086186,
111,0.10707230793843954,0.0659089806441488,-0.002127298707188128,-0.0003634993408075767,-0.023655562451989798,-0.023655562451989798,
112,0.10838617740771207,0.06547799787528141,-0.002134364769696964,-0.0003435005110007222,-0.023651609425375197,-0.023652548174786014,
113,0.10903988021510275,0.06526256765348401,-0.002137753614172421,-0.00033435749812758857,-0.023652568141171504,-0.023652568141171504,
114,0.10903988021510275,0.06526256765348401,-0.002137753614172421,-0.00033435749812758857,-0.023652568141171504,-0.023652568141171504,
115,0.10969142879393419,0.06504715205723165,-0.002141053607732126,-0.0003257279913912178,-0.02365525984728198,-0.02365525984728198,
116,0.11098806333261445,0.06461629615198781,-0.002147406425179031,-0.0003098565375459927,-0.023665246135813528,-0.02365953262110118,
117,0.11098806333261445,0.06461629615198781,-0.002147406425179031,-0.0003098565375459927,-0.023665246135813528,-0.023665246135813528,
118,0.11227607956672503,0.06418530745762596,-0.002153458408377183,-0.00029560861510194127,-0.02368048682532381,-0.02368048682532381,
119,0.11227607956672503,0.06418530745762596,-0.002153458408377183,-0.00029560861510194127,-0.02368048682532381,-0.02368048682532381,
120,0.11291685474021655,0.06396973073419075,-0.0021563811574212936,-0.00028901805113107587,-0.023689783704578665,-0.023689783704578665,
121,0.11355547379698089,0.0637540840353329,-0.0021592396088655564,-0.0002827474043389104,-0.02370005928299826,-0.02370005928299826,
122,0.11419193598725459,0.0635383573628893,-0.002162036840378089,-0.00027677245492357575,-0.023711219230809016,-0.023711219230809016,
123,0.11545838630196842,0.06310662874023718,-0.002167458807393983,-0.00026562186490771756,-0.02372317642556357,-0.02372317642556357,
124,0.11545838630196842,0.06310662874023718,-0.002167458807393983,-0.00026562186490771756,-0.023735850402989533,-0.023735850402989533,
125,0.11608837248604818,0.06289061121906392,-0.0021700886032941145,-0.00026040646892862355,-0.02374916684969014,-0.02374916684969014,
126,0.11734186151860701,0.06245823648964863,-0.002175197070055991,-0.0002506071983396512,-0.02377745787560767,-0.02376305713450866,
127,0.11796536202621763,0.062241867999966734,-0.002177679739577414,-0.0002459919908702759,-0.023792310540544107,-0.02377745787560767,
128,0.11858669821287786,0.062025372245431844,-0.0021801171165120605,-0.00024154748995583127,-0.023792310540544107,-0.023792310540544107,
129,0.11858669821287786,0.062025372245431844,-0.0021801171165120605,-0.00024154748995583127,-0.023807561076822345,-0.023807561076822345,
130,0.11920586878492692,0.06180874502555894,-0.0021825108435273586,-0.0002372608591683573,-0.02382315957060535,-0.02382315957060535,
131,0.1198228724091914,0.06159198263815778,-0.002184862439841285,-0.00023312024179943184,-0.02383905993143587,-0.02383905993143587,
132,0.12043770771777738,0.061375081841180644,-0.0021871733106449552,-0.00022911468618651507,-0.023855219600986258,-0.023855219600986258,
133,0.12105037331249559,0.061158039817476514,-0.002189444755807024,-0.00022523407673055823,-0.023871599284005424,-0.023871599284005424,
134,0.12226918964029818,0.060723522752881495,-0.0021938740897015146,-0.00021781103671827435,-0.023888162699771412,-0.023888162699771412,
135,0.12287533746076004,0.06050604392133626,-0.0021960341209098155,-0.00021425200567119115,-0.023921709319169135,-0.023921709319169135,
136,0.12287533746076004,0.06050604392133626,-0.0021960341209098155,-0.00021425200567119115,-0.023921709319169135,-0.023921709319169135,
137,0.12408110501015338,0.06007063853952679,-0.002200249683151746,-0.0002074020658447212,-0.023955621205897046,-0.023938633053717365,
138,0.12468072174047604,0.05985270998397586,-0.002202306913382892,-0.0002040980778305854,-0.023955621205897046,-0.023955621205897046,
139,0.12468072174047604,0.05985270998397586,-0.002202306913382892,-0.0002040980778305854,-0.023972649454131023,-0.023972649454131023,
140,0.12527815842796383,0.05963462993350138,-0.002204331471836935,-0.00020086685127823262,-0.023989695351030266,-0.023989695351030266,
141,0.12646648560353863,0.05919801393905334,-0.002208285324864077,-0.00019460166624304126,-0.024006738180697235,-0.024006738180697235,
142,0.12646648560353863,0.05919801393905334,-0.002208285324864077,-0.00019460166624304126,-0.024023758826904745,-0.024023758826904745,
143,0.12705737305065673,0.05897947779211385,-0.0022102158703264986,-0.00019155819235127964,-0.024040739651320975,-0.024040739651320975,
144,0.1276460743768279,0.058760789713610935,-0.0022121162533687037,-0.00018856838904103914,-0.02405766438101546,-0.02405766438101546,
145,0.1288169125997905,0.05832295924336559,-0.0022158285633566174,-0.00018273450798227085,-0.024091286675917853,-0.024091286675917853,
146,0.1288169125997905,0.05832295924336559,-0.0022158285633566174,-0.00018273450798227085,-0.024091286675917853,-0.024091286675917853,
147,0.1293990464749519,0.05810381795578331,-0.0022176414150908946,-0.00017988351007950837,-0.024107957625979046,-0.024107957625979046,
148,0.1299789881886786,0.057884526922585375,-0.002219425959500687,-0.00017707229870906428,-0.02412451908041438,-0.02412451908041438,
149,0.13113228916853667,0.05744549919453003,-0.002222911633716243,-0.00017155812214222742,-0.02415727093119696,-0.02415727093119696,
150,0.1317056454770895,0.057225764550182294,-0.0022246134512032365,-0.00016885012667985648,-0.02415727093119696,-0.02415727093119696,
151,0.1317056454770895,0.057225764550182294,-0.0022246134512032365,-0.00016885012667985648,-0.024173442100531448,-0.024173442100531448,
152,0.13284576242008617,0.05678585953136152,-0.0022279365889596313,-0.0001635211599453926,-0.024205332391254414,-0.024189465195963863,
153,0.13284576242008617,0.05678585953136152,-0.0022279365889596313,-0.0001635211599453926,-0.024205332391254414,-0.024205332391254414,
154,0.1334125201667518,0.05656569174036507,-0.002229558462665048,-0.0001608962303412633,-0.02422103647914904,-0.02422103647914904,
155,0.13397707552729188,0.05634538227501513,-0.0022311542104186638,-0.00015829528257126863,-0.024236570824342926,-0.024236570824342926,
156,0.13453942709230904,0.05612493260483574,-0.002232724063913283,-0.00015571669762068813,-0.024251929320027205,-0.024251929320027205,
157,0.13565751327377923,0.05568361882913031,-0.002235786938272165,-0.00015062075398533347,-0.02428209674032661,-0.024267106347748535,
158,0.13565751327377923,0.05568361882913031,-0.002235786938272165,-0.00015062075398533347,-0.02428209674032661,-0.02428209674032661,
159,0.13676676774625893,0.05524176330798175,-0.0022387486489395566,-0.00014559777471211195,-0.024296895747597108,-0.024296895747597108,
160,0.13731807973734778,0.05502063663500288,-0.002240192001861013,-0.00014311076436045926,-0.024311499004766618,-0.024311499004766618,
161,0.13786717981055016,0.05479937970105625,-0.0022416105627306652,-0.00014063871241414285,-0.02434010256330002,-0.02434010256330002,
162,0.13786717981055016,0.05479937970105625,-0.0022416105627306652,-0.00014063871241414285,-0.02434010256330002,-0.02434010256330002,
163,0.13895873904724848,0.05435648231424199,-0.0022443738792610936,-0.00013573586564096632,-0.024354095809786078,-0.024354095809786078,
164,0.13895873904724848,0.05435648231424199,-0.0022443738792610936,-0.00013573586564096632,-0.024367879148418065,-0.024367879148418065,
165,0.13950119567865832,0.05413484557540525,-0.0022457188989203174,-0.0001333034351924997,-0.024381449744819234,-0.024381449744819234,
166,0.1405794567784261,0.0536912055101,-0.002248336263460679,-0.00012847293697237087,-0.024407942556102805,-0.024394805004783054,
167,0.1405794567784261,0.0536912055101,-0.002248336263460679,-0.00012847293697237087,-0.024407942556102805,-0.024407942556102805,
168,0.14164884029966693,0.053247089627384614,-0.0022508574528399892,-0.00012368406340904764,-0.024433556054543476,-0.024433556054543476,
169,0.14164884029966693,0.053247089627384614,-0.0022508574528399892,-0.00012368406340904764,-0.024433556054543476,-0.024433556054543476,
170,0.14218020003147916,0.05302485819901694,-0.0022520822313441945,-0.0001213038445339689,-0.02444602822246965,-0.02444602822246965,
171,0.1432362497382601,0.05258005842332121,-0.0022544606094965615,-0.00011656943150060833,-0.024470295184696983,-0.024470295184696983,
172,0.14376093749421662,0.05235749414706119,-0.00225561437688033,-0.00011421438503177316,-0.024470295184696983,-0.024470295184696983,
173,0.14376093749421662,0.05235749414706119,-0.00225561437688033,-0.00011421438503177316,-0.024482087137936093,-0.024482087137936093,
174,0.1442833990732791,0.052134823016417045,-0.002256744634861443,-0.00011186693276145959,-0.02449364973248913,-0.02449364973248913,
175,0.14480363341724997,0.05191204710072223,-0.0022578514576401215,-0.00010952672828780823,-0.024504981863876354,-0.024504981863876354,
176,0.14532163948868143,0.05168916848060558,-0.0022589349160910166,-0.00010719345281159837,-0.02451608253726137,-0.02451608253726137,
177,0.14635096276851847,0.05124311149962567,-0.00226103200845266,-0.00010254653918077397,-0.024526950859225294,-0.024526950859225294,
178,0.1468622780066933,0.051019937347068035,-0.0022620457697741145,-0.00010023238326036631,-0.02453758603016487,-0.02453758603016487,
179,0.1468622780066933,0.051019937347068035,-0.0022620457697741145,-0.00010023238326036631,-0.024547987337271662,-0.024547987337271662,
180,0.1473713610320326,0.0507966689049006,-0.0022630364220247953,-0.00009792411734513282,-0.024558154148044298,-0.024558154148044298,
181,0.14787821091225128,0.050573308295391396,-0.0022640040230502965,-0.00009562153206468872,-0.024568085904295253,-0.024568085904295253,
182,0.14888520761450127,0.05012631909200107,-0.0022658702929340357,-0.00009103265028366834,-0.02457778211661467,-0.02457778211661467,
183,0.149385352678436,0.049902694769233966,-0.002266769068091047,-0.00008874601556900914,-0.02459646626540188,-0.02459646626540188,
184,0.149385352678436,0.049902694769233966,-0.002266769068091047,-0.00008874601556900914,-0.02459646626540188,-0.02459646626540188,
185,0.15037893199709915,0.0494551973898749,-0.0022684981527333133,-0.0000841876159319955,-0.024605453522815457,-0.024605453522815457,
186,0.15037893199709915,0.0494551973898749,-0.0022684981527333133,-0.0000841876159319955,-0.024614203869788576,-0.024614203869788576,
187,0.15136355817392708,0.04900738268064466,-0.0022701362723075336,-0.0000796481937251455,-0.024630993016190525,-0.02462271709142401,
188,0.15185251189116197,0.04878336170471039,-0.002270921336658303,-0.00007738532071637503,-0.024639031512741147,-0.024639031512741147,
189,0.15185251189116197,0.04878336170471039,-0.002270921336658303,-0.00007738532071637503,-0.024639031512741147,-0.024639031512741147,
190,0.15233922503439307,0.04855926785286494,-0.00227168379739725,-0.00007512687697134836,-0.02464683248697401,-0.02464683248697401,
191,0.1528236968856378,0.04833510328047171,-0.0022724236983789024,-0.00007287277602148801,-0.024654395879316796,-0.024654395879316796,
192,0.1533059267484717,0.04811087014378676,-0.0022731410826318313,-0.00007062293912213802,-0.024661721662217306,-0.024661721662217306,
193,0.15378591394803579,0.04788657059964075,-0.002273835992432915,-0.00006837729465961485,-0.024668809837824837,-0.024668809837824837,
194,0.1542636578310407,0.04766220680514404,-0.0022745084693759007,-0.00006613577760344958,-0.024675660435848276,-0.024675660435848276,
195,0.15521241314207035,0.04721329509331695,-0.0022757862880218066,-0.0000616648955068461,-0.02468864914404946,-0.024682273511576563,
196,0.15568342337136487,0.04698875148924113,-0.0022763917100422477,-0.00005943542895726611,-0.0246947874343679,-0.0246947874343679,
197,0.15568342337136487,0.04698875148924113,-0.0022763917100422477,-0.00005943542895726611,-0.0246947874343679,-0.0246947874343679,
198,0.15661870614239723,0.04653949956298095,-0.0022775357767606456,-0.00005498822755393784,-0.024700688504131832,-0.024700688504131832,
199,0.1570829776147388,0.04631479554926059,-0.0022780744991603603,-0.00005277041881794812,-0.02470635249399708,-0.02470635249399708,
200,0.1575450018012585,0.046090042372124475,-0.002278591065478442,-0.00005055642860648779,-0.024716969884035392,-0.024716969884035392,
201,0.1575450018012585,0.046090042372124475,-0.002278591065478442,-0.00005055642860648779,-0.024716969884035392,-0.024716969884035392,
202,0.15800477822107686,0.04586524218255646,-0.002279085513756707,-0.00004834622923403006,-0.024721923649295707,-0.024721923649295707,
203,0.15846230641481635,0.04564039712995642,-0.002279557881776133,-0.000046139796211683926,-0.02472664106264047,-0.02472664106264047,
204,0.15937061639395744,0.04519058102450218,-0.0022804365270401436,-0.00004173814577624666,-0.02473112234191245,-0.02473112234191245,
205,0.15937061639395744,0.04519058102450218,-0.0022804365270401436,-0.00004173814577624666,-0.024735367717380344,-0.024735367717380344,
206,0.15982139736795795,0.04496561426130442,-0.0022808428788072582,-0.00003954289323018957,-0.024739377430907997,-0.024739377430907997,
207,0.1607162094170548,0.04451557402258552,-0.0022815898257434403,-0.000035163463301685396,-0.024743151735185792,-0.024743151735185792,
208,0.161160239809251,0.04429050482385381,-0.002281930494588834,-0.00003297926414891403,-0.024749995176679696,-0.024749995176679696,
209,0.161160239809251,0.04429050482385381,-0.002281930494588834,-0.00003297926414891403,-0.024749995176679696,-0.024749995176679696,
210,0.16160201936022875,0.04406540575280752,-0.0022822493426407973,-0.00003079873081154635,-0.024753064867282806,-0.024753064867282806,
211,0.1620415477819265,0.04384027894181883,-0.0022825464065205562,-0.000028621856866964443,-0.024755900254241875,-0.024755900254241875,
212,0.16247882480759368,0.04361512652069879,-0.0022828217227928048,-0.00002644863742982731,-0.024758501634741872,-0.024758501634741872,
213,0.16291385019176463,0.043389950616621126,-0.002283075327980467,-0.000024279069030581513,-0.02476086931326077,-0.02476086931326077,
214,0.1637771451600187,0.042939536854677204,-0.002283517551065377,-0.000019950877881664963,-0.024763003601126363,-0.024763003601126363,
215,0.1637771451600187,0.042939536854677204,-0.002283517551065377,-0.000019950877881664963,-0.024764904816105382,-0.024764904816105382,
216,0.16463143114762918,0.04248905461802491,-0.002283873367613578,-0.00001563727992340956,-0.02476800932841855,-0.024766573282024487,
217,0.16505519538539765,0.042263793109698855,-0.0022840189646537172,-0.000013485956827792281,-0.02476800932841855,-0.02476800932841855,
218,0.16547670695431627,0.04203852082236669,-0.0022841430695598615,-0.000011338287962841303,-0.024770185507390588,-0.024769213290206538,
219,0.16589596575712945,0.041813239862967276,-0.002284245718888183,-0.000009194277062993843,-0.024770185507390588,-0.024770185507390588,
220,0.16589596575712945,0.041813239862967276,-0.002284245718888183,-0.000009194277062993843,-0.024770926324777856,-0.024770926324777856,
221,0.16672772478065534,0.04136266034016959,-0.002284386797247791,-0.000004917247657617152,-0.024771436091723664,-0.024771436091723664,
222,0.16672772478065534,0.04136266034016959,-0.002284386797247791,-0.000004917247657617152,-0.02477171516189279,-0.02477171516189279,
223,0.16755047209844298,0.04091207133400629,-0.002284442493122125,-0.0000006549119300812721,-0.024771763893038937,-0.024771763893038937,
224,0.1679584663476789,0.04068677850830098,-0.002284438414568795,0.00000147072977304616,-0.02477158264680107,-0.02477158264680107,
225,0.1679584663476789,0.04068677850830098,-0.002284438414568795,0.00000147072977304616,-0.024771171788513624,-0.024771171788513624,
226,0.1683642076882995,0.0404614895855636,-0.002284413100858689,0.000003592677829201806,-0.02477053168703197,-0.02477053168703197,
227,0.16916893186232712,0.040010931783142877,-0.0022842989159275458,0.000007825461807221726,-0.024768565246548205,-0.02476966271456961,
228,0.16956791485708395,0.039785667062089,-0.002284210118887329,0.00000993628118798668,-0.02476723966145783,-0.02476723966145783,
229,0.16956791485708395,0.039785667062089,-0.002284210118887329,0.00000993628118798668,-0.02476723966145783,-0.02476723966145783,
230,0.16996464526585708,0.039560414561201955,-0.002284100235059134,0.000012043373905357496,-0.024765686340727913,-0.024765686340727913,
231,0.17075134887636279,0.0391099544993927,-0.002283817356359201,0.000016246342795095742,-0.02476390566860763,-0.02476390566860763,
232,0.17075134887636279,0.0391099544993927,-0.002283817356359201,0.000016246342795095742,-0.024761898032054017,-0.024761898032054017,
233,0.17114132240524055,0.0388847510694746,-0.00228364443638035,0.00001834220004114392,-0.024759663820629357,-0.024759663820629357,
234,0.17152904400235489,0.03865956812168107,-0.002283450579404197,0.000020434292819069062,-0.02475720342640525,-0.02475720342640525,
235,0.1722977322822593,0.0382092718955382,-0.0022830002053200026,0.00002460714476006349,-0.024751605669863314,-0.024751605669863314,
236,0.17267869945686837,0.03798416271975684,-0.0022827437638960973,0.00002668788338422998,-0.024751605669863314,-0.024751605669863314,
237,0.17267869945686837,0.03798416271975684,-0.0022827437638960973,0.00002668788338422998,-0.024748469103465037,-0.024748469103465037,
238,0.17305741568327992,0.03775908223119261,-0.002282466536846421,0.00002876481649737189,-0.024745107945957925,-0.024745107945957925,
239,0.17380809650024656,0.037309015480935064,-0.0022818498783895302,0.00003290722356698989,-0.024741522600744317,-0.024741522600744317,
240,0.17380809650024656,0.037309015480935064,-0.0022818498783895302,0.00003290722356698989,-0.024737713473287168,-0.024737713473287168,
241,0.17418006174614273,0.03708403329267711,-0.0022815105235103844,0.00003497267593481907,-0.02473368097105283,-0.02473368097105283,
242,0.17491724370364556,0.03663418144576901,-0.0022807699545860155,0.00003909202366614708,-0.02472942550345711,-0.02472942550345711,
243,0.17491724370364556,0.03663418144576901,-0.0022807699545860155,0.00003909202366614708,-0.024724947481815363,-0.024724947481815363,
244,0.17564543023985485,0.03618449313603042,-0.0022799471642375524,0.00004319588828584469,-0.024715325430873736,-0.024720247319295244,
245,0.17600615128495314,0.03595971535515962,-0.002279505032994923,0.000045241986541144725,-0.024715325430873736,-0.024715325430873736,
246,0.17600615128495314,0.03595971535515962,-0.002279505032994923,0.000045241986541144725,-0.024710182233295505,-0.024710182233295505,
247,0.17636462478703394,0.035734984508099574,-0.002279042462978739,0.000047284180459004595,-0.0247048181450355,-0.0247048181450355,
248,0.17672085122547812,0.03551030260345969,-0.0022785594932835888,0.00004932245876852012,-0.024699233586262775,-0.024699233586262775,
249,0.1774265649292772,0.035061093636770325,-0.0022775325117991483,0.00005338722334765764,-0.02469342897880683,-0.02469342897880683,
250,0.1774265649292772,0.035061093636770325,-0.0022775325117991483,0.00005338722334765764,-0.024687404746126754,-0.024687404746126754,
251,0.1777760532535757,0.034836570572786066,-0.0022769885787641045,0.00005541368696317731,-0.024681161313281158,-0.024681161313281158,
252,0.17846829564402575,0.034387697249745906,-0.0022758400258440893,0.00005945472013057499,-0.024674699106900566,-0.024674699106900566,
253,0.17881105088871507,0.034163350965529776,-0.0022752354853937443,0.00006146926698561865,-0.024661120087762278,-0.024661120087762278,
254,0.17881105088871507,0.034163350965529776,-0.0022752354853937443,0.00006146926698561865,-0.024661120087762278,-0.024661120087762278,
255,0.17948983257218923,0.03371484905952694,-0.0022739660759497735,0.00006548636452435026,-0.02465400413589859,-0.02465400413589859,
256,0.17948983257218923,0.03371484905952694,-0.0022739660759497735,0.00006548636452435026,-0.024646671132242684,-0.024646671132242684,
257,0.18015964687211708,0.03326661453472491,-0.0022726164956867823,0.00006948739166724206,-0.024639121510922624,-0.024639121510922624,
258,0.18015964687211708,0.03326661453472491,-0.0022726164956867823,0.00006948739166724206,-0.024631355707502148,-0.024631355707502148,
259,0.1804911929613136,0.033042602462207464,-0.0022719117421368703,0.00007148185058667166,-0.0246233741589625,-0.0246233741589625,
260,0.18082049929362246,0.03281866313337868,-0.002271187066874406,0.00007347225804321501,-0.02461517730368462,-0.02461517730368462,
261,0.1814723956560391,0.032371010534167736,-0.0022696781135860787,0.00007744087363090849,-0.024606765581432308,-0.024606765581432308,
262,0.1814723956560391,0.032371010534167736,-0.0022696781135860787,0.00007744087363090849,-0.024598139433336705,-0.024598139433336705,
263,0.1817949872192339,0.03214730116746562,-0.0022688939170277104,0.00007941905936398516,-0.024589299301880377,-0.024589299301880377,
264,0.1821153420916349,0.031923672351787356,-0.0022680899616911885,0.00008139314884248536,-0.024580245630883332,-0.024580245630883332,
265,0.1827493450443284,0.03147666413654981,-0.0022664229388456763,0.0000853289945951655,-0.02456149945214979,-0.02456149945214979,
266,0.1827493450443284,0.03147666413654981,-0.0022664229388456763,0.0000853289945951655,-0.02456149945214979,-0.02456149945214979,
267,0.1830629948132106,0.03125328860838133,-0.0022655599536948144,0.00008729072873936585,-0.024551807838617115,-0.024551807838617115,
268,0.1833744112683971,0.031030001373994472,-0.0022646773744813145,0.0000892483223722783,-0.02454190447392613,-0.02454190447392613,
269,0.18399054782717814,0.030583699484506205,-0.002262853599793856,0.00009315104427537978,-0.024531789808385183,-0.024531789808385183,
270,0.18399054782717814,0.030583699484506205,-0.002262853599793856,0.00009315104427537978,-0.024521464293564582,-0.024521464293564582,
271,0.18429526977356572,0.030360688668124563,-0.002261912487556839,0.00009509615073603975,-0.02451092838228503,-0.02451092838228503,
272,0.18489802575102277,0.02991495685801384,-0.002259972022203729,0.00009897380047871261,-0.024489227187822774,-0.024500182528607528,
273,0.18489802575102277,0.02991495685801384,-0.002259972022203729,0.00009897380047871261,-0.024489227187822774,-0.024489227187822774,
274,0.18549187106507703,0.02946962418444269,-0.0022579541821482097,0.00010283462758200298,-0.024466689872182687,-0.024466689872182687,
275,0.18578545475356753,0.029247112273164788,-0.002256916351935325,0.00010475870591865853,-0.024466689872182687,-0.024466689872182687,
276,0.18607681385043492,0.02902470583685293,-0.002255859304653925,0.00010667854662094225,-0.024443320101911394,-0.0244551088139687,
277,0.18607681385043492,0.02902470583685293,-0.002255859304653925,0.00010667854662094225,-0.024443320101911394,-0.024443320101911394,
278,0.18665286254492433,0.028580216937899767,-0.002253687728685097,0.00011050547294343227,-0.024431324197305426,-0.024431324197305426,
279,0.18665286254492433,0.028580216937899767,-0.002253687728685097,0.00011050547294343227,-0.024419121562619155,-0.024419121562619155,
280,0.1872200258881553,0.028136172543105537,-0.002251439794890845,0.00011431532269198497,-0.02440671266148569,-0.02440671266148569,
281,0.1875002783663645,0.027914321721178068,-0.0022502873007188007,0.00011621381786746385,-0.024394097958695342,-0.024394097958695342,
282,0.18777831292017402,0.027692587640518643,-0.0022491158455891108,0.00011810801282224944,-0.024381277920186184,-0.024381277920186184,
283,0.18805413072631091,0.027470972164035382,-0.002247925472549577,0.00011999789730543861,-0.0243550237054588,-0.0243550237054588,
284,0.18805413072631091,0.027470972164035382,-0.002247925472549577,0.00011999789730543861,-0.0243550237054588,-0.0243550237054588,
285,0.1885991208954709,0.027028104453925318,-0.002245488145442817,0.0001237646941170916,-0.024327953767474667,-0.024341590466787216,
286,0.18886829570481617,0.026806855924779584,-0.0022442412779802375,0.0001256415862085107,-0.024314114079082946,-0.024314114079082946,
287,0.18913525865904762,0.026585733408751883,-0.0022429756658160415,0.00012751412735489883,-0.024300071874275596,-0.024314114079082946,
288,0.18913525865904762,0.026585733408751883,-0.0022429756658160415,0.00012751412735489883,-0.024300071874275596,-0.024300071874275596,
289,0.18966255409791646,0.026143873777789792,-0.002240388381696935,0.00013124611693014868,-0.02428582762681067,-0.02428582762681067,
290,0.1899228891763684,0.02592314033294172,-0.0022390667971474427,0.00013310554555365198,-0.02427138181153323,-0.02427138181153323,
291,0.1901810175872492,0.025702540241364598,-0.00223772664270608,0.000134960583621877,-0.024241887382313684,-0.024241887382313684,
292,0.1904369406732124,0.02548207532727404,-0.00223636796232145,0.00013681122136903186,-0.024226839723432883,-0.024241887382313684,
293,0.19069065979513192,0.02526174741053713,-0.0022349908000395256,0.00013865744908443707,-0.02421159240684815,-0.024226839723432883,
294,0.19069065979513192,0.02526174741053713,-0.0022349908000395256,0.00013865744908443707,-0.02421159240684815,-0.02421159240684815,
295,0.19094217633205857,0.02504155830666277,-0.0022335952000030975,0.00014049925711270562,-0.024196145912733502,-0.024196145912733502,
296,0.1911914916811764,0.024821509826792133,-0.00223218120645122,0.00014233663585390307,-0.024180500722307666,-0.024180500722307666,
297,0.19143860725775905,0.02460160377768915,-0.002230748863718656,0.00014416957576369316,-0.02416465731782752,-0.02416465731782752,
298,0.19168352449512577,0.024381841961731054,-0.002229298216235321,0.0001459980673534748,-0.024148616182581163,-0.024148616182581163,
299,0.19192624484459767,0.024162226176899025,-0.002227829308525725,0.00014782210119050583,-0.024132377800881163,-0.024132377800881163,
300,0.1924051007748862,0.02372343987050167,-0.0022248368909954038,0.00015145675815531065,-0.024099311240452698,-0.024115942658057887,
301,0.1924051007748862,0.02372343987050167,-0.0022248368909954038,0.00015145675815531065,-0.024099311240452698,-0.024099311240452698,
302,0.19287518701755457,0.023285259154072556,-0.002221771969194383,0.00015507347231740278,-0.02408248403541162,-0.02408248403541162,
303,0.19287518701755457,0.023285259154072556,-0.002221771969194383,0.00015507347231740278,-0.024065461531278268,-0.024065461531278268,
304,0.19333651582673533,0.022847698252260056,-0.0022186349026669778,0.0001586721702360903,-0.02404824421738784,-0.02404824421738784,
305,0.19356390010081967,0.022629154657572214,-0.0022170394278880827,0.00016046474040063322,-0.02403083258406006,-0.02403083258406006,
306,0.19378909974034217,0.022410771318495993,-0.002215426052417103,0.0001622527793730754,-0.024013227122593135,-0.024013227122593135,
307,0.19378909974034217,0.022410771318495993,-0.002215426052417103,0.0001622527793730754,-0.02399542832525669,-0.02399542832525669,
308,0.1940121163566487,0.022192549993035927,-0.0022137948216046275,0.00016403627822744643,-0.023977436685285784,-0.023977436685285784,
309,0.19423295157864273,0.021974492434710016,-0.002212145780890209,0.00016581522809439752,-0.023959252696874295,-0.023959252696874295,
310,0.19466808444282577,0.021538875611047798,-0.0022087944519551808,0.0001693594456719923,-0.02394087685516847,-0.02394087685516847,
311,0.19466808444282577,0.021538875611047798,-0.0022087944519551808,0.0001693594456719923,-0.02392230965626046,-0.02392230965626046,
312,0.19509451171356265,0.021103934785592974,-0.00220537243088621,0.00017288536228493175,-0.023884603175897932,-0.023903551597182035,
313,0.19509451171356265,0.021103934785592974,-0.00220537243088621,0.00017288536228493175,-0.023884603175897932,-0.023884603175897932,
314,0.19530446500891438,0.02088672220807243,-0.0022036350253294783,0.00017464143615889685,-0.02386546489130026,-0.02386546489130026,
315,0.1955122470495634,0.020669683824092847,-0.002201880084344645,0.0001763929090203676,-0.023846137243200914,-0.023846137243200914,
316,0.19571785958605423,0.020452821355525695,-0.0022001076539781405,0.00017813977239724014,-0.02382662073232643,-0.02382662073232643,
317,0.19612258323467333,0.02001963102933309,-0.0021965105097074057,0.0001816196370929545,-0.023806915860310994,-0.023806915860310994,
318,0.19612258323467333,0.02001963102933309,-0.0021965105097074057,0.0001816196370929545,-0.023787023129690048,-0.023787023129690048,
319,0.1965186503022253,0.01958716491322539,-0.0021928439625670086,0.00018508096360602858,-0.02376694304389467,-0.02376694304389467,
320,0.1967134421763531,0.01937120769009231,-0.002190984778923629,0.00018680465446780647,-0.023746676107244347,-0.023746676107244347,
321,0.1967134421763531,0.01937120769009231,-0.002190984778923629,0.00018680465446780647,-0.023726222824941676,-0.023726222824941676,
322,0.19690607540910593,0.01915543661766616,-0.0021891083839302144,0.00018852368620612064,-0.02370558370306504,-0.02370558370306504,
323,0.19709655187043973,0.018939853385764607,-0.002187214824212239,0.00019023805074682226,-0.02368475924856331,-0.02368475924856331,
324,0.19728487344718548,0.018724459679594116,-0.002185304146475625,0.00019194774007261906,-0.023663749969248943,-0.023663749969248943,
325,0.19765505957833543,0.018294247562169085,-0.0021814316241689897,0.00019535306129456195,-0.023621178971713903,-0.023642556373791958,
326,0.19783692799036146,0.01807943249820104,-0.002179469873407929,0.0001970486774403364,-0.023599618273381202,-0.023621178971713903,
327,0.19801664923295043,0.017864813654521628,-0.0021774911922450148,0.00019873958687044368,-0.023599618273381202,-0.023599618273381202,
328,0.19819422527661512,0.01765039269316462,-0.002175495627779876,0.00020042578185174828,-0.023555949033605812,-0.023577874789999197,
329,0.19819422527661512,0.01765039269316462,-0.002175495627779876,0.00020042578185174828,-0.023555949033605812,-0.023555949033605812,
330,0.19854294973216138,0.01722215104225802,-0.0021714540377260633,0.00020378399781937758,-0.023533841517065397,-0.023533841517065397,
331,0.19871410216786725,0.017008333653458618,-0.0021694081067195636,0.00020545600362335768,-0.02351155275406261,-0.02351155275406261,
332,0.19871410216786725,0.017008333653458618,-0.0021694081067195636,0.00020545600362335768,-0.023489083259095996,-0.023489083259095996,
333,0.19888311745220394,0.01679472074846713,-0.002167345481574053,0.00020712326461381266,-0.023466433547471917,-0.023466433547471917,
334,0.19904999763820258,0.016581313965955417,-0.0021652662097686706,0.0002087857733414339,-0.023443604135298383,-0.023443604135298383,
335,0.1992147447952576,0.016368114939900855,-0.002163170338856756,0.0002104435224136248,-0.023420595539478894,-0.023420595539478894,
336,0.19937736100907966,0.01615512529957913,-0.00216105791646528,0.0002120965044944807,-0.02339740827770609,-0.02339740827770609,
337,0.19969620903116647,0.015729780669685445,-0.0021567836081162967,0.00021538813862189159,-0.02335049983098042,-0.02335049983098042,
338,0.19985244509201006,0.015517428915092071,-0.0021546218177757974,0.00021702677627989393,-0.023326779685303584,-0.023326779685303584,
339,0.20000655871468387,0.015305293016174643,-0.0021524436671886216,0.00021866061816940642,-0.023326779685303584,-0.023326779685303584,
340,0.20000655871468387,0.015305293016174643,-0.0021524436671886216,0.00021866061816940642,-0.023302882952213333,-0.023302882952213333,
341,0.20030842732789414,0.014881675203266526,-0.002148038477291033,0.0002219138864883468,-0.023278810153255752,-0.023278810153255752,
342,0.20045618669965135,0.014670196486358702,-0.002145811534164042,0.00022353329898180876,-0.023230138447680095,-0.02325456181072985,
343,0.20060183239558524,0.014458940019278931,-0.002143568423156087,0.0002251478878347943,-0.023230138447680095,-0.023230138447680095,
344,0.20074536664612702,0.014247907388671509,-0.002141309192531361,0.0002267576462205405,-0.02320554058789148,-0.02320554058789148,
345,0.20088679169755053,0.014037100176409816,-0.002139033890622033,0.00022836256736871895,-0.0231807687558825,-0.0231807687558825,
346,0.20102610981192437,0.013826519959589702,-0.0021367425658276843,0.00022996264456540577,-0.023155823476899397,-0.023155823476899397,
347,0.20116332326706424,0.013616168310522928,-0.0021344352666147455,0.00023155787115305393,-0.023130705276910177,-0.023130705276910177,
348,0.20116332326706424,0.013616168310522928,-0.0021344352666147455,0.00023155787115305393,-0.023105414682598267,-0.023105414682598267,
349,0.201298434356485,0.013406046796730662,-0.002132112041515932,0.00023314824053046138,-0.023079952221356247,-0.023079952221356247,
350,0.20143144538935273,0.013196156980937035,-0.0021297729391296805,0.00023473374615273632,-0.023054318421280123,-0.023054318421280123,
351,0.2016911766000614,0.012777078670218737,-0.002125047297213845,0.0002378901402336903,-0.023002538920488733,-0.023002538920488733,
352,0.2016911766000614,0.012777078670218737,-0.002125047297213845,0.0002378901402336903,-0.023002538920488733,-0.023002538920488733,
353,0.2018179014740583,0.012567893276699887,-0.0021226608552046794,0.00023946101588385237,-0.022976394279426455,-0.022976394279426455,
354,0.2019425356837177,0.012358945783978816,-0.00212025873094779,0.00024102700216177848,-0.022950080418823918,-0.022950080418823918,
355,0.20218554167219,0.011941770650672158,-0.0021154076314276273,0.00024414428160170453,-0.022896947165746893,-0.022896947165746893,
356,0.20218554167219,0.011941770650672158,-0.0021154076314276273,0.00024414428160170453,-0.022896947165746893,-0.022896947165746893,
357,0.2023039182704431,0.011733546072865197,-0.0021129587541880612,0.00024569556240432996,-0.02287012883830722,-0.02287012883830722,
358,0.20242021384314243,0.01152556552140121,-0.002110494390747064,0.0002472419291158949,-0.022843143421384948,-0.022843143421384948,
359,0.20264657171848605,0.011110342569722991,-0.0021055194019794633,0.00025031989616332523,-0.02278867345633705,-0.02278867345633705,
360,0.2027566389623059,0.0109031031934672,-0.0021030088751619147,0.00025185148458779127,-0.02276118997843368,-0.02276118997843368,
361,0.2028646350628258,0.010696113891459634,-0.002100483059159927,0.0002533781350983229,-0.02276118997843368,-0.02276118997843368,
362,0.2028646350628258,0.010696113891459634,-0.002100483059159927,0.0002533781350983229,-0.02273354155147975,-0.02273354155147975,
363,0.20307442388190414,0.010282891504512455,-0.0020953857572674046,0.00025641659916933305,-0.02267775199777282,-0.022705728712158955,
364,0.20317622166181692,0.010076661404525166,-0.00209281437035338,0.00025792840126515455,-0.02267775199777282,-0.02267775199777282,
365,0.20327595842104074,0.009870687348679569,-0.002090227892206823,0.0002594352425176475,-0.022621309096065922,-0.022621309096065922,
366,0.20327595842104074,0.009870687348679569,-0.002090227892206823,0.0002594352425176475,-0.022621309096065922,-0.022621309096065922,
367,0.2034692591635687,0.009459513285477004,-0.0020850098607912483,0.0002624340201761064,-0.022592843986384583,-0.022592843986384583,
368,0.2034692591635687,0.009459513285477004,-0.0020850098607912483,0.0002624340201761064,-0.022564217156904934,-0.022564217156904934,
369,0.20365434682926697,0.009049381097963351,-0.002079732060724068,0.00026541288806776285,-0.022506480500339217,-0.022535429147928658,
370,0.20365434682926697,0.009049381097963351,-0.002079732060724068,0.00026541288806776285,-0.022506480500339217,-0.022506480500339217,
371,0.20383124237278966,0.008640302490567905,-0.0020743948905812045,0.00026837180300452143,-0.022477371755596137,-0.022477371755596137,
372,0.20391662471090086,0.008436161915506968,-0.002071704166520579,0.00026984376486123655,-0.022448103455728625,-0.022448103455728625,
373,0.20399996698209164,0.008232289088922328,-0.0020689987497933527,0.0002713107226857426,-0.022418676143329968,-0.022418676143329968,
374,0.20408127187105077,0.008028685451678766,-0.0020662786904590107,0.0002727726713288911,-0.022359346654095152,-0.022359346654095152,
375,0.20408127187105077,0.008028685451678766,-0.0020662786904590107,0.0002727726713288911,-0.022359346654095152,-0.022359346654095152,
376,0.20423778031289944,0.007622291483942714,-0.002060794844462414,0.00027568152075090405,-0.022329445565210774,-0.022329445565210774,
377,0.20431298930688818,0.007419504010433665,-0.0020580311581729627,0.00027712841150771795,-0.022269173422845644,-0.022269173422845644,
378,0.20431298930688818,0.007419504010433665,-0.0020580311581729627,0.00027712841150771795,-0.022269173422845644,-0.022269173422845644,
379,0.20438617180074464,0.0072169914402228225,-0.0020552530300209,0.00027857027303897756,-0.022238803460538192,-0.022238803460538192,
380,0.20445733055058193,0.0070147551893995725,-0.0020524605103162327,0.00028000710047150056,-0.02220827829913683,-0.02220827829913683,
381,0.20452646832664925,0.006812796669083777,-0.002049653649417417,0.00028143888898715403,-0.02217759848553018,-0.02217759848553018,
382,0.20465869210885249,0.006409718439578289,-0.002043997105710119,0.0002842873302702874,-0.02211577709179948,-0.022146764567116825,
383,0.20472178372571928,0.0062086015277387635,-0.0020411475238558525,0.0002857039736763192,-0.02211577709179948,-0.02211577709179948,
384,0.20472178372571928,0.0062086015277387635,-0.0020411475238558525,0.0002857039736763192,-0.022084636607979102,-0.022084636607979102,
385,0.2047828655901782,0.006007767941097921,-0.00203828380271477,0.00028711555944248795,-0.02205334366454861,-0.02205334366454861,
386,0.20489901143644013,0.005606956283227376,-0.0020325141449871755,0.00028992353993553924,-0.0219903025968554,-0.022021898810887494,
387,0.20495408114006972,0.00540698096940874,-0.0020296083097205144,0.00029131992573941,-0.0219903025968554,-0.0219903025968554,
388,0.20495408114006972,0.00540698096940874,-0.0020296083097205144,0.00029131992573941,-0.021958555572786337,-0.021958555572786337,
389,0.20500715253484447,0.005207294495602245,-0.0020266885378056473,0.00029271123605728843,-0.021926658289482946,-0.021926658289482946,
390,0.20510731199238935,0.004808793527770213,-0.002020807387153501,0.0002954786129900012,-0.021862415150690335,-0.021894611298210354,
391,0.20510731199238935,0.004808793527770213,-0.002020807387153501,0.0002954786129900012,-0.021862415150690335,-0.021862415150690335,
392,0.20519951313426182,0.004411464249055705,-0.002014871099701588,0.0002982256367886958,-0.021797577596043376,-0.0218300703990955,
393,0.20519951313426182,0.004411464249055705,-0.002014871099701588,0.0002982256367886958,-0.021797577596043376,-0.021797577596043376,
394,0.20528377950223203,0.004015317448427967,-0.0020088800827908573,0.00030095227437945373,-0.02176493729459032,-0.02176493729459032,
395,0.20528377950223203,0.004015317448427967,-0.0020088800827908573,0.00030095227437945373,-0.021732150048225818,-0.021732150048225818,
396,0.20532294456163314,0.003817690826945719,-0.002005864178261429,0.00030230793824901383,-0.02169921641086664,-0.02169921641086664,
397,0.2053601348530448,0.003620363834372589,-0.0020028347444149557,0.0003036584935576938,-0.021666136936850815,-0.021666136936850815,
398,0.20539535337938566,0.0034233377966731873,-0.0019997918323497775,0.0003050039364154683,-0.021632912180931906,-0.021632912180931906,
399,0.205459887214651,0.0030301938645219224,-0.0019936657781492516,0.0003076794694887138,-0.021599542698273032,-0.021599542698273032,
400,0.205459887214651,0.0030301938645219224,-0.0019936657781492516,0.0003076794694887138,-0.021566029044441055,-0.021566029044441055,
401,0.20548920859538283,0.002834078596756081,-0.0019905827384015446,0.0003090095521944782,-0.02153237177540079,-0.02153237177540079,
402,0.20551657035455753,0.0026382695372287298,-0.0019874864252093357,0.000310334507429811,-0.02149857144750906,-0.02149857144750906,
403,0.20556542729555952,0.0022475752406240054,-0.001981254183671584,0.00031296902106292535,-0.02146462861750901,-0.02146462861750901,
404,0.20558692865345232,0.0020526925897510614,-0.0019781183580054045,0.00031427857238209406,-0.021430543842524054,-0.021430543842524054,
405,0.2056064827418177,0.001858121319518609,-0.001974969464252375,0.0003155829820734878,-0.021361950687960294,-0.021361950687960294,
406,0.2056064827418177,0.001858121319518609,-0.001974969464252375,0.0003155829820734878,-0.021361950687960294,-0.021361950687960294,
407,0.20562409268086385,0.0016638627103507011,-0.001971807553839037,0.0003168822467320518,-0.02132744342447817,-0.02132744342447817,
408,0.20563976160357786,0.001469918037594138,-0.00196863267822571,0.0003181763630063271,-0.021292796448192538,-0.021292796448192538,
409,0.20565349265567487,0.0012762885715152255,-0.001965444888905956,0.00031946532759838717,-0.021258010318041667,-0.021258010318041667,
410,0.20566528899554729,0.001082975577296582,-0.0019622442374060446,0.00032074913726378086,-0.0212230855933093,-0.0212230855933093,
411,0.20567515379421383,0.000889980315034,-0.0019590307752844188,0.0003220277888114705,-0.021188022833619,-0.021188022833619,
412,0.20568309023526882,0.0006973040397333606,-0.001955804554131161,0.00032330127910377206,-0.02115282259892835,-0.02115282259892835,
413,0.20568910151483114,0.0005049480013075987,-0.0019525656255674595,0.00032456960505629443,-0.02111748544952291,-0.02111748544952291,
414,0.2056931908414933,0.0003129134445737249,-0.0019493140412450767,0.00032583276363787415,-0.021082011946010972,-0.021082011946010972,
415,0.20569536143627049,0.0001212016092498939,-0.0019460498528458172,0.0003270907518705173,-0.021046402649317442,-0.021046402649317442,
416,0.20569561653254959,-0.0000701862700474706,-0.0019427731120809954,0.000328343566829336,-0.021010658120678066,-0.021010658120678066,
417,0.2056939593760381,-0.00026124896380649897,-0.001939483870690906,0.00032959120564248417,-0.020974778921633935,-0.020974778921633935,
418,0.2056849213487703,-0.0006423939022014225,-0.0019328680931378222,0.0003320709436092205,-0.020938765614025415,-0.020938765614025415,
419,0.20567754703057256,-0.0008324737133610364,-0.0019295416605955493,0.000333303037283759,-0.02086633892194023,-0.02086633892194023,
420,0.20567754703057256,-0.0008324737133610364,-0.0019295416605955493,0.000333303037283759,-0.02086633892194023,-0.02086633892194023,
421,0.2056682735645991,-0.0010222234720350348,-0.0019262029346683945,0.00033452994385439977,-0.020829926662590308,-0.020829926662590308,
422,0.20564404242751616,-0.0014007280212523364,-0.0019194888101942721,0.00033696818530629195,-0.02075670713217531,-0.02075670713217531,
423,0.20562909140548566,-0.0015894804192621815,-0.0019161135154787182,0.00033817951513027153,-0.02075670713217531,-0.02075670713217531,
424,0.20562909140548566,-0.0015894804192621815,-0.0019161135154787182,0.00033817951513027153,-0.02071990098787945,-0.02071990098787945,
425,0.20559353516655673,-0.0019659795191864842,-0.0019093267208556291,0.00034058658072516444,-0.020645898759988443,-0.020682964675806978,
426,0.20559353516655673,-0.0019659795191864842,-0.0019093267208556291,0.00034058658072516444,-0.020645898759988443,-0.020645898759988443,
427,0.205572936670052,-0.0021537238593260727,-0.0019059153249264792,0.00034178231175376283,-0.02060870380470238,-0.02060870380470238,
428,0.20552611581220506,-0.002528196254010901,-0.0018990567959536048,0.0003441581588100199,-0.02057138037446989,-0.02057138037446989,
429,0.20552611581220506,-0.002528196254010901,-0.0018990567959536048,0.0003441581588100199,-0.020533929034048926,-0.020533929034048926,
430,0.2054999002416479,-0.002714921977580877,-0.0018956097670258078,0.00034533827040911637,-0.020496350348428456,-0.020496350348428456,
431,0.2054418758813322,-0.0030873466882743402,-0.0018886804407402351,0.0003476828590688576,-0.02042081320266755,-0.02042081320266755,
432,0.2054418758813322,-0.0030873466882743402,-0.0018886804407402351,0.0003476828590688576,-0.02042081320266755,-0.02042081320266755,
433,0.20541007395182548,-0.0032730433752604033,-0.0018851982476265363,0.00034884733201346864,-0.020382855873610314,-0.020382855873610314,
434,0.2053764167820371,-0.0034583947584874756,-0.0018817044373953902,0.00035000658804378997,-0.02034477346150888,-0.02034477346150888,
435,0.20534090783069042,-0.003643399700749319,-0.0018781990622187216,0.0003511606252315592,-0.020306566532423645,-0.020306566532423645,
436,0.20530355056785504,-0.0038280570699880524,-0.001874682174287476,0.00035230944170029014,-0.020268235652612404,-0.020268235652612404,
437,0.20526434847489541,-0.0040123657392959425,-0.0018711538258111035,0.0003534530356252017,-0.020229781388524843,-0.020229781388524843,
438,0.20522330504441932,-0.0041963245869171455,-0.0018676140690170406,0.0003545914052331483,-0.020191204306796863,-0.020191204306796863,
439,0.20518042378022633,-0.004379932496249397,-0.001864062956150196,0.0003557245488025486,-0.020152504974245016,-0.020152504974245016,
440,0.20513570819725624,-0.004563188355845652,-0.0018605005394724341,0.0003568524646633141,-0.020113683957860888,-0.020113683957860888,
441,0.20508916182153758,-0.0047460910594156695,-0.0018569268712620608,0.0003579751511967765,-0.020074741824805526,-0.020074741824805526,
442,0.20499059085110244,-0.005110832599109241,-0.001849745989435831,0.00036020483006378716,-0.020035679142404107,-0.020035679142404107,
443,0.20499059085110244,-0.005110832599109241,-0.001849745989435831,0.00036020483006378716,-0.019996496478140023,-0.019996496478140023,
444,0.20488473929696238,-0.005474148368201493,-0.0018425207292072823,0.0003624135734798986,-0.019957194399649617,-0.019957194399649617,
445,0.20482909223242116,-0.005655268877879762,-0.0018388915880479767,0.0003635100908914737,-0.01987823427126609,-0.01991777347471651,
446,0.20477163576127547,-0.005836029702165865,-0.0018352515093424497,0.0003646013703395049,-0.01987823427126609,-0.01987823427126609,
447,0.20471237348572968,-0.006016429770907438,-0.0018316005454697536,0.0003656874105632293,-0.01983857735736012,-0.01983857735736012,
448,0.20471237348572968,-0.006016429770907438,-0.0018316005454697536,0.0003656874105632293,-0.01979880330119102,-0.01979880330119102,
449,0.20465130901866388,-0.006196468019119812,-0.0018279387488212926,0.0003667682103527172,-0.019758912671076514,-0.019758912671076514,
450,0.2045884459835821,-0.006376143386987149,-0.0018242661718003148,0.0003678437685487975,-0.019718906035454002,-0.019718906035454002,
451,0.2044573387561967,-0.006734401268273986,-0.0018168888863099794,0.0003699791557773904,-0.019678783962875347,-0.019678783962875347,
452,0.2043891018635559,-0.006912981687915488,-0.0018131842827017774,0.00037103898274467445,-0.019598195781594857,-0.019598195781594857,
453,0.2043891018635559,-0.006912981687915488,-0.0018131842827017774,0.00037103898274467445,-0.019598195781594857,-0.019598195781594857,
454,0.20431908100212137,-0.007091195039657882,-0.0018094691084423594,0.00037209356398794087,-0.019557730810518703,-0.019557730810518703,
455,0.2041737020865786,-0.00744651640879436,-0.0018020072577981914,0.0003741869857266652,-0.0194764619522598,-0.01951715267772664,
456,0.2040983514150566,-0.007623622373800232,-0.001798260686349128,0.00037522582455992167,-0.0194764619522598,-0.0194764619522598,
457,0.2040983514150566,-0.007623622373800232,-0.001798260686349128,0.00037522582455992167,-0.019435659203240797,-0.019435659203240797,
458,0.20394234617763102,-0.007976719772536466,-0.0017907365135955739,0.0003772877543749343,-0.01935371991141209,-0.01935371991141209,
459,0.20386169905541945,-0.008152709184937311,-0.0017869590172721172,0.0003783108439951348,-0.01935371991141209,-0.01935371991141209,
460,0.20377929391012936,-0.008328324400436637,-0.0017831713176490753,0.0003793286825993324,-0.019312584507206524,-0.019312584507206524,
461,0.20377929391012936,-0.008328324400436637,-0.0017831713176490753,0.0003793286825993324,-0.019271339356646315,-0.019271339356646315,
462,0.2036092245480941,-0.008678428255032134,-0.0017755655185336938,0.0003813486045853174,-0.019188522094307072,-0.019229985029180434,
463,0.2036092245480941,-0.008678428255032134,-0.0017755655185336938,0.0003813486045853174,-0.019188522094307072,-0.019188522094307072,
464,0.20343216818628848,-0.00902702341671909,-0.0017679195363584721,0.0003833475164811381,-0.01910527268054361,-0.01910527268054361,
465,0.20343216818628848,-0.00902702341671909,-0.0017679195363584721,0.0003833475164811381,-0.01910527268054361,-0.01910527268054361,
466,0.20334102932821432,-0.009200752785507343,-0.001764081607926822,0.00038433909265860646,-0.01906348734084689,-0.01906348734084689,
467,0.203248155077039,-0.009374102048771765,-0.0017602337913015412,0.00038532541522853905,-0.01902159567211868,-0.01902159567211868,
468,0.2030572156285778,-0.009719656397352805,-0.0017525087035942769,0.00038728229856018235,-0.018979598244022178,-0.018979598244022178,
469,0.20295915807193782,-0.009891859564933906,-0.001748631537579747,0.0003882528589521812,-0.018895288388455996,-0.018895288388455996,
470,0.20295915807193782,-0.009891859564933906,-0.001748631537579747,0.0003882528589521812,-0.018895288388455996,-0.018895288388455996,
471,0.2027578864670581,-0.010235113131197628,-0.001740848223908442,0.00039017821663267266,-0.018810562331696732,-0.018852977100376134,
472,0.20265468011653,-0.010406161643232282,-0.0017369421813257918,0.0003911330138458463,-0.01876804465211265,-0.018810562331696732,
473,0.20265468011653,-0.010406161643232282,-0.0017369421813257918,0.0003911330138458463,-0.01876804465211265,-0.01876804465211265,
474,0.20254976521475443,-0.010576823392072289,-0.0017330266182946986,0.00039208255667224615,-0.018725424631309048,-0.018725424631309048,
475,0.20244314563401486,-0.010747097447346756,-0.0017291015873517,0.0003930268451963186,-0.018682702838956292,-0.018682702838956292,
476,0.20222480797111492,-0.011086478781620484,-0.001721223331870214,0.0003948996599186444,-0.018639879844704593,-0.018639879844704593,
477,0.20211309767970329,-0.01125558422578234,-0.0017172702123974186,0.00039582818652891697,-0.018596956218178855,-0.018596956218178855,
478,0.2019996982907216,-0.011424298306703325,-0.0017133078351431318,0.0003967514596607318,-0.018553932528973284,-0.018553932528973284,
479,0.20188461372232425,-0.011592620119915376,-0.0017093362526335967,0.00039766947964115564,-0.018510809346646222,-0.018510809346646222,
480,0.20176784790168445,-0.011760548766130051,-0.0017053555173915445,0.00039858224684552663,-0.01842426678065047,-0.018467587240715,
481,0.20164940476494242,-0.011928083351238109,-0.0017013656819357132,0.00039948976169736664,-0.01842426678065047,-0.01842426678065047,
482,0.20164940476494242,-0.011928083351238109,-0.0017013656819357132,0.00039948976169736664,-0.018380848535872064,-0.018380848535872064,
483,0.20152928825715358,-0.012095222986309035,-0.0016973667987803653,0.00040039202466829747,-0.018337333075742365,-0.018337333075742365,
484,0.20128405095292234,-0.012428313876507892,-0.0016893420994029118,0.00040218079709389694,-0.018293720969562166,-0.018293720969562166,
485,0.20128405095292234,-0.012428313876507892,-0.0016893420994029118,0.00040218079709389694,-0.01825001278656491,-0.01825001278656491,
486,0.2011589380907007,-0.012594263379663507,-0.0016853163881826356,0.0004030673077315296,-0.01820620909591201,-0.01820620909591201,
487,0.20103216772577026,-0.012759814428836084,-0.0016812818392655448,0.00040394856885400855,-0.018162310466687117,-0.018162310466687117,
488,0.20077367045180644,-0.013089717718224527,-0.0016731864382723604,0.000405695345444372,-0.018118317467891464,-0.018118317467891464,
489,0.20064195154624456,-0.013254068247873042,-0.0016691256911431495,0.0004065608624765515,-0.018074230668438423,-0.018074230668438423,
490,0.20064195154624456,-0.013254068247873042,-0.0016691256911431495,0.0004065608624765515,-0.018030050637148423,-0.018030050637148423,
491,0.20050859114481337,-0.013418016902402167,-0.0016650563162099394,0.00040742113312198976,-0.01798577794274391,-0.01798577794274391,
492,0.2003735932704755,-0.013581562839460878,-0.001660978365925198,0.0004082761582812983,-0.01794141315384406,-0.01794141315384406,
493,0.20009870123686677,-0.013907443217619048,-0.0016527969490643154,0.00040997047598001165,-0.017852409566488942,-0.01789695683895985,
494,0.20009870123686677,-0.013907443217619048,-0.0016527969490643154,0.00040997047598001165,-0.017852409566488942,-0.017852409566488942,
495,0.19995881516530262,-0.014069775999869525,-0.0016486935873450189,0.0004108097705564151,-0.017807771904710386,-0.017807771904710386,
496,0.19967418319381827,-0.014393222642354694,-0.0016404618193916296,0.0004124726366081363,-0.017718227685723925,-0.017718227685723925,
497,0.19952944543090512,-0.014554334874746779,-0.001636333517949054,0.0004132962104019346,-0.017718227685723925,-0.017718227685723925,
498,0.19938309858806302,-0.014715038637952253,-0.0016321970080371176,0.0004141145463312203,-0.017673322264436245,-0.017673322264436245,
499,0.19938309858806302,-0.014715038637952253,-0.0016321970080371176,0.0004141145463312203,-0.017628328725671175,-0.017628328725671175,
500,0.19923514675398862,-0.014875333130961127,-0.0016280523420212005,0.0004149276456719099,-0.017583247637039483,-0.017583247637039483,
501,0.19908559402536277,-0.015035217557925624,-0.0016238995722536933,0.00041573550974642734,-0.017538079566003114,-0.017538079566003114,
502,0.19893444450679906,-0.015194691128158822,-0.0016197387510735318,0.00041653813992361283,-0.017492825079870145,-0.017492825079870145,
503,0.19878170231079212,-0.01535375305613325,-0.001615569930805734,0.00041733553761863067,-0.017447484745789835,-0.017447484745789835,
504,0.1984714563755229,-0.015670638868984444,-0.0016072085022349335,0.0004189146414538937,-0.017402059130747636,-0.017402059130747636,
505,0.1984714563755229,-0.015670638868984444,-0.0016072085022349335,0.0004189146414538937,-0.01735654880156013,-0.01735654880156013,
506,0.1981548892751738,-0.01598586881539231,-0.0015988157048455094,0.00042047283349653353,-0.017265276267141277,-0.017265276267141277,
507,0.1979942456515975,-0.016142860929637737,-0.0015946076734953195,0.0004212440916231064,-0.017265276267141277,-0.017265276267141277,
508,0.1979942456515975,-0.016142860929637737,-0.0015946076734953195,0.0004212440916231064,-0.017219515194654172,-0.017219515194654172,
509,0.1976682590510813,-0.016455595667196066,-0.0015861686066426445,0.000422770940542547,-0.01712774626957725,-0.01717367167350018,
510,0.1976682590510813,-0.016455595667196066,-0.0015861686066426445,0.000422770940542547,-0.01712774626957725,-0.01712774626957725,
511,0.1975029244140473,-0.016611336796746774,-0.001581937675551937,0.0004235265348547054,-0.017081739548584586,-0.017081739548584586,
512,0.19716759337189965,-0.01692156288157437,-0.0015734532789365371,0.00042502207232343386,-0.017035652076017975,-0.017035652076017975,
513,0.19699760535104177,-0.017076046373952145,-0.0015691999177139646,0.00042576201927194786,-0.016989484417164885,-0.016989484417164885,
514,0.1968260745986378,-0.017230109199606276,-0.0015649391840508418,0.0004264967542999305,-0.016896910800677165,-0.016896910800677165,
515,0.1968260745986378,-0.017230109199606276,-0.0015649391840508418,0.0004264967542999305,-0.016896910800677165,-0.016896910800677165,
516,0.19665300532494767,-0.01738375063993392,-0.0015606711300494792,0.0004272262794163219,-0.01685050597253125,-0.01685050597253125,
517,0.1963022680904991,-0.01768976651587165,-0.0015521132693392659,0.0004286697081750754,-0.016804023217066387,-0.016804023217066387,
518,0.1963022680904991,-0.01768976651587165,-0.0015521132693392659,0.0004286697081750754,-0.016757463098454585,-0.016757463098454585,
519,0.19612460858585698,-0.017842139539943052,-0.001547823566731679,0.00042938361606001494,-0.016710826180630294,-0.016710826180630294,
520,0.19594542747205868,-0.01799408835560632,-0.0015435267519874833,0.0004300923225183279,-0.016664113027285418,-0.016664113027285418,
521,0.19576472899465272,-0.018145612269912757,-0.001539222877102943,0.00043079582978307855,-0.01661732420186439,-0.01661732420186439,
522,0.1955825174060915,-0.01829671059503792,-0.0015349119940517722,0.00043149414013186584,-0.016570460267559685,-0.016570460267559685,
523,0.19539879696568002,-0.01844738264827931,-0.00153059415478469,0.0004321872558867293,-0.01652352178730683,-0.01652352178730683,
524,0.1950268466004823,-0.01874744523389647,-0.0015219378152880286,0.0004335579131244616,-0.016429423439384826,-0.01647650932377947,
525,0.1950268466004823,-0.01874744523389647,-0.0015219378152880286,0.0004335579131244616,-0.016429423439384826,-0.016429423439384826,
526,0.19483862522810852,-0.018896834426455726,-0.0015175994188409215,0.00043423545947273427,-0.016382264696258822,-0.016382264696258822,
527,0.19464891210860708,-0.01904579466749328,-0.0015132542737419643,0.00043490782095769706,-0.016335033656261252,-0.016335033656261252,
528,0.1942650278059692,-0.01934242567159569,-0.0015045439448792743,0.0004362369995526648,-0.01624035693168179,-0.01624035693168179,
529,0.1942650278059692,-0.01934242567159569,-0.0015045439448792743,0.0004362369995526648,-0.01624035693168179,-0.01624035693168179,
530,0.19407086522802003,-0.019490095135722283,-0.0015001788646963818,0.00043689382187969304,-0.016192912369396496,-0.016192912369396496,
531,0.19387522811321573,-0.019637333050445415,-0.0014958072430224447,0.0004375454697772616,-0.01614539775482323,-0.01614539775482323,
532,0.19347954755409255,-0.01993051168991604,-0.00148704458206967,0.0004388332531978987,-0.0160978136483704,-0.0160978136483704,
533,0.19347954755409255,-0.01993051168991604,-0.00148704458206967,0.0004388332531978987,-0.016050160610141972,-0.016050160610141972,
534,0.19307802075381242,-0.02022195655742635,-0.0014782563754809175,0.0004401003720763346,-0.016002439199932716,-0.016002439199932716,
535,0.1928750758609612,-0.020367027276290337,-0.0014738528216560454,0.00044072618945837765,-0.01595464997722367,-0.01595464997722367,
536,0.1928750758609612,-0.020367027276290337,-0.0014738528216560454,0.00044072618945837765,-0.01590679350117736,-0.01590679350117736,
537,0.19246484483916776,-0.0206558622279299,-0.0014650270708580135,0.0004419623547775436,-0.015810881024102788,-0.015810881024102788,
538,0.19246484483916776,-0.0206558622279299,-0.0014650270708580135,0.0004419623547775436,-0.015810881024102788,-0.015810881024102788,
539,0.19225756742818914,-0.02079962525342818,-0.001460604976961028,0.000442572708711258,-0.015762826139765422,-0.015762826139765422,
540,0.19204885457247486,-0.02094295118232311,-0.001456176806065786,0.00044317791423012016,-0.01571470623546327,-0.01571470623546327,
541,0.19183871064594543,-0.021085839423665233,-0.001451742609634144,0.0004437779744392726,-0.015666521868696846,-0.015666521868696846,
542,0.19162714002840545,-0.021228289391575218,-0.0014473024390966986,0.00044437289248641415,-0.015618273596620554,-0.015618273596620554,
543,0.19141414710549298,-0.0213703005052407,-0.001442856345852361,0.0004449626715617002,-0.01556996197603773,-0.01556996197603773,
544,0.1909839119149663,-0.021653003871904327,-0.0014339465966776866,0.0004461268257689881,-0.015521587563396534,-0.015521587563396534,
545,0.19076667844733983,-0.021793694988583637,-0.001429483043382936,0.0004467012074926602,-0.015424652585926575,-0.015473150914784982,
546,0.19054804027421515,-0.021933944978374167,-0.0014250137726516232,0.0004472704634276113,-0.015376093132175743,-0.015424652585926575,
547,0.19054804027421515,-0.021933944978374167,-0.0014250137726516232,0.0004472704634276113,-0.015376093132175743,-0.015376093132175743,
548,0.19032800180963852,-0.022073753285749658,-0.0014205388357178947,0.0004478345969747433,-0.01532747310851331,-0.01532747310851331,
549,0.1898837416899139,-0.022352042656382937,-0.001411572168008289,0.0004489475107182659,-0.01527879306954183,-0.01527879306954183,
550,0.18965952889030668,-0.022490522633810295,-0.0014070805395279657,0.0004494962979252586,-0.01518125516216462,-0.015230053569481344,
551,0.18943393351022825,-0.022628558757154752,-0.0014025834494355014,0.00045003997676543026,-0.015132398401032816,-0.015132398401032816,
552,0.18943393351022825,-0.022628558757154752,-0.0014025834494355014,0.00045003997676543026,-0.015132398401032816,-0.015132398401032816,
553,0.18920695999087073,-0.022766150496091122,-0.0013980809487898057,0.0004505785508478619,-0.01508348383913096,-0.01508348383913096,
554,0.1889786127787044,-0.022903297325323778,-0.0013935730886134956,0.0004511120238229599,-0.015034512029103428,-0.015034512029103428,
555,0.18874889632542735,-0.023039998724583004,-0.0013890599198924825,0.00045164039938235174,-0.014985483523189527,-0.014985483523189527,
556,0.18851781508791524,-0.023176254178621312,-0.0013845414935755608,0.00045216368125878154,-0.014936398873219056,-0.014936398873219056,
557,0.1880515761132752,-0.023447425215133967,-0.001375489071761123,0.00045319497909868925,-0.014887258630607955,-0.014887258630607955,
558,0.1880515761132752,-0.023447425215133967,-0.001375489071761123,0.00045319497909868925,-0.014838063346353722,-0.014838063346353722,
559,0.18757993161143457,-0.02371680641318372,-0.0013664162300026227,0.00045420594802300597,-0.014788813571031033,-0.014788813571031033,
560,0.18757993161143457,-0.02371680641318372,-0.0013664162300026227,0.00045420594802300597,-0.014739509854787454,-0.014739509854787454,
561,0.1873420934835855,-0.023850824587919893,-0.0013618722786102998,0.0004547038189075635,-0.014690152747338994,-0.014690152747338994,
562,0.186862407908421,-0.024117513662841792,-0.001352769568386639,0.0004556843534076041,-0.01459128055550716,-0.01459128055550716,
563,0.186862407908421,-0.024117513662841792,-0.001352769568386639,0.0004556843534076041,-0.01459128055550716,-0.01459128055550716,
564,0.18637740654257132,-0.024382403195325305,-0.0013436474525589455,0.0004566446385343403,-0.014541766568358594,-0.014541766568358594,
565,0.18637740654257132,-0.024382403195325305,-0.0013436474525589455,0.0004566446385343403,-0.014492201384465962,-0.014492201384465962,
566,0.18613292369409254,-0.024514171960715588,-0.0013390792440086785,0.00045711719785290495,-0.014442585551321961,-0.014442585551321961,
567,0.18564001621859788,-0.02477635518849987,-0.0013299287782031022,0.0004580471708907966,-0.014392919615961668,-0.014392919615961668,
568,0.18564001621859788,-0.02477635518849987,-0.0013299287782031022,0.0004580471708907966,-0.014343204124958181,-0.014343204124958181,
569,0.1851418831616562,-0.025036729668584945,-0.001320759917056309,0.0004589569781146267,-0.014293439624418279,-0.014293439624418279,
570,0.18489086835316224,-0.02516623751797522,-0.0013161687141691363,0.0004594043303142529,-0.014243626659978248,-0.014243626659978248,
571,0.18489086835316224,-0.02516623751797522,-0.0013161687141691363,0.0004594043303142529,-0.014193765776799497,-0.014193765776799497,
572,0.18438496484065747,-0.02542389225831696,-0.0013069730152658323,0.00046028395377021826,-0.014143857519564415,-0.014143857519564415,
573,0.1841300852154172,-0.025552038293272395,-0.001302368619717043,0.00046071623389695347,-0.014093902432471953,-0.014093902432471953,
574,0.1841300852154172,-0.025552038293272395,-0.001302368619717043,0.00046071623389695347,-0.014043901059233678,-0.014043901059233678,
575,0.18361649295569038,-0.025806965589853497,-0.0012931469872585998,0.0004615657534173293,-0.013993853943069137,-0.013993853943069137,
576,0.18361649295569038,-0.025806965589853497,-0.0012931469872585998,0.0004615657534173293,-0.013943761626701988,-0.013943761626701988,
577,0.18309782037049013,-0.02606007044241011,-0.0012839085669019098,0.00046239524904050273,-0.013843443561749207,-0.013893624652355704,
578,0.18283659035371705,-0.026185938440826395,-0.0012792831863081672,0.0004628024994411402,-0.013793218896093001,-0.013793218896093001,
579,0.18283659035371705,-0.026185938440826395,-0.0012792831863081672,0.0004628024994411402,-0.013793218896093001,-0.013793218896093001,
580,0.18257410394105789,-0.026311349624462393,-0.0012746537587027026,0.00046320475780532434,-0.013742951196084728,-0.013742951196084728,
581,0.1823103657026152,-0.02643630360231154,-0.0012700203339756897,0.0004636020288592775,-0.013692641001905086,-0.013692641001905086,
582,0.18177915204816777,-0.026684838401180678,-0.0012607416924800936,0.0004643816281329649,-0.013642288853213898,-0.013642288853213898,
583,0.18177915204816777,-0.026684838401180678,-0.0012607416924800936,0.0004643816281329649,-0.013591895289145513,-0.013591895289145513,
584,0.18124298602802164,-0.02693153980754524,-0.001251447659986933,0.000465141335836794,-0.013490986068764942,-0.013490986068764942,
585,0.1809730573464744,-0.02705420206313165,-0.001246794996330743,0.00046551374257096525,-0.013490986068764942,-0.013490986068764942,
586,0.18070190433963756,-0.027176404869886574,-0.001242138633884287,0.00046588119115352977,-0.013440471488058763,-0.013440471488058763,
587,0.18070190433963756,-0.027176404869886574,-0.001242138633884287,0.00046588119115352977,-0.013389917643179441,-0.013389917643179441,
588,0.18015594373872437,-0.02741943071490002,-0.0012328150107706315,0.0004666012338705903,-0.013339325070573949,-0.013339325070573949,
589,0.17988114534777092,-0.027540253054348807,-0.0012281478490528237,0.000466953838102278,-0.013238025885219974,-0.013288694306139624,
590,0.17960514103767622,-0.027660614547336603,-0.0012234771864427841,0.000467301504376522,-0.013238025885219974,-0.013238025885219974,
591,0.17960514103767622,-0.027660614547336603,-0.0012234771864427841,0.000467301504376522,-0.013187320342600638,-0.013187320342600638,
592,0.1790495331040131,-0.027899953649842366,-0.0012141255558839182,0.0004679820436574627,-0.013085800028592581,-0.01313657821250553,
593,0.1790495331040131,-0.027899953649842366,-0.0012141255558839182,0.0004679820436574627,-0.013085800028592581,-0.013085800028592581,
594,0.17848915685882452,-0.028137445382795348,-0.001204760513251648,0.0004686428932935926,-0.013034986323950004,-0.013034986323950004,
595,0.17848915685882452,-0.028137445382795348,-0.001204760513251648,0.0004686428932935926,-0.012984137631092074,-0.012984137631092074,
596,0.1779240492752166,-0.02837308718414024,-0.001195382451866185,0.00046928409545557865,-0.012933254481955363,-0.012933254481955363,
597,0.1779240492752166,-0.02837308718414024,-0.001195382451866185,0.00046928409545557865,-0.012882337407894497,-0.012882337407894497,
598,0.1773542473767624,-0.028606876569220698,-0.001185991764198565,0.0004699056929010066,-0.012831386939678488,-0.012831386939678488,
599,0.1773542473767624,-0.028606876569220698,-0.001185991764198565,0.0004699056929010066,-0.012780403607486661,-0.012780403607486661,
600,0.17706759764275343,-0.028723075850328655,-0.0011812918079210676,0.0004702091533763619,-0.012729387940904752,-0.012729387940904752,
601,0.17677978823595553,-0.028838811130609373,-0.0011765888418589481,0.00047050772897080283,-0.012678340468920933,-0.012678340468920933,
602,0.17649082379782108,-0.0289540821211732,-0.0011718829148270563,0.0004708014251925039,-0.012627261719922005,-0.012627261719922005,
603,0.17590944840762865,-0.029183230101611824,-0.0011624623728367243,0.00047137420173032184,-0.01252501250139549,-0.01257615222168941,
604,0.17590944840762865,-0.029183230101611824,-0.0011624623728367243,0.00047137420173032184,-0.01252501250139549,-0.01252501250139549,
605,0.175323508660229,-0.02941051757653098,-0.0011530305713573184,0.00047192752777338323,-0.012473843085599366,-0.012473843085599366,
606,0.17502883878578918,-0.0295234629531524,-0.0011483105697528495,0.00047219691101040766,-0.012371417270649436,-0.01242264450024351,
607,0.17502883878578918,-0.0295234629531524,-0.0011483105697528495,0.00047219691101040766,-0.012371417270649436,-0.012371417270649436,
608,0.17443612232499384,-0.029747955684002958,-0.0011388626072037914,0.00047272114652804437,-0.01226887897690615,-0.01226887897690615,
609,0.17413808506216813,-0.029859502532257002,-0.001134134743042572,0.00047297601035962544,-0.012217568960262,-0.01226887897690615,
610,0.17413808506216813,-0.029859502532257002,-0.001134134743042572,0.00047297601035962544,-0.012217568960262,-0.012217568960262,
611,0.1735386757991735,-0.030081195965194284,-0.0011246714904699646,0.0004734712593091964,-0.012114869801426884,-0.012114869801426884,
612,0.17323731313728527,-0.030191342072445653,-0.0011199361984923044,0.00047371165618844606,-0.012063481702913638,-0.012114869801426884,
613,0.17323731313728527,-0.030191342072445653,-0.0011199361984923044,0.00047371165618844606,-0.012063481702913638,-0.012063481702913638,
614,0.17293485135125472,-0.0303010207965059,-0.0011151985269112125,0.00047394724256952746,-0.012012068619712032,-0.012012068619712032,
615,0.17263129511604774,-0.03041023191051274,-0.0011104585237955134,0.0004741780244199223,-0.011960631072040907,-0.011960631072040907,
616,0.17202091800914593,-0.03062725042456525,-0.0011009717149360464,0.00047462519857114624,-0.011909169579464106,-0.011909169579464106,
617,0.17171410649841873,-0.030735057394516634,-0.001096225005029351,0.00047484160297915954,-0.011806176834553463,-0.011806176834553463,
618,0.17171410649841873,-0.030735057394516634,-0.001096225005029351,0.00047484160297915954,-0.011806176834553463,-0.011806176834553463,
619,0.17140621926035607,-0.030842395894214027,-0.0010914761552615069,0.00047505322707062697,-0.011754646618040272,-0.011754646618040272,
620,0.17109726098067657,-0.030949265720389387,-0.0010867252133987038,0.0004752600769845639,-0.011703094528255374,-0.011703094528255374,
621,0.17078723634710796,-0.03105566667447537,-0.0010819722271455804,0.0004754621588939471,-0.01165152108143349,-0.01165152108143349,
622,0.17016400677897867,-0.03126706119557659,-0.0010724603119771322,0.0004758520435600893,-0.01154831217822859,-0.011599926793132168,
623,0.16985081122949694,-0.03137205438890538,-0.0010677014781602793,0.0004760398588315805,-0.011496677750915715,-0.011496677750915715,
624,0.16985081122949694,-0.03137205438890538,-0.0010677014781602793,0.0004760398588315805,-0.011496677750915715,-0.011496677750915715,
625,0.1692212820761292,-0.03158063174198253,-0.0010581782953362421,0.0004764012667896731,-0.011393351512391472,-0.011445024024698741,
626,0.1692212820761292,-0.03158063174198253,-0.0010581782953362421,0.0004764012667896731,-0.011393351512391472,-0.011393351512391472,
627,0.16858760017261873,-0.03178732923922102,-0.001048648074552366,0.0004767437537412445,-0.011341660726112576,-0.011341660726112576,
628,0.16826921369176479,-0.031889972630215695,-0.001043880443046088,0.0004769079178789149,-0.011238226376618879,-0.01128995217728232,
629,0.16826921369176479,-0.031889972630215695,-0.001043880443046088,0.0004769079178789149,-0.011238226376618879,-0.011238226376618879,
630,0.16762937319033244,-0.032093847914246444,-0.0010343403734822953,0.0004772221198451778,-0.011134725059132336,-0.011186483834134467,
631,0.16762937319033244,-0.032093847914246444,-0.0010343403734822953,0.0004772221198451778,-0.011134725059132336,-0.011134725059132336,
632,0.16730792858174207,-0.032195079508108765,-0.0010295680295008915,0.0004773721707189831,-0.011082950560202795,-0.011082950560202795,
633,0.16666201418972443,-0.032396129886290294,-0.0010200189578382592,0.00047765820510546386,-0.011031160845219892,-0.011031160845219892,
634,0.16666201418972443,-0.032396129886290294,-0.0010200189578382592,0.00047765820510546386,-0.010979356421337974,-0.010979356421337974,
635,0.1663375538268442,-0.03249594839916631,-0.001015242323838906,0.00047779420185845543,-0.010927537794988007,-0.010927537794988007,
636,0.16601209763529698,-0.032595295621283715,-0.0010104643534048006,0.00047792552719861335,-0.010875705471874261,-0.010875705471874261,
637,0.16535821662153424,-0.03279257570098897,-0.0010009045898631288,0.00047817419047508237,-0.010772001754517507,-0.010823859956970647,
638,0.16535821662153424,-0.03279257570098897,-0.0010009045898631288,0.00047817419047508237,-0.010772001754517507,-0.010772001754517507,
639,0.165029801229987,-0.0328905083239236,-0.000996122889902746,0.0004782915419085844,-0.01072013136801804,-0.01072013136801804,
640,0.1647004088710177,-0.0329879691867798,-0.0009913400398013413,0.0004784042489234026,-0.010668249300234814,-0.010668249300234814,
641,0.16437004426275623,-0.03308495818367443,-0.0009865560859628605,0.00047851231834747154,-0.010616356053186449,-0.010616356053186449,
642,0.16403871212436852,-0.033181475213289596,-0.0009817710747228217,0.00047861575704025047,-0.010564452128144275,-0.010564452128144275,
643,0.16337316413878453,-0.03337309298819533,-0.0009721980650361155,0.0004788087698266998,-0.010512538025628654,-0.010512538025628654,
644,0.16337316413878453,-0.03337309298819533,-0.0009721980650361155,0.0004788087698266998,-0.010460614245405994,-0.010460614245405994,
645,0.1630389577346899,-0.03346819355361495,-0.0009674101589155184,0.00047889835779585827,-0.010408681286485047,-0.010408681286485047,
646,0.16270380268658147,-0.033562821791999466,-0.0009626213800448805,0.0004789833427844689,-0.010356739647113741,-0.010356739647113741,
647,0.16236770371812229,-0.033656977624754565,-0.0009578317744128842,0.00047906373180785537,-0.010304789824775853,-0.010304789824775853,
648,0.1620306655537387,-0.03375066097780991,-0.0009530413879379136,0.0004791395319121626,-0.010252832316187482,-0.010252832316187482,
649,0.16169269291857524,-0.033843871781612175,-0.0009482502664677472,0.00047921075017423685,-0.010200867617294038,-0.010200867617294038,
650,0.16101396313980643,-0.03402887548578701,-0.0009386660015780749,0.0004793394696318808,-0.010148896223266646,-0.010148896223266646,
651,0.16067321544967478,-0.03412066826957462,-0.000933872949498346,0.00047939698513359486,-0.010096918628498958,-0.010096918628498958,
652,0.16067321544967478,-0.03412066826957462,-0.000933872949498346,0.00047939698513359486,-0.010044935326604082,-0.010044935326604082,
653,0.1599889781057038,-0.03430283544276424,-0.0009242852338803193,0.00047949836367507803,-0.009940953571961411,-0.009992946810410977,
654,0.1596454979084318,-0.03439320974249242,-0.0009194906612499505,0.00047954224120202126,-0.009940953571961411,-0.009940953571961411,
655,0.1596454979084318,-0.03439320974249242,-0.0009194906612499505,0.00047954224120202126,-0.009888956102506688,-0.009888956102506688,
656,0.15895583810782754,-0.034572539577546364,-0.000909900313071333,0.0004796164092104933,-0.009836954892504399,-0.009836954892504399,
657,0.15895583810782754,-0.034572539577546364,-0.000909900313071333,0.0004796164092104933,-0.009784950431615286,-0.009784950431615286,
658,0.158262610629141,-0.03474997752450492,-0.0009003086624486558,0.0004796725100946088,-0.009680933711815373,-0.009732943208699843,
659,0.15791467083527852,-0.03483798698078458,-0.0008955124614871517,0.0004796938038268075,-0.009680933711815373,-0.009680933711815373,
660,0.15791467083527852,-0.03483798698078458,-0.0008955124614871517,0.0004796938038268075,-0.009628922428212686,-0.009628922428212686,
661,0.15756585331202516,-0.03492552340291434,-0.0008907160700862044,0.0004797106029907555,-0.009576909844332931,-0.009576909844332931,
662,0.15721616278977954,-0.035012586779412824,-0.0008859195331482665,0.00047972291505167953,-0.00952489644580451,-0.00952489644580451,
663,0.15686560399903302,-0.03509917710321478,-0.000881122895501003,0.0004797307475038519,-0.009472882717439873,-0.009472882717439873,
664,0.15651418167032555,-0.03518529437166366,-0.0008763262018970013,0.00047973410787047134,-0.009420869143232494,-0.009420869143232494,
665,0.1561619005342017,-0.03527093858650416,-0.0008715294970134826,0.00047973300370354505,-0.009368856206353623,-0.009368856206353623,
666,0.1558087653211666,-0.03535610975387475,-0.0008667328254520146,0.00047972744258376835,-0.009316844389149287,-0.009316844389149287,
667,0.15545478076164207,-0.035440807884300166,-0.0008619362317382255,0.00047971743212040603,-0.009264834173137212,-0.009264834173137212,
668,0.15509995158592277,-0.03552503299268386,-0.0008571397603215181,0.00047970297995117347,-0.009212826039003655,-0.009212826039003655,
669,0.15474428252413247,-0.035608785098300455,-0.0008523434555747869,0.00047968409374211647,-0.009160820466600536,-0.009160820466600536,
670,0.1543877783061804,-0.03569206422478815,-0.0008475473617941345,0.00047966078118749373,-0.00910881793494217,-0.00910881793494217,
671,0.15403044366171756,-0.03577487040014109,-0.0008427515231985911,0.00047963305000965596,-0.00905681892220242,-0.00905681892220242,
672,0.1533133020103121,-0.035939064031153135,-0.0008331607880519058,0.00047956436281348567,-0.009004823905711501,-0.009004823905711501,
673,0.1533133020103121,-0.035939064031153135,-0.0008331607880519058,0.00047956436281348567,-0.008952833361953155,-0.008952833361953155,
674,0.1525928954003094,-0.03610136630211758,-0.0008235716023348913,0.00047947809448972375,-0.008900847766561512,-0.008900847766561512,
675,0.1525928954003094,-0.03610136630211758,-0.0008235716023348913,0.00047947809448972375,-0.008848867594318244,-0.008848867594318244,
676,0.15223147955598093,-0.03618180829363049,-0.0008187777002332367,0.0004794283870059512,-0.008796893319149415,-0.008796893319149415,
677,0.15186926165519485,-0.036261777593018414,-0.0008139843169967268,0.00047937430781632063,-0.008744925414122778,-0.008744925414122778,
678,0.15114243859016424,-0.036420298352794034,-0.0008043992817268133,0.00047925306600923016,-0.008692964351444593,-0.008692964351444593,
679,0.15114243859016424,-0.036420298352794034,-0.0008043992817268133,0.00047925306600923016,-0.008641010602456825,-0.008641010602456825,
680,0.1504124640107473,-0.03657692909908692,-0.0007948168449460532,0.00047911443271857787,-0.00858906463763423,-0.00858906463763423,
681,0.1504124640107473,-0.03657692909908692,-0.0007948168449460532,0.00047911443271857787,-0.008537126926581387,-0.008537126926581387,
682,0.15004630671439126,-0.03665453589766489,-0.0007900267095216535,0.0004790386142753552,-0.008485197938029834,-0.008485197938029834,
683,0.14967937571143605,-0.03673167041799158,-0.0007852373537982057,0.0004789584720248245,-0.008433278139835312,-0.008433278139835312,
684,0.1489432114743184,-0.03688452296380085,-0.0007756611541413208,0.0004787852484349274,-0.008329467981543229,-0.008329467981543229,
685,0.1489432114743184,-0.03688452296380085,-0.0007756611541413208,0.0004787852484349274,-0.008329467981543229,-0.008329467981543229,
686,0.14820400906771664,-0.03703548745875047,-0.0007660885905392474,0.0004785948268785002,-0.008225700176923992,-0.00827757855275181,
687,0.14820400906771664,-0.03703548745875047,-0.0007660885905392474,0.0004785948268785002,-0.008225700176923992,-0.008225700176923992,
688,0.14783328034936197,-0.037110261931366496,-0.0007613037795790131,0.00047849318726796603,-0.00817383331749326,-0.00817383331749326,
689,0.14708959147068945,-0.037258395852210795,-0.000751737313264625,0.000478277091419869,-0.008070135997089764,-0.008070135997089764,
690,0.14708959147068945,-0.037258395852210795,-0.000751737313264625,0.000478277091419869,-0.008070135997089764,-0.008070135997089764,
691,0.14634295877422596,-0.037404643823344116,-0.0007421753386975203,0.0004780439617531644,-0.0080183064585084,-0.0080183064585084,
692,0.14596855027929895,-0.03747706087453302,-0.000737396142111238,0.00047792102996527513,-0.007966490281101427,-0.007966490281101427,
693,0.14596855027929895,-0.03747706087453302,-0.000737396142111238,0.00047792102996527513,-0.007914687923810157,-0.007914687923810157,
694,0.14559341996946734,-0.037549006802767376,-0.0007326181958460949,0.0004777938646464746,-0.0078628998446693,-0.0078628998446693,
695,0.14484101274608133,-0.03769148581525481,-0.0007230662233472888,0.0004775268668837615,-0.007811126500804108,-0.007811126500804108,
696,0.14446374524967434,-0.03776201917233286,-0.0007182922814381051,0.00047738705123627045,-0.00775936834842772,-0.00775936834842772,
697,0.14446374524967434,-0.03776201917233286,-0.0007182922814381051,0.00047738705123627045,-0.0077076258428385724,-0.0077076258428385724,
698,0.14370710601982162,-0.03790167430128403,-0.000708748696480098,0.0004770948285866446,-0.0076041895886253125,-0.007655899438417504,
699,0.14370710601982162,-0.03790167430128403,-0.000708748696480098,0.0004770948285866446,-0.0076041895886253125,-0.0076041895886253125,
700,0.1429476925000294,-0.03803944831562977,-0.0006992111225891915,0.00047678587398896206,-0.007552496745999948,-0.007552496745999948,
701,0.1429476925000294,-0.03803944831562977,-0.0006992111225891915,0.00047678587398896206,-0.007500821362153881,-0.007500821362153881,
702,0.14218554230010602,-0.038175342471759084,-0.0006896798936792081,0.0004764602556155092,-0.00744916388777167,-0.00744916388777167,
703,0.14218554230010602,-0.038175342471759084,-0.0006896798936792081,0.0004764602556155092,-0.007397524772606939,-0.007397524772606939,
704,0.14180345269114583,-0.038242585013551274,-0.0006849167625665134,0.0004762912189229025,-0.00734590446548028,-0.00734590446548028,
705,0.14103726793265628,-0.03837566188144897,-0.0006753956742235768,0.00047594073355648536,-0.00729430341427631,-0.00729430341427631,
706,0.14103726793265628,-0.03837566188144897,-0.0006753956742235768,0.00047594073355648536,-0.007242722065941162,-0.007242722065941162,
707,0.14026844040289094,-0.03850686231838441,-0.0006658817596479691,0.00047557375653398863,-0.007139620260954396,-0.007191160866479987,
708,0.14026844040289094,-0.03850686231838441,-0.0006658817596479691,0.00047557375653398863,-0.007139620260954396,-0.007139620260954396,
709,0.13988304732302836,-0.038571759336682526,-0.0006611275954195192,0.0004753841053599522,-0.007088100693479954,-0.007088100693479954,
710,0.13949700761570097,-0.03863618780905683,-0.0006563753479348797,0.00047519035736873975,-0.007036602607223469,-0.007036602607223469,
711,0.13911032596538936,-0.03870014793118875,-0.0006516250581131041,0.00047499252130799653,-0.006985126444400705,-0.006985126444400705,
712,0.13872300705459717,-0.038763639902780894,-0.0006468767667856651,0.0004747906059485303,-0.006933672646273828,-0.006933672646273828,
713,0.138335055563811,-0.038826663927548404,-0.0006421305146962237,0.0004745846200841908,-0.00688224165314881,-0.00688224165314881,
714,0.1375572735538772,-0.03895130897148047,-0.0006326442907655412,0.00047416047213077274,-0.006779449838333229,-0.006830833904373154,
715,0.13716745238525696,-0.03901293041805951,-0.0006279043999705016,0.00047394232774351444,-0.006728089892451966,-0.006728089892451966,
716,0.13716745238525696,-0.03901293041805951,-0.0006279043999705016,0.00047394232774351444,-0.006728089892451966,-0.006728089892451966,
717,0.1363859730807615,-0.039134772258824946,-0.0006184312626714418,0.0004734939425718176,-0.006625444106025058,-0.006625444106025058,
718,0.1363859730807615,-0.039134772258824946,-0.0006184312626714418,0.0004734939425718176,-0.006625444106025058,-0.006625444106025058,
719,0.13560207560728288,-0.03925474754050359,-0.000608967252655522,0.00047302948836364605,-0.006574159135486021,-0.006574159135486021,
720,0.13560207560728288,-0.03925474754050359,-0.000608967252655522,0.00047302948836364605,-0.006522900025114034,-0.006522900025114034,
721,0.13520923171882443,-0.03931403580304103,-0.0006042387706291779,0.00047279125776402835,-0.006471667207478396,-0.006471667207478396,
722,0.134421776941128,-0.03943121476867208,-0.0005947890522553027,0.00047230283455254395,-0.006369282175801599,-0.0064204611141705364,
723,0.134421776941128,-0.03943121476867208,-0.0005947890522553027,0.00047230283455254395,-0.006369282175801599,-0.006369282175801599,
724,0.13402717536568814,-0.039489105962397984,-0.0005900678955237086,0.00047205265999763054,-0.006318130822000237,-0.006318130822000237,
725,0.13363199720425825,-0.03954653196366945,-0.0005853492600222966,0.00047179852221730537,-0.006267007481410153,-0.006267007481410153,
726,0.13323624710748722,-0.03960349302756488,-0.0005806331853327049,0.0004715404302939639,-0.006215912581687855,-0.006215912581687855,
727,0.13283992972345374,-0.03965998941305141,-0.0005759197109456524,0.0004712783933313515,-0.00616484654950035,-0.00616484654950035,
728,0.1324430496976274,-0.039716021382975954,-0.0005712088762607269,0.00047101242045444295,-0.006113809810522855,-0.006113809810522855,
729,0.13164762028919696,-0.039826693146871324,-0.0005617952831386798,0.000470468703563059,-0.006062802789436522,-0.006062802789436522,
730,0.13164762028919696,-0.039826693146871324,-0.0005617952831386798,0.000470468703563059,-0.006011825909926091,-0.006011825909926091,
731,0.13084999599230113,-0.039935510499278,-0.000552392719332619,0.0004699093530396048,-0.005909964265377071,-0.005909964265377071,
732,0.13084999599230113,-0.039935510499278,-0.000552392719332619,0.0004699093530396048,-0.005909964265377071,-0.005909964265377071,
733,0.13005021387282925,-0.04004247568171957,-0.0005430014967370729,0.0004693344426358102,-0.005808228246342431,-0.005859080342706241,
734,0.12964952520032538,-0.04009526442642328,-0.0005383102354562869,0.00046904117561601377,-0.005757408394955338,-0.005808228246342431,
735,0.12924831095122785,-0.040147590996924526,-0.0005336219257684443,0.0004687440464314779,-0.005706621206204965,-0.005757408394955338,
736,0.12924831095122785,-0.040147590996924526,-0.0005336219257684443,0.0004687440464314779,-0.005706621206204965,-0.005706621206204965,
737,0.12884657574579167,-0.04019945569057958,-0.0005289366062435683,0.0004684430643928052,-0.0056558670967395835,-0.0056558670967395835,
738,0.12844432420127933,-0.04025085880853334,-0.0005242543153584882,0.00046813823883062026,-0.0056051464821935265,-0.0056051464821935265,
739,0.12763829054888678,-0.04035228154080427,-0.0005148989729478671,0.0004675170945575982,-0.005554459777184953,-0.005554459777184953,
740,0.12763829054888678,-0.04035228154080427,-0.0005148989729478671,0.0004675170945575982,-0.0055038073953138505,-0.0055038073953138505,
741,0.12723451766022895,-0.040402301776271236,-0.000510225997908225,0.0004672007946070329,-0.00545318974915987,-0.00545318974915987,
742,0.12642548278252777,-0.04050096156689361,-0.0005008896306704329,0.00046655678612519903,-0.005352060309207415,-0.005402607250280189,
743,0.12642548278252777,-0.04050096156689361,-0.0005008896306704329,0.00046655678612519903,-0.005352060309207415,-0.005352060309207415,
744,0.12602022999373472,-0.04054960176568054,-0.0004962263143936898,0.00046622909647107535,-0.005301549335447631,-0.005301549335447631,
745,0.12520827669252968,-0.04064550440722607,-0.00048690960561907436,0.00046556239367328997,-0.005251074737478156,-0.005251074737478156,
746,0.12480158536072397,-0.040692767515930005,-0.00048225628847464405,0.00046522339952147646,-0.005200636922745583,-0.005200636922745583,
747,0.12439442368960044,-0.04073957226671708,-0.00047760637956932665,0.00046488065622705537,-0.0050998732676118125,-0.005150236297663799,
748,0.12398679626102699,-0.04078591900179406,-0.00047295991634191127,0.00046453417333293075,-0.0050998732676118125,-0.0050998732676118125,
749,0.12398679626102699,-0.04078591900179406,-0.00047295991634191127,0.00046453417333293075,-0.005049548236931864,-0.005049548236931864,
750,0.12317016244176301,-0.04087723981201879,-0.000463677476198211,0.0004638300270099438,-0.004949013785861003,-0.0049992616089273995,
751,0.12276116519745928,-0.04092221458992566,-0.00045904157368121813,0.00046347238275928497,-0.004949013785861003,-0.004949013785861003,
752,0.12235172048840605,-0.04096673275762176,-0.00045440926564034476,0.0004631110372650884,-0.004898805168952525,-0.004898805168952525,
753,0.12235172048840605,-0.04096673275762176,-0.00045440926564034476,0.0004631110372650884,-0.004848636158377079,-0.004848636158377079,
754,0.12153150692962564,-0.04105440070799292,-0.00044515558072814583,0.000462377281102364,-0.00474841855169042,-0.00474841855169042,
755,0.12153150692962564,-0.04105440070799292,-0.00044515558072814583,0.000462377281102364,-0.00474841855169042,-0.00474841855169042,
756,0.12112074719759172,-0.041097551222537235,-0.00044053427748617837,0.0004620048897567914,-0.004698370750688324,-0.004698370750688324,
757,0.12070955823612246,-0.04114024659059018,-0.00043591671597868964,0.0004616288358133512,-0.0046483641462336245,-0.0046483641462336245,
758,0.12029794459480778,-0.041182487187107,-0.00043130293277832094,0.00046124912897779443,-0.0045983991332488455,-0.0045983991332488455,
759,0.11988591081947007,-0.04122427339063393,-0.0004266929643605814,0.00046086577897336555,-0.004548476105600233,-0.004548476105600233,
760,0.11906060103096265,-0.041306484150800404,-0.00041748461728832075,0.0004600881884376147,-0.004498595456096002,-0.004498595456096002,
761,0.11906060103096265,-0.041306484150800404,-0.00041748461728832075,0.0004600881884376147,-0.004448757576484358,-0.004448757576484358,
762,0.11864733409027794,-0.04134690948240088,-0.00041288631109759403,0.0004596939674391677,-0.004398962857451741,-0.004398962857451741,
763,0.118233665160469,-0.04138688197091401,-0.00040829196461674274,0.0004592961423373583,-0.004349211688620971,-0.004349211688620971,
764,0.11740513943529268,-0.041465470007638484,-0.00039911529463553625,0.0004584897190760702,-0.00429950445854943,-0.00429950445854943,
765,0.11699029168084407,-0.04150408635915301,-0.0003945330428150486,0.0004580811405846147,-0.004249841554727227,-0.004249841554727227,
766,0.11699029168084407,-0.04150408635915301,-0.0003945330428150486,0.0004580811405846147,-0.004200223363575492,-0.004200223363575492,
767,0.1165750600190383,-0.041542251474167104,-0.0003899548940638385,0.00045766899732560426,-0.0041506502704444365,-0.0041506502704444365,
768,0.11574346301048405,-0.041617229639911706,-0.00038081104804490654,0.0004568340560223616,-0.004101122659611781,-0.004101122659611781,
769,0.1153271066719606,-0.04165404352197674,-0.0003762454216677968,0.0004564112777774696,-0.00405164091428091,-0.00405164091428091,
770,0.11491038444246038,-0.041690407830190825,-0.00037168404014086535,0.00045598497436346365,-0.004002205416579113,-0.004002205416579113,
771,0.11449330081559995,-0.041726322988902845,-0.00036712693866147684,0.00045555515572009373,-0.003952816547555846,-0.003952816547555846,
772,0.11407586028073512,-0.04176178942591668,-0.00036257415232753237,0.00045512183180292673,-0.00390347468718108,-0.00390347468718108,
773,0.11365806732292638,-0.04179680757248135,-0.000358025716137312,0.00045468501258322746,-0.0038541802143435833,-0.0038541802143435833,
774,0.11365806732292638,-0.04179680757248135,-0.000358025716137312,0.00045468501258322746,-0.003804933506849212,-0.003804933506849212,
775,0.11282144205703672,-0.041865500736426045,-0.00034894203368212147,0.00045380092819906397,-0.003755734941419231,-0.003755734941419231,
776,0.11282144205703672,-0.041865500736426045,-0.00034894203368212147,0.00045380092819906397,-0.0037065848936886636,-0.0037065848936886636,
777,0.1119834608112051,-0.04193240599925766,-0.0003398761692838127,0.00045290298264714284,-0.003657483738204681,-0.003657483738204681,
778,0.1119834608112051,-0.04193240599925766,-0.0003398761692838127,0.00045290298264714284,-0.003608431848424895,-0.003608431848424895,
779,0.11114415930778991,-0.041997526933987464,-0.00033082839932647295,0.0004519912562505389,-0.003559429596715763,-0.003559429596715763,
780,0.11114415930778991,-0.041997526933987464,-0.00033082839932647295,0.0004519912562505389,-0.003510477354350991,-0.003510477354350991,
781,0.11030357319714724,-0.042060867167799894,-0.0003217989985855377,0.00045106582957205185,-0.0034615754915099523,-0.0034615754915099523,
782,0.10988280953489775,-0.042091870670091895,-0.0003172912720975076,0.00045059800386759084,-0.0034127243772760357,-0.0034127243772760357,
783,0.10988280953489775,-0.042091870670091895,-0.0003172912720975076,0.00045059800386759084,-0.003363924379635133,-0.003363924379635133,
784,0.1090403631976694,-0.04215254677121937,-0.00030828993685450896,0.0004496521783365667,-0.003266479200579084,-0.003315175865474085,
785,0.10861868938911666,-0.04218222031036556,-0.00030379639578290304,0.0004491741987964323,-0.003266479200579084,-0.003266479200579084,
786,0.10861868938911666,-0.04218222031036556,-0.00030379639578290304,0.0004491741987964323,-0.003217834749634177,-0.003217834749634177,
787,0.10819672105701982,-0.042211451474307125,-0.0002993076506976277,0.00044869285495450063,-0.0031692428762197383,-0.0031692428762197383,
788,0.10777446262273851,-0.04224024074148428,-0.000294823735186392,0.0004482081569893058,-0.0031207039428109706,-0.0031207039428109706,
789,0.1069290931090238,-0.04229649551577546,-0.0002858705267275304,0.00044722873947271996,-0.0030237863403763526,-0.003072218310776406,
790,0.10650599084817375,-0.04232396199620894,-0.00028140130044556217,0.00044673404034749803,-0.0030237863403763526,-0.0030237863403763526,
791,0.10650599084817375,-0.04232396199620894,-0.00028140130044556217,0.00044673404034749803,-0.0029754083907616302,-0.0029754083907616302,
792,0.10608261612224043,-0.04235098852649675,-0.00027693703706867565,0.0004462360279511157,-0.002927084819971823,-0.002927084819971823,
793,0.10565897332825101,-0.042377575601457614,-0.00027247776967399877,0.0004457347125304984,-0.0028788159849340994,-0.0028788159849340994,
794,0.10523506685826824,-0.042403723719155656,-0.00026802353123613716,0.0004452301043458962,-0.002830602241461616,-0.002830602241461616,
795,0.10481090109935805,-0.042429433380890266,-0.00026357435462704136,0.000444722213670765,-0.0027824439442521443,-0.0027824439442521443,
796,0.10396180923784137,-0.042479539357782176,-0.0002546913178688866,0.0004436966260080603,-0.0027343414468867094,-0.0027343414468867094,
797,0.10396180923784137,-0.042479539357782176,-0.0002546913178688866,0.0004436966260080603,-0.0026862951018281622,-0.0026862951018281622,
798,0.10353689188409246,-0.042503936691623216,-0.00025025752294927653,0.00044317894963236793,-0.0026383052604197904,-0.0026383052604197904,
799,0.1031117327390672,-0.042527897606847935,-0.00024582892031707273,0.00044265803198967297,-0.002590372272883945,-0.002590372272883945,
800,0.10268633616436491,-0.04255142262077962,-0.0002414055423290024,0.00044213388341769446,-0.0025424964883207224,-0.0025424964883207224,
801,0.10226070651639588,-0.042574512253915765,-0.00023698742123836664,0.0004416065142666514,-0.002494678254706617,-0.002494678254706617,
802,0.10183484814634955,-0.042597167029917844,-0.000232574589194916,0.0004410759348991456,-0.002446917918893149,-0.002446917918893149,
803,0.1009824626184894,-0.04264117412092422,-0.0002237649203300817,0.0004400051870263609,-0.002351572322441625,-0.002351572322441625,
804,0.1009824626184894,-0.04264117412092422,-0.0002237649203300817,0.0004400051870263609,-0.002351572322441625,-0.002351572322441625,
805,0.10012921428468642,-0.04268344814598116,-0.00021497679085684122,0.0004389217229433484,-0.0023039877498701455,-0.0023039877498701455,
806,0.10012921428468642,-0.04268344814598116,-0.00021497679085684122,0.0004389217229433484,-0.0022564624512298737,-0.0022564624512298737,
807,0.09927513776329885,-0.04272399340723873,-0.000206210454232964,0.00043782562598473896,-0.002208996767728108,-0.002208996767728108,
808,0.09884779972686167,-0.04274361910944671,-0.0002018355369890027,0.0004372728662703594,-0.0021615910394395116,-0.0021615910394395116,
809,0.09884779972686167,-0.04274361910944671,-0.0002018355369890027,0.0004372728662703594,-0.0021142456053048903,-0.0021142456053048903,
810,0.09799254564394234,-0.0427815794000308,-0.00019310236122196595,0.0004361579766585651,-0.0020197369695838657,-0.0020669608031299025,
811,0.0975646381975144,-0.04279991509481903,-0.0001887441650189438,0.0004355958677099159,-0.0019725744401985906,-0.0019725744401985906,
812,0.0975646381975144,-0.04279991509481903,-0.0001887441650189438,0.0004355958677099159,-0.0019725744401985906,-0.0019725744401985906,
813,0.09713654953855974,-0.04281782189863768,-0.00018439160464162635,0.0004350306633171817,-0.001925473549367146,-0.001925473549367146,
814,0.09670828395318375,-0.04283530037231461,-0.00018004471098788166,0.00043446237398242987,-0.001878434630342679,-0.001878434630342679,
815,0.09627984572186835,-0.042852351079707744,-0.00017570351485051658,0.0004338910102185918,-0.0018314580152372917,-0.0018314580152372917,
816,0.09585123911944181,-0.0428689745876947,-0.00017136804691716878,0.0004333165825493473,-0.0017845440350209019,-0.0017845440350209019,
817,0.09499353787211925,-0.04290094228799665,-0.00016271441788658918,0.00043215857764240513,-0.001737693019520009,-0.001737693019520009,
818,0.09456445174834059,-0.04291628762907177,-0.0001583963176378303,0.000431575021504765,-0.0016909052974166533,-0.0016909052974166533,
819,0.09456445174834059,-0.04291628762907177,-0.0001583963176378303,0.000431575021504765,-0.0016441811962472908,-0.0016441811962472908,
820,0.09413521429562575,-0.042931208068240134,-0.00015408406728982657,0.0004309884436616024,-0.0015975210424016562,-0.0015975210424016562,
821,0.09370582976008453,-0.04294570418732177,-0.00014977769700278928,0.0004303988546886003,-0.0015509251611217217,-0.0015509251611217217,
822,0.0932763023819937,-0.04295977657109389,-0.0001454772368311366,0.0004298062651714955,-0.0015043938765005593,-0.0015043938765005593,
823,0.0928466363957676,-0.04297342580728049,-0.00014118271672339353,0.0004292106857059627,-0.001457927511481355,-0.001457927511481355,
824,0.09198690550707775,-0.04299945720246399,-0.000132611615963679,0.00042801059936131177,-0.0014115263878562712,-0.0014115263878562712,
825,0.09155684904386588,-0.043011840551548434,-0.0001283350946784085,0.0004274061137221967,-0.0013189211461960698,-0.0013189211461960698,
826,0.09155684904386588,-0.043011840551548434,-0.0001283350946784085,0.0004274061137221967,-0.0013189211461960698,-0.0013189211461960698,
827,0.09069637513303508,-0.04303534554972372,-0.00011980025791682719,0.000426188310681649,-0.0012727176659811379,-0.0012727176659811379,
828,0.09069637513303508,-0.04303534554972372,-0.00011980025791682719,0.000426188310681649,-0.0012265807027986436,-0.0012265807027986436,
829,0.08983544791052986,-0.043057172310987386,-0.00011128989115209377,0.00042495880296172155,-0.001134507590461728,-0.001134507590461728,
830,0.08983544791052986,-0.043057172310987386,-0.00011128989115209377,0.00042495880296172155,-0.001134507590461728,-0.001134507590461728,
831,0.08897410089238537,-0.043077325711232545,-0.00010280422759399371,0.0004237176758944095,-0.0010427043234707695,-0.0010427043234707695,
832,0.08854328040694437,-0.04308677643717773,-0.00009857073192857782,0.0004230927818107886,-0.0010427043234707695,-0.0010427043234707695,
833,0.08854328040694437,-0.04308677643717773,-0.00009857073192857782,0.0004230927818107886,-0.0009969046626246564,-0.0009969046626246564,
834,0.08768136632333857,-0.0431044290379323,-0.00009012255671209457,0.0004218343860305353,-0.0009511733975681169,-0.0009511733975681169,
835,0.08768136632333857,-0.0431044290379323,-0.00009012255671209457,0.0004218343860305353,-0.0009055108373666743,-0.0009055108373666743,
836,0.08681911580355503,-0.04312042066632254,-0.00008169966024875624,0.0004205645848481747,-0.0008599172899232677,-0.0008599172899232677,
837,0.08681911580355503,-0.04312042066632254,-0.00008169966024875624,0.0004205645848481747,-0.0008143930619772949,-0.0008143930619772949,
838,0.08638787474939907,-0.04312779518731041,-0.00007749776262287866,0.0004199254340431702,-0.0007689384591037796,-0.0007689384591037796,
839,0.08552518173595662,-0.04314130481007777,-0.00006911320979052794,0.00041863868570077,-0.0006782393450468632,-0.0006782393450468632,
840,0.08552518173595662,-0.04314130481007777,-0.00006911320979052794,0.00041863868570077,-0.0006782393450468632,-0.0006782393450468632,
841,0.08466223501934542,-0.043153166129082765,-0.00006075450054091707,0.0004173407467349057,-0.0005878223690320428,-0.00063299543918377,
842,0.08466223501934542,-0.043153166129082765,-0.00006075450054091707,0.0004173407467349057,-0.0005878223690320428,-0.0005878223690320428,
843,0.08379906751424769,-0.043163384288965226,-0.00005242185779603778,0.00041603170327764985,-0.0004976899336543023,-0.0004976899336543023,
844,0.08336741122362429,-0.04316787880386773,-0.00004826538055475646,0.0004153730443141062,-0.0004976899336543023,-0.0004976899336543023,
845,0.08293571203201643,-0.04317196447796899,-0.000044115502754256134,0.0004147116415817045,-0.00040784442279820365,-0.00045273116439982497,
846,0.0825039740245555,-0.043175641966556766,-0.0000399722517746262,0.00041404750588028836,-0.00040784442279820365,-0.00040784442279820365,
847,0.0825039740245555,-0.043175641966556766,-0.0000399722517746262,0.00041404750588028836,-0.0003630300039074025,-0.0003630300039074025,
848,0.08207220127980666,-0.04317891192760146,-0.00003583565488793641,0.00041338064801679016,-0.00031828820161282356,-0.00031828820161282356,
849,0.08120856785971368,-0.043184231912292634,-0.000027582531941137075,0.00041203880906604147,-0.0002736193086266825,-0.0002736193086266825,
850,0.08120856785971368,-0.043184231912292634,-0.000027582531941137075,0.00041203880906604147,-0.00022902361648720337,-0.00022902361648720337,
851,0.08077671530842791,-0.043186283265197266,-0.000023466059884441442,0.0004113638496270849,-0.00018450141555789723,-0.00018450141555789723,
852,0.08034484426791791,-0.04318792974905378,-0.000019356349927378766,0.00041068621132240945,-0.0001400529950269097,-0.0001400529950269097,
853,0.0799129587835179,-0.04318917203508582,-0.000015253428800888192,0.0004100059049927042,-0.00009567864290624395,-0.00009567864290624395,
854,0.07904916063073186,-0.04319044671165333,-0.000007068059421192795,0.00040863733165292555,-0.000051378646031136066,-0.000051378646031136066,
855,0.07904916063073186,-0.04319044671165333,-0.000007068059421192795,0.00040863733165292555,-0.000007153290059416784,-0.000007153290059416784,
856,0.07861725601928318,-0.0431904804576862,-0.0000029856640874894765,0.0004079490863558606,0.000036997140529265726,0.000036997140529265726,
857,0.0777534558176313,-0.04318934417340818,0.000005158416383372441,0.0004065647328356732,0.00008107236243394544,0.00008107236243394544,
858,0.0777534558176313,-0.04318934417340818,0.000005158416383372441,0.0004065647328356732,0.0001250720935330879,0.0001250720935330879,
859,0.07732156824346778,-0.04318817551408125,0.0000092200492528808,0.00040586864636171034,0.00016899605288518693,0.00016899605288518693,
860,0.07645783813699948,-0.04318464060768462,0.000017322370406759977,0.0004044687084022148,0.00021284396072929201,0.00021284396072929201,
861,0.07602600357937504,-0.04318227574689231,0.00002136300707638619,0.00040376487869999285,0.00030031050875661824,0.00030031050875661824,
862,0.07602600357937504,-0.04318227574689231,0.00002136300707638619,0.00040376487869999285,0.00030031050875661824,0.00030031050875661824,
863,0.07559419465703307,-0.04317951354276617,0.000025396593579532174,0.0004030584897140937,0.0003439285953264759,0.0003439285953264759,
864,0.07473066959093358,-0.04317279990476665,0.0000334425140556315,0.00040163807751700725,0.00043093301841620746,0.00043093301841620746,
865,0.07473066959093358,-0.04317279990476665,0.0000334425140556315,0.00040163807751700725,0.00043093301841620746,0.00043093301841620746,
866,0.07429896136600243,-0.043168849877260954,0.000037454797285917765,0.00040092407613156724,0.00047431880842199736,0.00047431880842199736,
867,0.0738672946139567,-0.04316450531913527,0.000041459928864491315,0.0004002075591137241,0.0005176266216996017,0.0005176266216996017,
868,0.07300410128845214,-0.04315463545098521,0.00004944863678217096,0.00039876702188659514,0.0006040072380741335,0.0006040072380741335,
869,0.07300410128845214,-0.04315463545098521,0.00004944863678217096,0.00039876702188659514,0.0006040072380741335,0.0006040072380741335,
870,0.07214112106307366,-0.04314319600474875,0.000057408438332911956,0.00039731655329403823,0.0006900727194063538,0.0006900727194063538,
871,0.07214112106307366,-0.04314319600474875,0.000057408438332911956,0.00039731655329403823,0.0006900727194063538,0.0006900727194063538,
872,0.07127838527199626,-0.04313019272383218,0.00006533913579062418,0.00039585624086703323,0.000775820936547475,0.0007329866183306,
873,0.07084711879975622,-0.04312310645075527,0.00006929350917396618,0.0003951224205880237,0.000775820936547475,0.000775820936547475,
874,0.07084711879975622,-0.04312310645075527,0.00006929350917396618,0.0003951224205880237,0.0008185754108821081,0.0008185754108821081,
875,0.06998480815937809,-0.04310776827111082,0.00007718018358658326,0.00039364750668005637,0.0008612497793480389,0.0008612497793480389,
876,0.06955377175240134,-0.04309951782438108,0.00008111243627936973,0.0003929064349754278,0.0009463571566721007,0.0009463571566721007,
877,0.06912281978281805,-0.043090880783545824,0.00008503726725486607,0.00039216296805961597,0.0009463571566721007,0.0009463571566721007,
878,0.06912281978281805,-0.043090880783545824,0.00008503726725486607,0.00039216296805961597,0.0009887896475026525,0.0009887896475026525,
879,0.06869195611289007,-0.04308185788441916,0.00008895465261895976,0.000391417116904163,0.0010311409964101903,0.0010311409964101903,
880,0.06826118459750942,-0.043072449865153795,0.00009286456858725707,0.0003906688924841672,0.0010734109473560238,0.0010734109473560238,
881,0.06783050908417493,-0.04306265746623024,0.00009676699148511805,0.0003899183057781744,0.0011155992454921076,0.0011155992454921076,
882,0.06739993341296906,-0.04305248143044594,0.00010066189774769048,0.00038916536776807095,0.0011577056371614575,0.0011577056371614575,
883,0.06653909692005244,-0.043030981431004665,0.00010842906665669555,0.0003876524817791316,0.001241671692429211,0.001241671692429211,
884,0.06610884374121717,-0.043019658964429844,0.00011230128272265271,0.00038689255577979974,0.0012835308546718105,0.001241671692429211,
885,0.06567870569021576,-0.043007955855136906,0.00011616588899243076,0.00038613032243515073,0.0012835308546718105,0.0012835308546718105,
886,0.06567870569021576,-0.043007955855136906,0.00011616588899243076,0.00038613032243515073,0.0013253071077366507,0.0013253071077366507,
887,0.06524868656970416,-0.04299587285734551,0.00012002286245058747,0.00038536579274215874,0.001367000203926813,0.001367000203926813,
888,0.06438902029298439,-0.042970570224394725,0.0001277138194201382,0.0003838298883124136,0.0014086098967381472,0.0014086098967381472,
889,0.06438902029298439,-0.042970570224394725,0.0001277138194201382,0.0003838298883124136,0.001450135940859798,0.001450135940859798,
890,0.0639593807042311,-0.042957352108890824,0.0001315477574505962,0.00038305853558266126,0.00149157809217422,0.00149157809217422,
891,0.0631005074874544,-0.042929786095626206,0.0001391924397258362,0.000381509084128879,0.0015329361077575793,0.0015329361077575793,
892,0.0626712813810965,-0.042915439730804555,0.0001430031391500187,0.0003807310074257875,0.0015742097458799065,0.0015742097458799065,
893,0.0626712813810965,-0.042915439730804555,0.0001430031391500187,0.0003807310074257875,0.0016153987660053881,0.0016153987660053881,
894,0.06181326891898875,-0.042885624133547406,0.00015060114334581213,0.0003791682071351405,0.0016975219960942006,0.0016565029287924776,
895,0.06138449003871949,-0.04287015644713908,0.0001543884039575495,0.0003783835055805519,0.0017384557309583076,0.0016975219960942006,
896,0.06138449003871949,-0.04287015644713908,0.0001543884039575495,0.0003783835055805519,0.0017384557309583076,0.0017384557309583076,
897,0.06095586769638855,-0.04285431653649328,0.00015816780765553345,0.00037759661777806867,0.001779303897627385,0.001779303897627385,
898,0.060099107491148114,-0.04282152315819617,0.0001657029572024094,0.00037601632751407653,0.0018607425893264334,0.0018607425893264334,
899,0.060099107491148114,-0.04282152315819617,0.0001657029572024094,0.00037601632751407653,0.0018607425893264334,0.0018607425893264334,
900,0.05924301795640697,-0.04278725025132936,0.000173206418872874,0.0003744274245271486,0.0019418362090360963,0.0019418362090360963,
901,0.058815233922811384,-0.04276956093788658,0.00017694621313870323,0.000373629770825946,0.0019418362090360963,0.0019418362090360963,
902,0.058815233922811384,-0.04276956093788658,0.00017694621313870323,0.000373629770825946,0.00198225304020154,0.00198225304020154,
903,0.057960205718977725,-0.04273308053570734,0.00018440182226473603,0.00037202811414487226,0.0020225829137288237,0.0020225829137288237,
904,0.05753296888335068,-0.04271429103108865,0.00018811759494901016,0.00037122413322268215,0.0020628256022288127,0.0020628256022288127,
905,0.057105921768435916,-0.04269513638363023,0.00019182531844730147,0.0003704180652859098,0.0021029808795082483,0.0021029808795082483,
906,0.057105921768435916,-0.04269513638363023,0.00019182531844730147,0.0003704180652859098,0.002143048520569818,0.002143048520569818,
907,0.05667906802167573,-0.042675617390526395,0.0001955249719473545,0.00036960992136533913,0.0021830283016122665,0.0021830283016122665,
908,0.05582595518245745,-0.042635489566321634,0.0002028999862552105,0.00036798744969878777,0.0022229200000304095,0.0022229200000304095,
909,0.05539970334489232,-0.0426148823397387,0.00020657530599000446,0.0003671731440169135,0.002302438264553716,0.002262723394415203,
910,0.054973659385227455,-0.04259391397652457,0.00021024247358054975,0.00036635680647924783,0.002342064391429255,0.002342064391429255,
911,0.054973659385227455,-0.04259391397652457,0.00021024247358054975,0.00036635680647924783,0.002342064391429255,0.002342064391429255,
912,0.054547826910792754,-0.04257258528393765,0.00021390146876611586,0.0003655384481184936,0.0023816015572212246,0.0023816015572212246,
913,0.05412220952083563,-0.042550897071216565,0.00021755227139628517,0.000364718079967429,0.0024210495453053094,0.0024210495453053094,
914,0.053271634350812974,-0.04250644533216205,0.0002248292189403279,0.00036307135842523623,0.0024996771278329444,0.0024996771278329444,
915,0.053271634350812974,-0.04250644533216205,0.0002248292189403279,0.00036307135842523623,0.0024996771278329444,0.0024996771278329444,
916,0.05242196250674143,-0.04246056527246035,0.00023207315721557838,0.00036141673011248906,0.002538856295008482,0.002538856295008482,
917,0.051997474243620216,-0.042437091666192826,0.00023568269867341017,0.00036058647849697455,0.002577945429939915,0.002577945429939915,
918,0.051997474243620216,-0.042437091666192826,0.00023568269867341017,0.00036058647849697455,0.0026169443219832694,0.0026169443219832694,
919,0.05157322248963065,-0.04241326343619762,0.0002392839289898518,0.0003597542832836471,0.002655852761690572,0.002655852761690572,
920,0.05072544266930176,-0.04236454639809873,0.0002464613787957385,0.0003580841061845527,0.0027333974522839727,0.0026946705408096155,
921,0.050301921662477676,-0.04233965924125438,0.0002500375598594779,0.0003572461463573304,0.0027333974522839727,0.0027333974522839727,
922,0.04987865128377806,-0.042314420763179254,0.00025360535293039894,0.0003564062870491815,0.002810577850051052,0.0027720332902528705,
923,0.04987865128377806,-0.042314420763179254,0.00025360535293039894,0.0003564062870491815,0.002810577850051052,0.002810577850051052,
924,0.049455635042263586,-0.04228883179417614,0.0002571647390713166,0.0003555645392869675,0.0028490309282086512,0.0028490309282086512,
925,0.04861037896545299,-0.04223660571383453,0.0002642582153656315,0.00035387542250196226,0.002887392322451096,0.002887392322451096,
926,0.04861037896545299,-0.04223660571383453,0.0002642582153656315,0.00035387542250196226,0.0029256618316989558,0.0029256618316989558,
927,0.04776618133795462,-0.04218298767944956,0.00027131783944968737,0.0003521788841924844,0.0030019243968676806,0.0030019243968676806,
928,0.047344488126703256,-0.04215565877470624,0.00027483491074106596,0.0003513278595192547,0.0030019243968676806,0.0030019243968676806,
929,0.04692306993180166,-0.04212798439931432,0.0002783434637940932,0.0003504750125255574,0.0030399170566037803,0.0030399170566037803,
930,0.04692306993180166,-0.04212798439931432,0.0002783434637940932,0.0003504750125255574,0.003077817038975361,0.003077817038975361,
931,0.046501930203741104,-0.04209996539629604,0.00028184348044303664,0.00034962035422812923,0.003115624148876006,0.003115624148876006,
932,0.04566049990789502,-0.04204289688832665,0.00028881783241644103,0.0003479056477797003,0.003153338192393315,0.003153338192393315,
933,0.04524021619882596,-0.04201384907824468,0.00029229213196007843,0.0003470456216525486,0.0031909589768086416,0.0031909589768086416,
934,0.04524021619882596,-0.04201384907824468,0.00029229213196007843,0.0003470456216525486,0.0032284863105969813,0.0032284863105969813,
935,0.04482022467399582,-0.04198446003025292,0.0002957578235379439,0.0003461838282691658,0.003265920003426556,0.003265920003426556,
936,0.0444005287415247,-0.04195473059613311,0.0002992148895348238,0.0003453202786360703,0.003303259866158731,0.003303259866158731,
937,0.04398113180100625,-0.04192466162938634,0.00030266331244554345,0.00034445498375744015,0.0033405057108475966,0.0033405057108475966,
938,0.043562037243490594,-0.04189425398522215,0.00030610307487494333,0.0003435879546350155,0.0033776573507397906,0.0033776573507397906,
939,0.04314324845146727,-0.04186350852054778,0.0003095341595378542,0.0003427192022680001,0.0034147146002742046,0.0034147146002742046,
940,0.04230660165095141,-0.04180100756572044,0.0003163702269733272,0.0003409765717837423,0.003488545191984646,0.0034516772750816938,
941,0.04188875036448327,-0.04176925379777253,0.0003197751757252645,0.0003401027156513446,0.003488545191984646,0.003488545191984646,
942,0.041471218287522954,-0.04173716565370287,0.0003231713786694066,0.00033922718024385115,0.003561996025323033,0.003525318168996844,
943,0.041471218287522954,-0.04173716565370287,0.0003231713786694066,0.00033922718024385115,0.003561996025323033,0.003561996025323033,
944,0.041054008759505406,-0.04170474399874429,0.00032655881907012836,0.0003383499765463185,0.0035985785813585913,0.0035985785813585913,
945,0.04022057066471972,-0.04163890362524402,0.0003333073458478805,0.00033659060820566004,0.0036714570800905483,0.0036714570800905483,
946,0.03980434873345405,-0.041605486645287834,0.0003366683993026353,0.00033570846551665495,0.0036714570800905483,0.0036714570800905483,
947,0.03980434873345405,-0.041605486645287834,0.0003366683993026353,0.00033570846551665495,0.0037077526695277196,0.0037077526695277196,
948,0.03938846262210388,-0.041571739631592095,0.00034002062436935213,0.0003348246984456596,0.003743952252155139,0.003743952252155139,
949,0.03855771103429271,-0.041503258997711505,0.0003466985247009274,0.000333052335028036,0.003780055654315953,0.003780055654315953,
950,0.03814285212353538,-0.04146852712882695,0.0003500241679210082,0.00033216376060747377,0.003816062703541706,0.003816062703541706,
951,0.03814285212353538,-0.04146852712882695,0.0003500241679210082,0.00033216376060747377,0.00385197322855195,0.00385197322855195,
952,0.03731418441680907,-0.041398084677113166,0.0003566487611797055,0.00033038188112969794,0.003923504026741367,0.003887787059253772,
953,0.036900382133864686,-0.041362375854893385,0.00035994767983089796,0.0003294885979754977,0.003959123963295619,0.003923504026741367,
954,0.036486938558528845,-0.04132634314471939,0.00036323765908749766,0.00032859376713969505,0.0039946467023836835,0.0039946467023836835,
955,0.036073856925260446,-0.04128998743070184,0.00036651868352942233,0.0003276973995635489,0.004030072078658423,0.004030072078658423,
956,0.036073856925260446,-0.04128998743070184,0.00036651868352942233,0.0003276973995635489,0.004030072078658423,0.004030072078658423,
957,0.03524879237850347,-0.04121631053508276,0.0003730538068357585,0.0003259000979338217,0.004065399927957999,0.004065399927957999,
958,0.03524879237850347,-0.04121631053508276,0.0003730538068357585,0.0003259000979338217,0.004100630087305407,0.004100630087305407,
959,0.03442521419202372,-0.04114135227078665,0.00037955292857600213,0.00032409678052930277,0.004170796690156728,0.004135762394907955,
960,0.034013990475752355,-0.04110339485143771,0.00038278895146997714,0.00032319289321759633,0.004170796690156728,0.004170796690156728,
961,0.034013990475752355,-0.04110339485143771,0.00038278895146997714,0.00032319289321759633,0.004205732813626115,0.004205732813626115,
962,0.03319268970285568,-0.04102652790316144,0.000389233847483149,0.0003213807159463473,0.004275309913437622,0.004275309913437622,
963,0.03319268970285568,-0.04102652790316144,0.000389233847483149,0.0003213807159463473,0.004275309913437622,0.004275309913437622,
964,0.03278261898169484,-0.04098762016447206,0.00039244269140063375,0.00032047244780067304,0.004309950576840221,0.004309950576840221,
965,0.0319636526413902,-0.040908860644228225,0.00039883309887073383,0.0003186516069863921,0.0043789353571496575,0.0043789353571496575,
966,0.0319636526413902,-0.040908860644228225,0.00039883309887073383,0.0003186516069863921,0.0043789353571496575,0.0043789353571496575,
967,0.03155476330387628,-0.04086901066138062,0.000402014633875515,0.000317739056101261,0.004413279168202056,0.004413279168202056,
968,0.031146274027538078,-0.04082884839816869,0.0004051870375430133,0.0003168250994110199,0.00444752372458268,0.00444752372458268,
969,0.030738187930665115,-0.040788374757402115,0.00040835029587141095,0.00031590974779411863,0.004481668876312572,0.004481668876312572,
970,0.030330508122511986,-0.040747590643253756,0.0004115043949676328,0.00031499301212352545,0.004515714474590926,0.004515714474590926,
971,0.029516379764127708,-0.04066509461825487,0.00041778506043463033,0.000313155432085182,0.0045496603717945505,0.0045496603717945505,
972,0.029109937387109527,-0.04062338452246966,0.00042091159956246787,0.00031223460943513863,0.004583506421477243,0.004583506421477243,
973,0.028703913645210497,-0.04058136758341191,0.00042402892497213823,0.00031131244616663473,0.004650898398375958,0.0046172524783691105,
974,0.028703913645210497,-0.04058136758341191,0.00042402892497213823,0.00031131244616663473,0.004650898398375958,0.004650898398375958,
975,0.02789313431316913,-0.04049641682009069,0.0004302358813445415,0.000309464141144981,0.004684444038578636,0.004684444038578636,
976,0.027488384823426533,-0.04045348482137,0.00043332548593198955,0.0003085380210620372,0.004717889257232349,0.004717889257232349,
977,0.027488384823426533,-0.04045348482137,0.00043332548593198955,0.0003085380210620372,0.004751233913766029,0.004751233913766029,
978,0.027084066169576804,-0.04041024963044094,0.00043640582405057827,0.00030761060370086425,0.0047844778687815975,0.0047844778687815975,
979,0.02668018137896215,-0.04036671216326365,0.0004394768827833214,0.000306681899880997,0.004817620984053361,0.004817620984053361,
980,0.025873725450964967,-0.040278734070275886,0.00044559111096400736,0.00030482067611128114,0.0048506631225271185,0.0048506631225271185,
981,0.025873725450964967,-0.040278734070275886,0.00044559111096400736,0.00030482067611128114,0.00488360414831969,0.00488360414831969,
982,0.025069041074630552,-0.04018955789502226,0.0004516680692999765,0.0003029544361797701,0.00491644392671807,0.00491644392671807,
983,0.024667370689082868,-0.04014452282960401,0.0004546925411316484,0.00030201946213269246,0.004949182324178611,0.004949182324178611,
984,0.024667370689082868,-0.04014452282960401,0.0004546925411316484,0.00030201946213269246,0.004981819208326493,0.004981819208326493,
985,0.02426615213790585,-0.04009919100970817,0.0004577076583444069,0.0003010832664068229,0.005014354447954797,0.005014354447954797,
986,0.02346508238110078,-0.04000764080578863,0.00046370978037556666,0.000299207253003432,0.005079119474660165,0.005079119474660165,
987,0.023065237073551417,-0.03996142427436143,0.00046669676119428925,0.0002982674568506539,0.005111349005156335,0.005079119474660165,
988,0.023065237073551417,-0.03996142427436143,0.00046669676119428925,0.0002982674568506539,0.005111349005156335,0.005111349005156335,
989,0.022266940275813524,-0.039868112992784276,0.0004726425032454652,0.000296384339401006,0.005143476377969511,0.005143476377969511,
990,0.022266940275813524,-0.039868112992784276,0.0004726425032454652,0.000296384339401006,0.005175501467720917,0.005175501467720917,
991,0.021868494628021384,-0.039821020102162964,0.00047560124112325,0.0002954410395854849,0.00520742415019515,0.00520742415019515,
992,0.021470521360370625,-0.03977363695322748,0.00047855054151163377,0.00029449659335137063,0.005239244302339144,0.005239244302339144,
993,0.021073023370781416,-0.03972596447855909,0.00048149039300154076,0.00029355101142066587,0.005270961802261442,0.005270961802261442,
994,0.02027946477080053,-0.039629755287876954,0.00048734170418538337,0.0002916564833192846,0.005302576529231412,0.005302576529231412,
995,0.019883409909548445,-0.039581220442522325,0.0004902531415966988,0.0002907075585541411,0.005365497187190468,0.005334088363678324,
996,0.019883409909548445,-0.039581220442522325,0.0004902531415966988,0.0002907075585541411,0.005365497187190468,0.005365497187190468,
997,0.019092763367155458,-0.039483294936520405,0.0004960475251536982,0.00028880644104977863,0.005396802882514401,0.005396802882514401,
998,0.018698177378937572,-0.039433906152957325,0.0004989304496581336,0.00028785426966852827,0.005459104425369524,0.0054280053335540035,
999,0.018698177378937572,-0.039433906152957325,0.0004989304496581336,0.00028785426966852827,0.005459104425369524,0.005459104425369524,
1000,0.017910494130313037,-0.03933428122526725,0.0005046677108160862,0.0002859467549818782,0.005520992077346451,0.005490100044176827,
1001,0.017910494130313037,-0.03933428122526725,0.0005046677108160862,0.0002859467549818782,0.005520992077346451,0.005520992077346451,
1002,0.017517402506422926,-0.03928404696446016,0.0005075220264682767,0.00028499143298534144,0.005551780413402638,0.005551780413402638,
1003,0.017124814624787432,-0.039233532762920374,0.0005103667850125258,0.0002840350820786334,0.005582464942022455,0.005582464942022455,
1004,0.016732733280092886,-0.039182739564835194,0.0005132019762142444,0.00028307771289515037,0.005613045554034843,0.005613045554034843,
1005,0.016341161257578785,-0.03913166831538399,0.0005160275899451206,0.00028211933605972264,0.005643522141419721,0.005643522141419721,
1006,0.01595010133302792,-0.03908031996072776,0.0005188436161830335,0.0002811599621885299,0.005673894597307022,0.005673894597307022,
1007,0.015559556272756623,-0.03902869544799863,0.0005216500450119665,0.0002801996018890172,0.0057041628159756885,0.0057041628159756885,
1008,0.014780021762927885,-0.0389246217416433,0.0005272340713088196,0.0002782759643906382,0.005764386124512397,0.005764386124512397,
1009,0.014391037798584366,-0.03887217444704311,0.0005300116494744334,0.0002773127083622372,0.005794341008674889,0.005794341008674889,
1010,0.014002579668929468,-0.0388194547924012,0.0005327795916262748,0.00027634850824628023,0.005794341008674889,0.005794341008674889,
1011,0.014002579668929468,-0.0388194547924012,0.0005327795916262748,0.00027634850824628023,0.005824191244205648,0.005824191244205648,
1012,0.013227251779527504,-0.038713202211226067,0.0005382865304468906,0.0002744173179925465,0.005853936731114187,0.005853936731114187,
1013,0.012840387428885245,-0.038659671191070825,0.0005410255086586102,0.00027345034895202716,0.005883577370553186,0.005883577370553186,
1014,0.012840387428885245,-0.038659671191070825,0.0005410255086586102,0.00027345034895202716,0.0059131130648173574,0.0059131130648173574,
1015,0.01245405973112326,-0.03860587162360905,0.0005437548139422616,0.0002724824780183023,0.0059425437173425966,0.0059425437173425966,
1016,0.011683025007465734,-0.03849747066924624,0.0005491843699700373,0.00027054407256203955,0.006001089516618527,0.005971869232704707,
1017,0.011683025007465734,-0.03849747066924624,0.0005491843699700373,0.00027054407256203955,0.006001089516618527,0.006001089516618527,
1018,0.01129832331427846,-0.03844287119574264,0.0005518846030993778,0.00026957355906091795,0.006030204475936871,0.006030204475936871,
1019,0.010914168939370862,-0.03838800700170669,0.0005545751280708895,0.0002686021857092592,0.006059214018649409,0.006059214018649409,
1020,0.010530564525154168,-0.03833287904594782,0.0005572559363396221,0.000267629962993418,0.006088118053881542,0.006088118053881542,
1021,0.01014751270444738,-0.03827748828810116,0.000559927019465426,0.0002666569013898626,0.006116916491893429,0.006116916491893429,
1022,0.009765016100469074,-0.03822183568861717,0.0005625883691128525,0.00026568301136509394,0.00614560924407892,0.00614560924407892,
1023,0.009383077326829296,-0.0381659222087514,0.0005652399770510539,0.0002647083033755642,0.006174196222964265,0.006174196222964265,
1024,0.009001698987521565,-0.038109748810554143,0.0005678818351536827,0.0002637327878675984,0.006202677342207155,0.006202677342207155,
1025,0.008240633979746398,-0.03799662611127835,0.0005731362698687221,0.00026177937603054005,0.006259321662047138,0.006231052516595739,
1026,0.008240633979746398,-0.03799662611127835,0.0005731362698687221,0.00026177937603054005,0.006259321662047138,0.006259321662047138,
1027,0.0074818417164636605,-0.03788247530269648,0.0005783516103333105,0.0002598228592189257,0.006287484695606679,0.006287484695606679,
1028,0.00710330427159346,-0.037825016770692846,0.0005809446010132073,0.0002588434624535919,0.006315541535446473,0.006315541535446473,
1029,0.00710330427159346,-0.037825016770692846,0.0005809446010132073,0.0002588434624535919,0.006343492100864476,0.006343492100864476,
1030,0.006347959486048736,-0.03770933828426548,0.0005861011857605522,0.000256882444123225,0.006399074091248541,0.006399074091248541,
1031,0.006347959486048736,-0.03770933828426548,0.0005861011857605522,0.000256882444123225,0.006399074091248541,0.006399074091248541,
1032,0.005594938367456917,-0.03759265102033843,0.0005912185262245964,0.00025491852849407026,0.006426705360428733,0.006426705360428733,
1033,0.005219305469963326,-0.037533931519094656,0.0005937624619387036,0.0002539355100646057,0.006454230043613035,0.006454230043613035,
1034,0.005219305469963326,-0.037533931519094656,0.0005937624619387036,0.0002539355100646057,0.006481648065710555,0.006481648065710555,
1035,0.004844261013854709,-0.03747496273159104,0.0005962965652947812,0.0002529517983351388,0.006508959352749158,0.006508959352749158,
1036,0.004469807487139686,-0.03741574562861532,0.0005988208294123269,0.0002519674036242903,0.006536163831874081,0.006536163831874081,
1037,0.00409594736811569,-0.03735628118161706,0.0006013352475139553,0.00025098233623953287,0.006563261431346876,0.006563261431346876,
1038,0.0033500172177352732,-0.03723661414459929,0.0006063345190748318,0.00024901022462197475,0.006617135709955993,0.006617135709955993,
1039,0.0033500172177352732,-0.03723661414459929,0.0006063345190748318,0.00024901022462197475,0.006617135709955993,0.006617135709955993,
1040,0.002977952094359191,-0.037176413500696635,0.000608819359493883,0.0002480232009476834,0.00664391225118556,0.00664391225118556,
1041,0.002235633948169264,-0.037055282832070616,0.0006137594177788769,0.0002460472691785512,0.006697143801064273,0.006670581636946907,
1042,0.002235633948169264,-0.037055282832070616,0.0006137594177788769,0.0002460472691785512,0.006697143801064273,0.006697143801064273,
1043,0.0018653857748963905,-0.03699435475716144,0.0006162146232202658,0.0002450583815732621,0.006723598678470652,0.006723598678470652,
1044,0.0014957480849444804,-0.036933186156055973,0.0006186599380818208,0.0002440688931277717,0.00674994620520647,0.00674994620520647,
1045,0.0007583137467570192,-0.03681013128134515,0.0006235208723413476,0.00024208815456648638,0.006802318956358147,0.006802318956358147,
1046,0.0007583137467570192,-0.03681013128134515,0.0006235208723413476,0.00024208815456648638,0.006802318956358147,0.006802318956358147,
1047,0.0003905218699759222,-0.03674824696220137,0.0006259364801323666,0.0002410969248461847,0.006828344058380856,0.006828344058380856,
1048,-0.0003431994436504211,-0.03662376945063689,0.0006307379487835468,0.00023911279542524397,0.006880071417606284,0.006854261564944064,
1049,-0.0007091241677245767,-0.036561178215952346,0.000633123798647461,0.0002381199160479852,0.006880071417606284,0.006880071417606284,
1050,-0.0007091241677245767,-0.036561178215952346,0.000633123798647461,0.0002381199160479852,0.006905773559025746,0.006905773559025746,
1051,-0.001074421811111719,-0.03649835330136492,0.0006354997183753107,0.00023712650708816336,0.006931367932958982,0.006931367932958982,
1052,-0.0014390900419136749,-0.03643529568703956,0.0006378657027226158,0.00023613257867692176,0.0069568544842595476,0.0069568544842595476,
1053,-0.0018031265380364244,-0.03637200635364194,0.0006402217465461322,0.00023513814093305263,0.006982233158876611,0.006982233158876611,
1054,-0.002529295086918634,-0.03624473645473684,0.0006449039925542606,0.00023314777786040937,0.007032666667327159,0.007007503903853657,
1055,-0.002529295086918634,-0.03624473645473684,0.0006449039925542606,0.00023314777786040937,0.007032666667327159,0.007032666667327159,
1056,-0.002891422544554939,-0.03618075785297498,0.0006472301849574483,0.0002321518727068087,0.007057721398525063,0.007057721398525063,
1057,-0.003252909077275147,-0.036116551459612276,0.0006495464172737468,0.00023115549857078292,0.00708266804776557,0.00708266804776557,
1058,-0.003973950285796162,-0.035987459230606846,0.0006541489831904205,0.00022916138356245417,0.007132236907089681,0.007132236907089681,
1059,-0.003973950285796162,-0.035987459230606846,0.0006541489831904205,0.00022916138356245417,0.007132236907089681,0.007132236907089681,
1060,-0.004692400646489627,-0.035857467637118015,0.000658711654397823,0.00022716551312912994,0.007156859023248044,0.007156859023248044,
1061,-0.004692400646489627,-0.035857467637118015,0.000658711654397823,0.00022716551312912994,0.007181372869595706,0.007181372869595706,
1062,-0.005050648656329176,-0.03579213703973136,0.0006609780187033763,0.00022616694466337617,0.007205778401880775,0.007205778401880775,
1063,-0.005408242250819248,-0.0357265845552859,0.000663234396593093,0.0002251679673576549,0.007230075576933198,0.007230075576933198,
1064,-0.005765179216016874,-0.03566081116930095,0.0006654807840289951,0.00022416859119012595,0.007254264352663159,0.007254264352663159,
1065,-0.006121457347836191,-0.03559481786767784,0.0006677171770728072,0.00022316882612573714,0.00727834468805974,0.00727834468805974,
1066,-0.0068320283443044786,-0.03546217546297384,0.0006721599647287759,0.00022116816909968892,0.007302316543189427,0.007302316543189427,
1067,-0.007186316850100684,-0.03539552833351755,0.000674366351961698,0.00022016729700123297,0.007349934658292631,0.007349934658292631,
1068,-0.007186316850100684,-0.03539552833351755,0.000674366351961698,0.00022016729700123297,0.007349934658292631,0.007349934658292631,
1069,-0.007892889053716995,-0.03526158715704412,0.0006787490955332956,0.00021816451519038205,0.007373580843773139,0.007373580843773139,
1070,-0.007892889053716995,-0.03526158715704412,0.0006787490955332956,0.00021816451519038205,0.007397118399997876,0.007397118399997876,
1071,-0.00824516845192388,-0.035194295085679554,0.0006809254450873398,0.0002171626252600324,0.007420547292398438,0.007420547292398438,
1072,-0.008947703166208036,-0.03505907291819304,0.0006852480835112502,0.00021515789670196236,0.007467078952795164,0.007443867487475109,
1073,-0.008947703166208036,-0.03505907291819304,0.0006852480835112502,0.00021515789670196236,0.007467078952795164,0.007467078952795164,
1074,-0.009647524986416588,-0.034923006643194886,0.0006895306205453235,0.0002131519688564315,0.007490181656991501,0.007490181656991501,
1075,-0.009996413304117944,-0.03485465943850775,0.0006916568437308706,0.00021214857976461777,0.007536060661863381,0.0075131755697610825,
1076,-0.009996413304117944,-0.03485465943850775,0.0006916568437308706,0.00021214857976461777,0.007536060661863381,0.007536060661863381,
1077,-0.010692134327045319,-0.03471734184336917,0.0006958791856769614,0.00021014100024778888,0.007581504272407488,0.007581504272407488,
1078,-0.01103896289090057,-0.0346483734331233,0.0006979752992263899,0.00020913682938237345,0.007604062737667075,0.007604062737667075,
1079,-0.011385100745273805,-0.03457919993496362,0.0007000613711821634,0.00020813241746166892,0.00762651227589195,0.00762651227589195,
1080,-0.011730545844239345,-0.03450982233957882,0.0007021373991827607,0.00020712777422984135,0.007648852863131134,0.00762651227589195,
1081,-0.011730545844239345,-0.03450982233957882,0.0007021373991827607,0.00020712777422984135,0.007648852863131134,0.007648852863131134,
1082,-0.012419349641786597,-0.03437045882096447,0.0007062593143589805,0.0002051178327375537,0.007671084476486872,0.007671084476486872,
1083,-0.012419349641786597,-0.03437045882096447,0.0007062593143589805,0.0002051178327375537,0.007693207094113197,0.007693207094113197,
1084,-0.01310535811433386,-0.03423029080695908,0.0007103410278074193,0.00020310708257020025,0.007715220695214159,0.007715220695214159,
1085,-0.013447309094227016,-0.03415990759304197,0.0007123668040117507,0.00020210142843990185,0.007737125260042305,0.007737125260042305,
1086,-0.013447309094227016,-0.03415990759304197,0.0007123668040117507,0.00020210142843990185,0.007758920769897162,0.007758920769897162,
1087,-0.01412909460901444,-0.03401854771060844,0.0007163881864827235,0.00020008961037071388,0.007802184555109767,0.007802184555109767,
1088,-0.014468925200772248,-0.033947573026257616,0.0007183837894795592,0.00019908346570135047,0.007802184555109767,0.007802184555109767,
1089,-0.014468925200772248,-0.033947573026257616,0.0007183837894795592,0.00019908346570135047,0.007823652798286618,0.007823652798286618,
1090,-0.01514645226958977,-0.03380503913277256,0.0007223448115430344,0.0001970707531552875,0.007845011922125056,0.007845011922125056,
1091,-0.01514645226958977,-0.03380503913277256,0.0007223448115430344,0.0001970707531552875,0.007866261913134984,0.007866261913134984,
1092,-0.01582112092335632,-0.03366173248971152,0.0007262655795487877,0.0001950575402408997,0.007887402758863474,0.007887402758863474,
1093,-0.016157378533523135,-0.0335897918688127,0.0007282108653324828,0.00019405077005455802,0.007908434447893159,0.007908434447893159,
1094,-0.016157378533523135,-0.0335897918688127,0.0007282108653324828,0.00019405077005455802,0.007929356969840554,0.007929356969840554,
1095,-0.01682773078514683,-0.03344534099257669,0.0007320712354020143,0.00019203694990864103,0.007970874476114331,0.007970874476114331,
1096,-0.01682773078514683,-0.03344534099257669,0.0007320712354020143,0.00019203694990864103,0.007970874476114331,0.007970874476114331,
1097,-0.017495186480630157,-0.03330013722376047,0.0007358913311726396,0.00019002282013332386,0.007991469444828356,0.007991469444828356,
1098,-0.017495186480630157,-0.03330013722376047,0.0007358913311726396,0.00019002282013332386,0.008011955215232125,0.008011955215232125,
1099,-0.01782782343286093,-0.033227255487382354,0.0007377862744388561,0.00018901566285248176,0.008032331782086732,0.008032331782086732,
1100,-0.018159730641569397,-0.03315418850726132,0.0007396711472114554,0.000188008456594725,0.00805259914117712,0.00805259914117712,
1101,-0.018490906259284262,-0.03308093727662451,0.0007415459490479484,0.00018700121080449287,0.008072757289310395,0.008072757289310395,
1102,-0.018821348448466647,-0.0330075027887274,0.0007434106796002003,0.00018599393491057769,0.008092806224314159,0.008092806224314159,
1103,-0.019480025240741855,-0.03286008801426,0.0007471099259302683,0.00018397933044826459,0.008112745945034777,0.008112745945034777,
1104,-0.01980825621842065,-0.032786109714258785,0.0007489444414821692,0.0001829720206586661,0.008152297744095385,0.008152297744095385,
1105,-0.01980825621842065,-0.032786109714258785,0.0007489444414821692,0.0001829720206586661,0.008152297744095385,0.008152297744095385,
1106,-0.020462494347821554,-0.03263761625509252,0.0007525832574980774,0.00018095743279050115,0.008191412697572717,0.008191412697572717,
1107,-0.020788497933725877,-0.032563103082416646,0.0007543875582980293,0.00017995017339521419,0.008210806365108625,0.008191412697572717,
1108,-0.021113755506441345,-0.032488413605284,0.0007561817880054559,0.00017894294945456805,0.008210806365108625,0.008210806365108625,
1109,-0.021113755506441345,-0.032488413605284,0.0007561817880054559,0.00017894294945456805,0.008230090832736722,0.008230090832736722,
1110,-0.021762025589921644,-0.03233850971019065,0.0007597400358396581,0.00017692864512675532,0.00826833219299114,0.00826833219299114,
1111,-0.02208503461432189,-0.032263297278355356,0.0007615040550470369,0.00017592158329383811,0.008287289100488593,0.00826833219299114,
1112,-0.02208503461432189,-0.032263297278355356,0.0007615040550470369,0.00017592158329383811,0.008287289100488593,0.008287289100488593,
1113,-0.022728791987006617,-0.032112356410888,0.0007650018874385738,0.00017390768655340365,0.008306136837817002,0.008306136837817002,
1114,-0.022728791987006617,-0.032112356410888,0.0007650018874385738,0.00017390768655340365,0.00832487541491432,0.00832487541491432,
1115,-0.02304953690850367,-0.03203662996091668,0.0007667357022584217,0.0001729008701021279,0.008343504842716135,0.008343504842716135,
1116,-0.023369523718791776,-0.031960734157066524,0.0007684594507383999,0.00017189415387354722,0.008362025133154108,0.008362025133154108,
1117,-0.023688750729295018,-0.03188466999191299,0.0007701731339265321,0.00017088754705455394,0.008380436299153929,0.008380436299153929,
1118,-0.024324918646267825,-0.031732040547397165,0.0007735703090780558,0.00016887469830986993,0.0083987383546337,0.0083987383546337,
1119,-0.024324918646267825,-0.031732040547397165,0.0007735703090780558,0.00016887469830986993,0.008416931314501927,0.008416931314501927,
1120,-0.024641856225206364,-0.03165547725255838,0.0007752538035956987,0.00016786847467476306,0.008435015194655976,0.008435015194655976,
1121,-0.024958027349295267,-0.031578749565445194,0.0007769272379296639,0.0001668623970302972,0.008452990011979952,0.008452990011979952,
1122,-0.025273430379571252,-0.03150185847795167,0.0007785906135851767,0.00016585647447982295,0.008470855784343076,0.008470855784343076,
1123,-0.02558806368698916,-0.03142480498180866,0.0007802439321583995,0.00016485071610981305,0.008488612530597711,0.008488612530597711,
1124,-0.02590192565242028,-0.031347590068574856,0.0007818871953362629,0.00016384513098980725,0.0085062602705777,0.0085062602705777,
1125,-0.026527329130378856,-0.031192679956155312,0.000785143562706456,0.00016183451669296312,0.008523799025096299,0.008523799025096299,
1126,-0.026527329130378856,-0.031192679956155312,0.000785143562706456,0.00016183451669296312,0.008541228815944484,0.008541228815944484,
1127,-0.026838867454214783,-0.03111498673914595,0.0007867566707249583,0.0001608295055700368,0.008558549665889065,0.008558549665889065,
1128,-0.027149628058676885,-0.031037136069380775,0.0007883597310001045,0.00015982470380482747,0.008575761598670649,0.008575761598670649,
1129,-0.027459609374190418,-0.030959128937424182,0.0007899527456701109,0.00015882012038137875,0.008592864639002107,0.008592864639002107,
1130,-0.02807722790959305,-0.03080264924805825,0.0007931086471961076,0.0001568116444095626,0.008626744146014609,0.008609858812566325,
1131,-0.02807722790959305,-0.03080264924805825,0.0007931086471961076,0.0001568116444095626,0.008626744146014609,0.008626744146014609,
1132,-0.02838486203984595,-0.03072417867061519,0.0007946715387765501,0.00015580776974274867,0.008643520666964673,0.008643520666964673,
1133,-0.028691710701873017,-0.030645555590895674,0.0007962243942004094,0.00015480414918069344,0.008660188403998632,0.008660188403998632,
1134,-0.028997772375598217,-0.030566780998248815,0.0007977672160528792,0.00015380079162058579,0.008676747386661361,0.008676747386661361,
1135,-0.02930304555083766,-0.030487855881754334,0.0007993000070080255,0.00015279770594208263,0.008693197645458388,0.008693197645458388,
1136,-0.02960752872729686,-0.03040878123021383,0.0008008227698286116,0.00015179490100725702,0.008709539211854023,0.008709539211854023,
1137,-0.029911220414567914,-0.030329558032142063,0.0008023355073659216,0.0001507923856605458,0.008725772118269477,0.008725772118269477,
1138,-0.030516223409329316,-0.030170669948977377,0.0008053309184373938,0.00014878825902071805,0.00875791208561754,0.008741896398080928,
1139,-0.030516223409329316,-0.030170669948977377,0.0008053309184373938,0.00014878825902071805,0.00875791208561754,0.00875791208561754,
1140,-0.03081753178541012,-0.030091007039401547,0.0008068135981151367,0.0001477866653278236,0.008773819216159662,0.008773819216159662,
1141,-0.03141775504051086,-0.029931248420657072,0.00080974892177244,0.00014578446106287368,0.008805307952125252,0.008805307952125252,
1142,-0.03141775504051086,-0.029931248420657072,0.00080974892177244,0.00014578446106287368,0.008805307952125252,0.008805307952125252,
1143,-0.03201477740872996,-0.029770919313755556,0.0008126442202107823,0.00014378362590576068,0.008836362907168022,0.008820889632847294,
1144,-0.03201477740872996,-0.029770919313755556,0.0008126442202107823,0.00014378362590576068,0.008836362907168022,0.008836362907168022,
1145,-0.03260858755919797,-0.02961002760736978,0.0008154995215058296,0.00014178422954044253,0.008851727815093892,0.008851727815093892,
1146,-0.03260858755919797,-0.02961002760736978,0.0008154995215058296,0.00014178422954044253,0.00886698439757088,0.00886698439757088,
1147,-0.03290428455500716,-0.029529373242993283,0.0008169121823786647,0.0001407850926018093,0.00888213269648222,0.00888213269648222,
1148,-0.03349325547843838,-0.029367652415810058,0.0008197075436409997,0.00013878798444774367,0.008912104615816326,0.008897172754646666,
1149,-0.03349325547843838,-0.029367652415810058,0.0008197075436409997,0.00013878798444774367,0.008912104615816326,0.008912104615816326,
1150,-0.034078986546687395,-0.029205388684711876,0.0008224629840203806,0.00013679248802502886,0.008941643926835108,0.008926928324674809,
1151,-0.034078986546687395,-0.029205388684711876,0.0008224629840203806,0.00013679248802502886,0.008941643926835108,0.008941643926835108,
1152,-0.03437063376041113,-0.02912405568891527,0.00082382574411203,0.00013579536568178842,0.00895625146883771,0.00895625146883771,
1153,-0.0349514848836662,-0.028960992350588348,0.0008265213653153214,0.00013380241550805833,0.008985142563156828,0.008985142563156828,
1154,-0.0349514848836662,-0.028960992350588348,0.0008265213653153214,0.00013380241550805833,0.008985142563156828,0.008985142563156828,
1155,-0.035529069498085784,-0.028797405763215028,0.0008291771504960819,0.00013181124817073184,0.008999426213173498,0.008999426213173498,
1156,-0.035529069498085784,-0.028797405763215028,0.0008291771504960819,0.00013181124817073184,0.009013601998428634,0.009013601998428634,
1157,-0.035816633612577184,-0.028715418704426225,0.0008304901158786123,0.00013081635430329516,0.009027669970069749,0.009027669970069749,
1158,-0.036103377217193956,-0.02863330377640249,0.0008317931359858649,0.0001298219315927436,0.009041630180159702,0.009041630180159702,
1159,-0.03667439781143273,-0.028468694232304838,0.0008343693594715169,0.00012783453339812662,0.009055482681674713,0.009055482681674713,
1160,-0.03695867228285924,-0.0283862015748438,0.0008356425726090472,0.00012684157474499144,0.009082864775438647,0.009069227528502158,
1161,-0.03695867228285924,-0.0283862015748438,0.0008356425726090472,0.00012684157474499144,0.009082864775438647,0.009082864775438647,
1162,-0.037524743352255994,-0.028220845381899368,0.0008381592267012902,0.0001248571802629562,0.009096394478188038,0.009096394478188038,
1163,-0.037524743352255994,-0.028220845381899368,0.0008381592267012902,0.0001248571802629562,0.009109816693359224,0.009109816693359224,
1164,-0.03808750240839561,-0.028055001202704825,0.0008406362188965296,0.000122874871906875,0.009123131478464164,0.009123131478464164,
1165,-0.03808750240839561,-0.028055001202704825,0.0008406362188965296,0.000122874871906875,0.009136338891915778,0.009136338891915778,
1166,-0.0386469397697033,-0.02788867685124116,0.0008430735915777545,0.0001208947162429222,0.009162431842003362,0.009149438993025942,
1167,-0.03892540983201696,-0.027805337050421847,0.0008442774342086141,0.00011990546638892104,0.009162431842003362,0.009162431842003362,
1168,-0.03920304591079776,-0.027721880132848434,0.0008454713884560499,0.00011891677953174922,0.00918809602886634,0.00918809602886634,
1169,-0.03920304591079776,-0.027721880132848434,0.0008454713884560499,0.00011891677953174922,0.00918809602886634,0.00918809602886634,
1170,-0.03975581146231583,-0.02755461884396515,0.000847829654564472,0.00011694112772706081,0.009200767491634704,0.009200767491634704,
1171,-0.03975581146231583,-0.02755461884396515,0.000847829654564472,0.00011694112772706081,0.009213331952031723,0.009213331952031723,
1172,-0.04003093863167459,-0.02747081641947868,0.0008489939780127738,0.00011595417919090301,0.009225789474718964,0.009225789474718964,
1173,-0.04030522721073182,-0.02738690077186878,0.0008501484362518963,0.00011496782647420507,0.009238140125242274,0.009238140125242274,
1174,-0.04085128409817169,-0.02721873369441756,0.0008524277811768373,0.000112996941108779,0.009262521076389252,0.009262521076389252,
1175,-0.04112305018095406,-0.02713448420662573,0.0008535526801032396,0.00011201242471618952,0.009274551512507029,0.009274551512507029,
1176,-0.04112305018095406,-0.02713448420662573,0.0008535526801032396,0.00011201242471618952,0.009274551512507029,0.009274551512507029,
1177,-0.04166405213343277,-0.026965658183389658,0.0008557729620937216,0.00011004528500518687,0.009286475347444846,0.009286475347444846,
1178,-0.04193328583573443,-0.02688108358624649,0.0008568683578842474,0.0001090626778256018,0.009298292651138247,0.009298292651138247,
1179,-0.04193328583573443,-0.02688108358624649,0.0008568683578842474,0.0001090626778256018,0.009310003494394328,0.009310003494394328,
1180,-0.04220167325996059,-0.026796402556551573,0.00085795393215687,0.0001080807231564467,0.009321607948889588,0.009321607948889588,
1181,-0.042469213346623375,-0.02671161606184002,0.0008590296914759318,0.00010709942901797429,0.009333106087167892,0.009333106087167892,
1182,-0.043001747317660904,-0.02654173054419764,0.0008611517919110125,0.00010513885431535034,0.009355783709572317,0.009344497982638152,
1183,-0.04326673913139347,-0.026456633453003652,0.0008621981465553918,0.00010415958969284564,0.009366963343103149,0.009355783709572317,
1184,-0.04326673913139347,-0.026456633453003652,0.0008621981465553918,0.00010415958969284564,0.009366963343103149,0.009366963343103149,
1185,-0.043794167311080046,-0.026286135430094466,0.0008642614991152735,0.00010220314561067213,0.009389004634777286,0.009378036959222152,
1186,-0.044056601664282394,-0.026200736425989156,0.0008652785110355355,0.00010122598197336435,0.009389004634777286,0.009389004634777286,
1187,-0.04431818153394605,-0.02611523871068298,0.0008662857561841544,0.00010024953445354276,0.009399866447470845,0.009399866447470845,
1188,-0.04431818153394605,-0.02611523871068298,0.0008662857561841544,0.00010024953445354276,0.009410622475857368,0.009410622475857368,
1189,-0.04483877390306647,-0.02594395099387664,0.0008682709750431014,0.00009829881919113815,0.00942127279934138,0.00942127279934138,
1190,-0.045097784466762325,-0.025858162914266146,0.0008692489633878018,0.00009732456711075906,0.009442256653456785,0.009442256653456785,
1191,-0.04535593667538309,-0.025772279967218724,0.0008702172142292018,0.00009635106247219608,0.009452590347127608,0.009442256653456785,
1192,-0.045613229585049826,-0.02568630311182996,0.0008711757350796355,0.00009537831305619095,0.009462818661970324,0.009452590347127608,
1193,-0.04586966226147078,-0.025600233306441948,0.0008721245335291331,0.00009440632662327274,0.009462818661970324,0.009462818661970324,
1194,-0.04586966226147078,-0.025600233306441948,0.0008721245335291331,0.00009440632662327274,0.009472941681606756,0.009472941681606756,
1195,-0.04612523377993383,-0.02551407150863567,0.0008730636172452189,0.00009343511091371883,0.00948295949049547,0.00948295949049547,
1196,-0.04637994322529879,-0.025427818675223375,0.0008739929939727082,0.0000924646736475191,0.009492872173929807,0.009492872173929807,
1197,-0.046886772283987216,-0.025255043724940574,0.0008758226578263953,0.00009052616522347311,0.0095026798180355,0.0095026798180355,
1198,-0.04713889011482026,-0.025168523517782725,0.0008767229608268504,0.0000895581094038288,0.00952198033691292,0.00952198033691292,
1199,-0.047390142307558565,-0.02508191609442909,0.0008776135885868154,0.0000885908627038686,0.009531473388078485,0.00952198033691292,
1200,-0.04764052799480441,-0.024995222407734836,0.0008784945492345085,0.00008762443274158477,0.009531473388078485,0.009531473388078485,
1201,-0.04764052799480441,-0.024995222407734836,0.0008784945492345085,0.00008762443274158477,0.009540861752698637,0.009540861752698637,
1202,-0.047890046318684536,-0.024908443409741174,0.0008793658509742151,0.00008665882711446063,0.009550145521028154,0.009550145521028154,
1203,-0.04838647749242792,-0.024734633283905835,0.0008810795109259157,0.00008473011915286586,0.009559324784140878,0.009559324784140878,
1204,-0.04863338867409313,-0.02464760405600964,0.0008819218859249687,0.0000837670319104972,0.009568399633927603,0.009568399633927603,
1205,-0.04887942915597978,-0.024560493316690166,0.0008827546355897407,0.00008280479918742094,0.00957737016309377,0.00957737016309377,
1206,-0.04887942915597978,-0.024560493316690166,0.0008827546355897407,0.00008280479918742094,0.009586236465157189,0.009586236465157189,
1207,-0.049368894788391786,-0.02438603109436198,0.0008843912933174191,0.00008088292725605379,0.00959499863444583,0.00959499863444583,
1208,-0.04961231834658146,-0.024298681504490053,0.0008851952187676833,0.00007992330297438237,0.009612210956048077,0.009612210956048077,
1209,-0.04961231834658146,-0.024298681504490053,0.0008851952187676833,0.00007992330297438237,0.009612210956048077,0.009612210956048077,
1210,-0.049854868020303915,-0.024211254189453746,0.0008859895536579672,0.00007896456306517448,0.009620661301048154,0.009620661301048154,
1211,-0.05009654303702935,-0.024123750093634957,0.0008867743068678846,0.00007800671493975198,0.00962900789864192,0.00962900789864192,
1212,-0.05057726605655804,-0.02394851533273161,0.0008883151041348622,0.00007609372358123894,0.00964539024578697,0.00964539024578697,
1213,-0.05057726605655804,-0.02394851533273161,0.0008883151041348622,0.00007609372358123894,0.00964539024578697,0.00964539024578697,
1214,-0.051054481413555855,-0.02377298475894998,0.0008898176830817513,0.0000741843877717047,0.009661358793788426,0.009653426194415712,
1215,-0.051054481413555855,-0.02377298475894998,0.0008898176830817513,0.0000741843877717047,0.009661358793788426,0.009661358793788426,
1216,-0.051291771887414225,-0.023685110893622883,0.0008905546636667034,0.00007323110900392446,0.009669188145422912,0.009669188145422912,
1217,-0.051763714845697306,-0.02350915070082381,0.0008920000536617719,0.00007132736617076538,0.009684537515483004,0.009684537515483004,
1218,-0.0519983659262098,-0.023421066248445623,0.0008927084819308477,0.00007037691661358331,0.009684537515483004,0.009684537515483004,
1219,-0.052232135820644475,-0.02333291347390683,0.0008934074117409326,0.00006942742459962599,0.009699475132446303,0.009699475132446303,
1220,-0.052232135820644475,-0.02333291347390683,0.0008934074117409326,0.00006942742459962599,0.009699475132446303,0.009699475132446303,
1221,-0.05246502385045557,-0.023244693312387633,0.0008940968527022016,0.00006847889733018713,0.009706789795637105,0.009706789795637105,
1222,-0.05292815164874935,-0.023068054564324567,0.0008954473068782688,0.00006658476572412155,0.009714001836653066,0.009714001836653066,
1223,-0.05292815164874935,-0.023068054564324567,0.0008954473068782688,0.00006658476572412155,0.009721111362476213,0.009721111362476213,
1224,-0.053158390106836956,-0.0229796378433157,0.0008961083396720574,0.00006563917568407043,0.009728118480859943,0.009728118480859943,
1225,-0.05338774407949132,-0.022891157466382383,0.000896759922774586,0.00006469457898162894,0.009735023300326821,0.009735023300326821,
1226,-0.05384379605016753,-0.022714009464998516,0.0008980347798468632,0.00006280839394864183,0.009748526480431868,0.009741825930166204,
1227,-0.05384379605016753,-0.022714009464998516,0.0008980347798468632,0.00006280839394864183,0.009748526480431868,0.009748526480431868,
1228,-0.054296302617033956,-0.022536617990698428,0.0008992719586841684,0.00006092626712982272,0.00975512506193981,0.00975512506193981,
1229,-0.05452122486971899,-0.02244783326883839,0.0008998764442570115,0.000059986743114885203,0.0097680167657433,0.009761621786265842,
1230,-0.05452122486971899,-0.02244783326883839,0.0008998764442570115,0.000059986743114885203,0.0097680167657433,0.0097680167657433,
1231,-0.05474525898479601,-0.022358990457873498,0.0009004715410020938,0.00005904825468762237,0.0097743101134607,0.0097743101134607,
1232,-0.05496840438599511,-0.022270090482045514,0.0009010572593087596,0.00005811080881471762,0.00978050194325937,0.00978050194325937,
1233,-0.05541202678785576,-0.022092122727580977,0.000902200602511754,0.00005623907249117361,0.009792581508216228,0.009792581508216228,
1234,-0.05541202678785576,-0.022092122727580977,0.000902200602511754,0.00005623907249117361,0.009792581508216228,0.009792581508216228,
1235,-0.05585208764969893,-0.021913937378538178,0.0009033065583678768,0.00005437158944715447,0.00979846947480037,0.00979846947480037,
1236,-0.056070781160398056,-0.021824765405526234,0.0009038455427493426,0.000053439460092705784,0.009804256386313014,0.009804256386313014,
1237,-0.056070781160398056,-0.021824765405526234,0.0009038455427493426,0.000053439460092705784,0.009809942360324703,0.009809942360324703,
1238,-0.05628858269321571,-0.021735541791109765,0.0009043752124814708,0.00005250841464017522,0.009815527515144765,0.009815527515144765,
1239,-0.05650549173632202,-0.021646267452136676,0.000904895578435929,0.00005157845990514266,0.009821011969818959,0.009821011969818959,
1240,-0.05672150778705018,-0.021556943304371648,0.0009054066515524233,0.00005064960268149365,0.009826395844127186,0.009826395844127186,
1241,-0.05693663035188557,-0.021467570262489473,0.0009059084428384811,0.000049721849741392336,0.009831679258581062,0.009831679258581062,
1242,-0.05715085894645486,-0.021378149240068388,0.0009064009633692338,0.000048795207835255655,0.009836862334421534,0.009836862334421534,
1243,-0.057576632332941975,-0.02119916690239993,0.0009073582368020638,0.0000469452840176547,0.009846927958858907,0.009841945193616607,
1244,-0.057576632332941975,-0.02119916690239993,0.0009073582368020638,0.0000469452840176547,0.009846927958858907,0.009846927958858907,
1245,-0.057998824253930444,-0.02102000357780975,0.0009082785617957705,0.0000450998847961088,0.009856593701864702,0.009856593701864702,
1246,-0.057998824253930444,-0.02102000357780975,0.0009082785617957705,0.0000450998847961088,0.009856593701864702,0.009856593701864702,
1247,-0.05841743116238866,-0.020840666534774337,0.0009091620293629247,0.00004325906338845211,0.009865860559382662,0.009865860559382662,
1248,-0.05841743116238866,-0.020840666534774337,0.0009091620293629247,0.00004325906338845211,0.009865860559382662,0.009865860559382662,
1249,-0.05862538916818135,-0.020750935135274238,0.0009095899703432036,0.000042340385899621114,0.009870344720447025,0.009870344720447025,
1250,-0.058832449656473,-0.020661163023594095,0.0009100087315768112,0.00004142287266214333,0.009874729538799011,0.009874729538799011,
1251,-0.05903861222465881,-0.020571351103147367,0.0009104183247374939,0.00004050653022957743,0.009879015142137279,0.009879015142137279,
1252,-0.0592438764791623,-0.02048150027618561,0.0009108187615644152,0.0000395913651334871,0.00988320165886606,0.00988320165886606,
1253,-0.05965170851788806,-0.02030168550587528,0.000911592213499392,0.00003776459296687534,0.00989127794962593,0.00989127794962593,
1254,-0.059854275559993814,-0.020211723361162708,0.000911965252410878,0.000036852998849298654,0.00989127794962593,0.00989127794962593,
1255,-0.059854275559993814,-0.020211723361162708,0.000911965252410878,0.000036852998849298654,0.009895167983972115,0.009895167983972115,
1256,-0.0600559428041606,-0.02012172590719439,0.0009123291825950224,0.00003594260797404114,0.009898959452334127,0.009898959452334127,
1257,-0.06025670990177752,-0.020031694040316593,0.0009126840161147685,0.0000350334267623472,0.00990265248660846,0.00990265248660846,
1258,-0.06045657651319114,-0.019941628655675534,0.000913029765097153,0.00003412546161332887,0.009906247219382734,0.009906247219382734,
1259,-0.060655542307693454,-0.019851530647211072,0.0009133664417330848,0.00003321871890394539,0.009909743783933486,0.009909743783933486,
1260,-0.06085360696350979,-0.019761400907650453,0.0009136940582771227,0.00003231320498898039,0.009913142314223633,0.009913142314223633,
1261,-0.06105077016778665,-0.019671240328502072,0.0009140126270472543,0.000031408926201021025,0.009916442944900128,0.009916442944900128,
1262,-0.0612470316165795,-0.019581049800049252,0.0009143221604246736,0.000030505888850436613,0.009919645811291553,0.009919645811291553,
1263,-0.061442391014840496,-0.019490830211344044,0.0009146226708535589,0.000029604099225357287,0.00992275104940564,0.00992275104940564,
1264,-0.0616368480764061,-0.019400582450201053,0.0009149141708408501,0.00002870356359165386,0.009925758795926894,0.009925758795926894,
1265,-0.06183040252398471,-0.019310307403191285,0.0009151966729560264,0.000027804288192917406,0.009928669188214237,0.009928669188214237,
1266,-0.06221480251229935,-0.019129678991600674,0.0009157347341593082,0.00002600954296318641,0.009934198462880024,0.009934198462880024,
1267,-0.06240564754269932,-0.019039327393888774,0.0009159903186970605,0.00002511408550779161,0.009934198462880024,0.009934198462880024,
1268,-0.06240564754269932,-0.019039327393888774,0.0009159903186970605,0.00002511408550779161,0.009936817623326225,0.009936817623326225,
1269,-0.06278462646632602,-0.01885855382230331,0.0009164746597315876,0.000023327031687276496,0.009939339985669239,0.009939339985669239,
1270,-0.06278462646632602,-0.01885855382230331,0.0009164746597315876,0.000023327031687276496,0.009941765690603413,0.009941765690603413,
1271,-0.0629727599021086,-0.01876813360767264,0.0009167034420472162,0.000022435447563540626,0.009944094879482876,0.009944094879482876,
1272,-0.06334631364389642,-0.018587230709206273,0.0009171342952799845,0.000020656195324477296,0.00994846427777872,0.009946327694319135,
1273,-0.06334631364389642,-0.018587230709206273,0.0009171342952799845,0.000020656195324477296,0.00994846427777872,0.00994846427777872,
1274,-0.06353173354511903,-0.018496749776879248,0.000917336392381154,0.000019768539315978504,0.009950504773180532,0.009950504773180532,
1275,-0.0638998584618685,-0.018315733315038697,0.0009177139934657364,0.00001799719761960886,0.009954298076334647,0.009952449324493622,
1276,-0.06408256312504061,-0.018225199529192628,0.0009178895239943138,0.000017113523903683528,0.009956051173965468,0.009956051173965468,
1277,-0.06408256312504061,-0.018225199529192628,0.0009178895239943138,0.000017113523903683528,0.009956051173965468,0.009956051173965468,
1278,-0.06426436237102517,-0.018134649866975605,0.0009180562256433863,0.000016231189553031828,0.009957708763290607,0.009957708763290607,
1279,-0.06444525604540102,-0.018044085196914476,0.0009182141118344902,0.00001535020049730709,0.009959270990854995,0.009959270990854995,
1280,-0.06480432610502164,-0.017862914300695264,0.0009185034918245917,0.000013592281876439244,0.009960738003841292,0.009960738003841292,
1281,-0.0649825022247636,-0.017772309804901455,0.000918635012761639,0.000012715364057743051,0.009962109950067612,0.009962109950067612,
1282,-0.0649825022247636,-0.017772309804901455,0.000918635012761639,0.000012715364057743051,0.009963386977985038,0.009963386977985038,
1283,-0.06533613604516153,-0.017591067033735388,0.0009188717848039288,0.000010965640600407504,0.009965656875847308,0.009965656875847308,
1284,-0.06533613604516153,-0.017591067033735388,0.0009188717848039288,0.000010965640600407504,0.009965656875847308,0.009965656875847308,
1285,-0.06551159353210405,-0.017500430480606757,0.0009189770633975336,0.000010092846572520242,0.009966650045836876,0.009966650045836876,
1286,-0.06568614460873834,-0.01740978496166775,0.0009190736221282037,0.00000922143871457375,0.009967548897602083,0.009967548897602083,
1287,-0.06585978918969472,-0.01731913133461807,0.000919161474884556,0.000008351422775299041,0.009968353582721842,0.009968353582721842,
1288,-0.0660325271981736,-0.01722847045577841,0.0009192406356125738,0.000007482804480742265,0.009969064253393278,0.009969064253393278,
1289,-0.06620435856593167,-0.01713780318008481,0.00091931111831538,0.000006615589534249835,0.009969681062429299,0.009969681062429299,
1290,-0.06637528323326805,-0.017047130361083077,0.0009193729370530095,0.000005749783616453188,0.009970204163255995,0.009970204163255995,
1291,-0.06671441227050055,-0.016865771500353795,0.0009194706391560786,0.00000402242147581794,0.009970633709910352,0.009970633709910352,
1292,-0.06671441227050055,-0.016865771500353795,0.0009194706391560786,0.00000402242147581794,0.009970969857037645,0.009970969857037645,
1293,-0.06688261656358127,-0.01677508715871658,0.0009195065509241051,0.000003160876500543465,0.009971212759889055,0.009971212759889055,
1294,-0.06704991400258137,-0.016684400673940863,0.0009195338555316741,0.0000023007630490658095,0.009971362574319118,0.009971362574319118,
1295,-0.06721630457030192,-0.01659371289253806,0.0009195525673199722,0.0000014420866882352519,0.009971419456783315,0.009971419456783315,
1296,-0.06754636506538449,-0.016412336818774614,0.0009195642700810101,-0.0000002709326080793453,0.009971255054625906,0.009971255054625906,
1297,-0.06771003500058156,-0.01632165021229826,0.0009195572900129471,-0.000001125264523897208,0.009971255054625906,0.009971255054625906,
1298,-0.06771003500058156,-0.01632165021229826,0.0009195572900129471,-0.000001125264523897208,0.009971034085897633,0.009971034085897633,
1299,-0.06803465432900932,-0.016140284064078025,0.0009195177397894641,-0.000002829545512928215,0.009970720816985246,0.009970720816985246,
1300,-0.068195603780522,-0.016049606199564675,0.0009194851989217328,-0.00000367948370351842,0.009970315407311761,0.009970315407311761,
1301,-0.06835564647638427,-0.01595893292384696,0.0009194441671655822,-0.00000452794647451875,0.009969818016886213,0.009969818016886213,
1302,-0.06851478246665887,-0.015868265071898334,0.0009193946593001858,-0.000005374928441799335,0.009968547936730757,0.0099692288063013,
1303,-0.06851478246665887,-0.015868265071898334,0.0009193946593001858,-0.000005374928441799335,0.009968547936730757,0.009968547936730757,
1304,-0.06883033457239332,-0.015686948971865622,0.0009192702746267185,-0.000007064428543156386,0.009966911868218534,0.009967775569926993,
1305,-0.06883033457239332,-0.015686948971865622,0.0009192702746267185,-0.000007064428543156386,0.009966911868218534,0.009966911868218534,
1306,-0.06898675082963183,-0.01559630238637614,0.0009191954276446774,-0.000007906936023481866,0.00996595699450754,0.00996595699450754,
1307,-0.0691422606648105,-0.015505664549834503,0.0009191121642049915,-0.000008747941392606354,0.009964911112267362,0.009964911112267362,
1308,-0.06929686416955663,-0.0154150362898305,0.0009190204993531425,-0.000009587439380972742,0.009963774385540011,0.009963774385540011,
1309,-0.06945056144376603,-0.015324418432461587,0.0009189204481871858,-0.000010425424741969555,0.0099625469789337,0.0099625469789337,
1310,-0.06960335259558795,-0.015233811802327739,0.0009188120258575214,-0.000011261892251941113,0.009961229057620327,0.009961229057620327,
1311,-0.06975523774141013,-0.01514321722252632,0.0009186952475666642,-0.00001209683671019678,0.009959820787333006,0.009959820787333006,
1312,-0.07005629052170832,-0.014962067498766626,0.0009184366841706272,-0.000013762135783680745,0.009958322334363556,0.009958322334363556,
1313,-0.07005629052170832,-0.014962067498766626,0.0009184366841706272,-0.000013762135783680745,0.009956733865560067,0.009956733865560067,
1314,-0.07020545843001655,-0.014871513993444241,0.000918294929728984,-0.000014592480112437965,0.009955055548324276,0.009955055548324276,
1315,-0.0703537208799591,-0.014780975815715984,0.0009181448806527615,-0.000015421280816554448,0.009953287550609227,0.009953287550609227,
1316,-0.07050107802888936,-0.014690453781090108,0.0009179865524016022,-0.00001624853281030263,0.009951430040916628,0.009951430040916628,
1317,-0.07064753004230813,-0.014599948703541987,0.0009178199604858839,-0.000017074231030972625,0.009949483188294521,0.009949483188294521,
1318,-0.07079307709384829,-0.014509461395509142,0.0009176451204664899,-0.000017898370438881434,0.009947447162334599,0.009947447162334599,
1319,-0.07108145704639213,-0.014328543330020526,0.0009172707586113525,-0.00001954195277285889,0.009943108271471945,0.009945322133169815,
1320,-0.07108145704639213,-0.014328543330020526,0.0009172707586113525,-0.00001954195277285889,0.009943108271471945,0.009943108271471945,
1321,-0.07122429033518299,-0.014238114189706195,0.0009170712681478295,-0.000020361385734760682,0.009940805748448946,0.009940805748448946,
1322,-0.07136621943763857,-0.014147706053180253,0.0009168635923246102,-0.000021179239955582295,0.009938414735842508,0.009938414735842508,
1323,-0.07164736594782743,-0.013966956008624753,0.0009164237478880234,-0.00002281019249929438,0.009935935405925609,0.009935935405925609,
1324,-0.07178658380778408,-0.01387661570523808,0.0009161916110417014,-0.00002362328104252079,0.00993336793149998,0.00993336793149998,
1325,-0.07192489838582072,-0.013786299614915974,0.0009159513523693132,-0.000024434771285350532,0.009927969242957912,0.009927969242957912,
1326,-0.07192489838582072,-0.013786299614915974,0.0009159513523693132,-0.000024434771285350532,0.009927969242957912,0.009927969242957912,
1327,-0.0720623099280598,-0.013696008536035614,0.0009157029878759191,-0.000025244658395660058,0.009925138377066059,0.009925138377066059,
1328,-0.07233442492949829,-0.013515504598172846,0.0009151820056871201,-0.000026859604005698252,0.009922220063109624,0.009922220063109624,
1329,-0.0724691289207582,-0.013425293327994662,0.000914909420241909,-0.000027664652956671803,0.00991921447649647,0.00991921447649647,
1330,-0.0724691289207582,-0.013425293327994662,0.000914909420241909,-0.000027664652956671803,0.00991612179314812,0.00991612179314812,
1331,-0.07260293094030959,-0.013335110246857315,0.0009146287934756175,-0.000028468079677624063,0.009912942189497401,0.009912942189497401,
1332,-0.07273583127399477,-0.013244956145159761,0.0009143401416319931,-0.0000292698794519545,0.009909675842485768,0.009909675842485768,
1333,-0.0729989280665993,-0.013064738033627215,0.0009137388279227254,-0.0000308685794099485,0.009902883628674343,0.009906322929560982,
1334,-0.0729989280665993,-0.013064738033627215,0.0009137388279227254,-0.0000308685794099485,0.009902883628674343,0.009902883628674343,
1335,-0.07312912513661844,-0.0129746755965237,0.0009134261987788733,-0.00003166547027602577,0.009899358118278433,0.009899358118278433,
1336,-0.07325842174293859,-0.012884645284313804,0.0009131056100008084,-0.00003246071556031613,0.009895746577324501,0.009895746577324501,
1337,-0.0733868182107201,-0.01279464787930264,0.0009127770780651869,-0.000033254310661858404,0.009892049185259884,0.009892049185259884,
1338,-0.07351431487293823,-0.012704684162162937,0.0009124406194945531,-0.00003404625100282999,0.009888266122025674,0.009888266122025674,
1339,-0.07364091207036677,-0.012614754911930535,0.0009120962508571077,-0.00003483653202855162,0.009884397568054055,0.009884397568054055,
1340,-0.0738914094728446,-0.012435002920119856,0.0009113838498814787,-0.00003641209803125849,0.009876404712067952,0.009876404712067952,
1341,-0.07401531039828645,-0.012345181728388797,0.0009110158509058962,-0.000037197374014624396,0.009876404712067952,0.009876404712067952,
1342,-0.07401531039828645,-0.012345181728388797,0.0009110158509058962,-0.000037197374014624396,0.009872280773351033,0.009872280773351033,
1343,-0.07413831329969083,-0.012255398103250666,0.0009106400085882413,-0.000037980972695507526,0.00986807207048665,0.00986807207048665,
1344,-0.07438162655616572,-0.01207594663422956,0.0009098648611430278,-0.00003954312041728391,0.00986377878632514,0.00986377878632514,
1345,-0.07438162655616572,-0.01207594663422956,0.0009098648611430278,-0.00003954312041728391,0.009859401104192814,0.009859401104192814,
1346,-0.07450193769335767,-0.01198628032692213,0.0009094655897340635,-0.00004032166064980415,0.009854939207889601,0.009854939207889601,
1347,-0.07462135237072169,-0.011896654659350078,0.0009090585424197523,-0.00004109850596309802,0.009850393281686458,0.009850393281686458,
1348,-0.07473987099847558,-0.011807070395619143,0.0009086437361687868,-0.00004187365201088241,0.009845763510322906,0.009845763510322906,
1349,-0.07485749399446975,-0.01171752829815456,0.000908221187993201,-0.000042647094470037926,0.009841050079004491,0.009841050079004491,
1350,-0.07497422178417049,-0.011628029127696825,0.0009077909149481385,-0.00004341882904060966,0.009836253173400294,0.009836253173400294,
1351,-0.075090054800643,-0.011538573643297483,0.0009073529341316211,-0.00004418885144580796,0.009831372979640398,0.009831372979640398,
1352,-0.07520499348453456,-0.01144916260231493,0.0009069072626843168,-0.00004495715743200882,0.009826409684313413,0.009826409684313413,
1353,-0.07543218965497243,-0.011270476871543068,0.0009059929166718632,-0.00004648860324875307,0.009821363474463923,0.009821363474463923,
1354,-0.07543218965497243,-0.011270476871543068,0.0009059929166718632,-0.00004648860324875307,0.009816234537589952,0.009816234537589952,
1355,-0.07554444806057076,-0.011181203687967434,0.0009055242765991979,-0.000047251734687878404,0.009811023061640556,0.009811023061640556,
1356,-0.07565581397165806,-0.01109197796022771,0.0009050480148802504,-0.00004801313292516998,0.009805729235013182,0.009805729235013182,
1357,-0.07576628786653675,-0.011002800437154504,0.0009045641488654472,-0.00004877279382283176,0.00980035324655127,0.00980035324655127,
1358,-0.07587587023098893,-0.010913671865860614,0.0009040726959464707,-0.000049530713266231995,0.009794895285541682,0.009794895285541682,
1359,-0.07609236234903768,-0.010735564558448747,0.0009030670991676234,-0.000051041311447534864,0.009789355541712171,0.009789355541712171,
1360,-0.07619927311144209,-0.01064658730793114,0.0009025529902953173,-0.000051793982071983824,0.00977803146669402,0.009783734205228937,
1361,-0.07619927311144209,-0.01064658730793114,0.0009025529902953173,-0.000051793982071983824,0.00977803146669402,0.00977803146669402,
1362,-0.07630529436100111,-0.010557661980385642,0.0009020313644935044,-0.00005254489501526039,0.009772247517142913,0.009772247517142913,
1363,-0.07651467042064664,-0.010379970046324237,0.0009009656325191955,-0.00005404143188612547,0.009760436751285854,0.009760436751285854,
1364,-0.07651467042064664,-0.010379970046324237,0.0009009656325191955,-0.00005404143188612547,0.009760436751285854,0.009760436751285854,
1365,-0.07672049479975625,-0.010202494643051162,0.0008998700444776559,-0.000055530890347319375,0.009748303444513742,0.009754410319195137,
1366,-0.07672049479975625,-0.010202494643051162,0.0008998700444776559,-0.000055530890347319375,0.009748303444513742,0.009748303444513742,
1367,-0.07682207647617413,-0.01011383997243077,0.0008993110987395707,-0.00005627295536531789,0.009742116320406467,0.009742116320406467,
1368,-0.07702258160085264,-0.009936700341802175,0.0008981709927861094,-0.0000577517375606979,0.009735849140456308,0.009735849140456308,
1369,-0.07712150619021438,-0.009848216835940973,0.0008975898682696606,-0.000058488447041330955,0.009729502098662194,0.009729502098662194,
1370,-0.07721954623709208,-0.009759791836201617,0.0008970013865899175,-0.000059223363684653145,0.009716569207601725,0.009716569207601725,
1371,-0.07721954623709208,-0.009759791836201617,0.0008970013865899175,-0.000059223363684653145,0.009716569207601725,0.009716569207601725,
1372,-0.07741297506531047,-0.009583120243914799,0.0008958024235581996,-0.0000606878033203267,0.009703319207437347,0.009703319207437347,
1373,-0.07750836504563499,-0.009494875091337118,0.0008951919782092805,-0.00006141731880097097,0.009703319207437347,0.009703319207437347,
1374,-0.07750836504563499,-0.009494875091337118,0.0008951919782092805,-0.00006141731880097097,0.009696575780785019,0.009696575780785019,
1375,-0.07760287288140755,-0.009406691324813496,0.000894574247702717,-0.00006214502642088056,0.009689753664873905,0.009689753664873905,
1376,-0.07778924459619527,-0.009230510810237895,0.000893317003632391,-0.00006359500330935561,0.009675874153028743,0.009675874153028743,
1377,-0.07778924459619527,-0.009230510810237895,0.000893317003632391,-0.00006359500330935561,0.009675874153028743,0.009675874153028743,
1378,-0.07788110973150753,-0.009142515487860802,0.0008926775263684152,-0.00006431726525111646,0.009668817151958362,0.009668817151958362,
1379,-0.07806220175206655,-0.008966718263638089,0.0008913769524056384,-0.0000657563179859153,0.009661682251351496,0.009661682251351496,
1380,-0.07815142993621885,-0.00887891777667071,0.0008907158922243208,-0.00006647310159071945,0.009647179545543845,0.009647179545543845,
1381,-0.07823978044732927,-0.008791183646706717,0.0008900476743143695,-0.00006718805193344276,0.009647179545543845,0.009647179545543845,
1382,-0.07832725395248231,-0.008703516576662847,0.0008893723170236747,-0.00006790116547766763,0.009632367627479606,0.009639812138312776,
1383,-0.07832725395248231,-0.008703516576662847,0.0008893723170236747,-0.00006790116547766763,0.009632367627479606,0.009632367627479606,
1384,-0.07841385112578259,-0.008615917267640638,0.0008886898387353713,-0.00006861243871004527,0.009624846212979796,0.009624846212979796,
1385,-0.07849957264833661,-0.008528386418922977,0.0008880002578676076,-0.00006932186814028887,0.009617248095124573,0.009617248095124573,
1386,-0.07858441920823461,-0.008440924727970698,0.0008873035928733149,-0.0000700294503011672,0.00960957347459843,0.00960957347459843,
1387,-0.07866839150053233,-0.008353532890419181,0.0008865998622399769,-0.00007073518174849793,0.009601822552456573,0.009601822552456573,
1388,-0.07875149022723268,-0.008266211600074985,0.0008858890844893995,-0.00007143905906114008,0.009593995530122482,0.009593995530122482,
1389,-0.07891506982647921,-0.008091783427070611,0.000884446461893979,-0.00007284123771295902,0.009578113992397875,0.009578113992397875,
1390,-0.07891506982647921,-0.008091783427070611,0.000884446461893979,-0.00007284123771295902,0.009578113992397875,0.009578113992397875,
1391,-0.07907516376024538,-0.007917645722706965,0.0008829758739391914,-0.00007423595934804737,0.009570059881673122,0.009570059881673122,
1392,-0.079153905430872,-0.007830687511255914,0.0008822301396146597,-0.00007493051547606853,0.00956193048008272,0.00956193048008272,
1393,-0.079153905430872,-0.007830687511255914,0.0008822301396146597,-0.00007493051547606853,0.00955372599085397,0.00955372599085397,
1394,-0.07930878189609687,-0.007656995783632762,0.0008807178838856095,-0.00007631400193780016,0.0095454466175675,0.0095454466175675,
1395,-0.07930878189609687,-0.007656995783632762,0.0008807178838856095,-0.00007631400193780016,0.009537092564154736,0.009537092564154736,
1396,-0.079384918197733,-0.007570263627430385,0.0008799514000248029,-0.0000770029257743592,0.0095286640348954,0.0095286640348954,
1397,-0.07953459075753469,-0.007397030116237122,0.0008783978144121391,-0.00007837511858826545,0.00952016123441502,0.00952016123441502,
1398,-0.07960812856336996,-0.007310530110057781,0.0008776107503968157,-0.00007905838120624672,0.009511584367682445,0.009511584367682445,
1399,-0.07968080176282942,-0.007224108832920571,0.0008768168641192787,-0.00007973975043024456,0.009502933640007422,0.009502933640007422,
1400,-0.07975261114655206,-0.007137766954561002,0.0008760161745265887,-0.0000804192231379239,0.009494209257037995,0.009494209257037995,
1401,-0.07982355751186485,-0.00705150514284096,0.0008752087005969105,-0.0000810967962298713,0.009485411424758106,0.009485411424758106,
1402,-0.07982355751186485,-0.00705150514284096,0.0008752087005969105,-0.0000810967962298713,0.00947654034948506,0.00947654034948506,
1403,-0.07989364166276398,-0.006965324063745678,0.0008743944613392846,-0.00008177246662958448,0.009467596237867122,0.009467596237867122,
1404,-0.08003122657053963,-0.006793206757969036,0.0008727457630293556,-0.00008311808716079696,0.009458579296880917,0.009458579296880917,
1405,-0.08003122657053963,-0.006793206757969036,0.0008727457630293556,-0.00008311808716079696,0.009449489733829034,0.009449489733829034,
1406,-0.08009872896858554,-0.006707271853847918,0.0008719113421474502,-0.00008378803125375634,0.009440327756337517,0.009440327756337517,
1407,-0.0802311578053998,-0.006535652835381004,0.0008702224525807954,-0.00008512217216956741,0.00943109357235343,0.00943109357235343,
1408,-0.08029608592484438,-0.006449970032255449,0.0008693680222455183,-0.00008578636309106158,0.009421787390142279,0.009421787390142279,
1409,-0.08036015764300598,-0.00636437257085518,0.000868506960490866,-0.00008644863042544371,0.009402959865678703,0.009402959865678703,
1410,-0.08036015764300598,-0.00636437257085518,0.000868506960490866,-0.00008644863042544371,0.009402959865678703,0.009402959865678703,
1411,-0.08042337381655605,-0.006278861102045817,0.000867639286564647,-0.00008710897127911777,0.009393438941527601,0.009393438941527601,
1412,-0.0804857353086652,-0.006193436274790071,0.0008667650197434878,-0.00008776738278130038,0.009383846855347194,0.009383846855347194,
1413,-0.08060789773362455,-0.006022849131258899,0.0008649967846655769,-0.00008907840636204645,0.009374183816958431,0.009374183816958431,
1414,-0.08060789773362455,-0.006022849131258899,0.0008649967846655769,-0.00008907840636204645,0.009364450036485958,0.009364450036485958,
1415,-0.08066770042514015,-0.005937688103369201,0.0008641028551041171,-0.00008973101281299501,0.009354645724355593,0.009354645724355593,
1416,-0.0807266519525074,-0.0058526162937990785,0.0008632024100378452,-0.00009038167865719727,0.009344771091291924,0.009344771091291924,
1417,-0.08084200510270174,-0.005682742885324257,0.0008613820510875132,-0.00009167717752047506,0.00933482634831578,0.00933482634831578,
1418,-0.08084200510270174,-0.005682742885324257,0.0008613820510875132,-0.00009167717752047506,0.009324811706741818,0.009324811706741818,
1419,-0.08089840853542325,-0.005597942559471724,0.000860462176120179,-0.00009232200509393657,0.009314727378176048,0.009314727378176048,
1420,-0.0809539644237468,-0.005513233998037781,0.0008595358634810303,-0.00009296488116939773,0.009304573574513328,0.009304573574513328,
1421,-0.08100867368847503,-0.0054286178327354025,0.0008586031326958101,-0.00009360580308082171,0.009294350507934928,0.009294350507934928,
1422,-0.08106253725671805,-0.005344094693347609,0.0008576640033168047,-0.00009424476818485488,0.009284058390906194,0.009284058390906194,
1423,-0.08116773104361043,-0.005175330001782644,0.0008557666271179412,-0.00009551681751067211,0.009273697436173857,0.009273697436173857,
1424,-0.08121906314784345,-0.005091089699498639,0.0008548084195333332,-0.00009614989655904202,0.009263267856763787,0.009263267856763787,
1425,-0.0812695533267199,-0.005006944922910503,0.0008538438918249875,-0.0000967810084531646,0.009242203677394313,0.009242203677394313,
1426,-0.08131920253859706,-0.004922896292113232,0.0008528730636745097,-0.00009741015066289258,0.009231569504859788,0.009231569504859788,
1427,-0.08131920253859706,-0.004922896292113232,0.0008528730636745097,-0.00009741015066289258,0.009231569504859788,0.009231569504859788,
1428,-0.0813680117480235,-0.004838944425256719,0.0008518959547886903,-0.00009803732068067609,0.009210098064676452,0.009210098064676452,
1429,-0.0814159819257195,-0.004755089938543306,0.0008509125848992793,-0.00009866251602154757,0.009210098064676452,0.009210098064676452,
1430,-0.08150940909954327,-0.004587675560602876,0.0008489271411601247,-0.00009990697284550636,0.009199261226060714,0.009199261226060714,
1431,-0.08150940909954327,-0.004587675560602876,0.0008489271411601247,-0.00009990697284550636,0.009188357261555813,0.009188357261555813,
1432,-0.08159949194852488,-0.004420658048868105,0.0008469168908016579,-0.00010114350170609676,0.00916634881581592,0.009177386386331823,
1433,-0.08164328174301941,-0.004337299637572605,0.000845902512728322,-0.00010175878717720944,0.00915524476568983,0.00916634881581592,
1434,-0.08164328174301941,-0.004337299637572605,0.000845902512728322,-0.00010175878717720944,0.00915524476568983,0.00915524476568983,
1435,-0.0816862384586193,-0.004254042262601486,0.00084488199255341,-0.00010237208353497318,0.009144074451887465,0.009144074451887465,
1436,-0.08172836310870021,-0.004170886526457592,0.0008438553501770756,-0.0001029833884520618,0.009132838090592439,0.009132838090592439,
1437,-0.08176965671265297,-0.004087833029677442,0.0008428226055226304,-0.00010359269962360466,0.009121535898235705,0.009121535898235705,
1438,-0.08181012029586394,-0.004004882370828979,0.0008417837785363194,-0.0001042000147671706,0.009110168091493025,0.009110168091493025,
1439,-0.08188856153146534,-0.0038392919513426968,0.0008396879574664024,-0.00010540864795273964,0.009098734887282635,0.009098734887282635,
1440,-0.08192654126442872,-0.0037566533779779796,0.0008386310033879363,-0.00010600996154192272,0.009087236502762754,0.009087236502762754,
1441,-0.08196369513775668,-0.003674120017086816,0.0008375680469874366,-0.00010660927019745432,0.009064045062612987,0.009075673155329218,
1442,-0.08200002420651732,-0.0035916924573613433,0.0008364991083224553,-0.00010720657174884228,0.009052352442477776,0.009064045062612987,
1443,-0.08200002420651732,-0.0035916924573613433,0.0008364991083224553,-0.00010720657174884228,0.009052352442477776,0.009052352442477776,
1444,-0.08203552953165572,-0.003509371285512105,0.0008354242074721343,-0.00010780186404792989,0.009040595513017584,0.009040595513017584,
1445,-0.08210407322411223,-0.0033450504423639988,0.0008332565996386552,-0.00010898641240814532,0.009016889599635487,0.009028774492554351,
1446,-0.08213711374252705,-0.0032630519345595186,0.0008321639329197254,-0.00010957566428447425,0.009016889599635487,0.009016889599635487,
1447,-0.08216933481947328,-0.0031811621416159733,0.0008310653845434669,-0.00011016289853886829,0.00900494105303148,0.00900494105303148,
1448,-0.08220073754498326,-0.0030993816403049788,0.000829960974693629,-0.00011074811313457514,0.008992929071733442,0.008992929071733442,
1449,-0.08220073754498326,-0.0030993816403049788,0.000829960974693629,-0.00011074811313457514,0.008980853874950751,0.008980853874950751,
1450,-0.0822313230148471,-0.0030177110054043286,0.0008288507235742149,-0.00011133130605706765,0.008968715682108663,0.008968715682108663,
1451,-0.08226109233059269,-0.0029361508096960327,0.0008277346514092591,-0.0001119124753140253,0.008956514712845833,0.008956514712845833,
1452,-0.08229004659946575,-0.002854701623964376,0.0008266127784426061,-0.00011249161893531473,0.00894425118701193,0.00894425118701193,
1453,-0.08231818693440984,-0.0027733640169940034,0.000825485124937688,-0.00011306873497297003,0.008931925324665302,0.008931925324665302,
1454,-0.08237203028265458,-0.0026110258044661295,0.0008232125574633963,-0.0001142168766162381,0.008907087471695952,0.008919537346070518,
1455,-0.08239773555015144,-0.0025300263264627586,0.0008220676841168339,-0.00011478789843658276,0.008894575922211458,0.008894575922211458,
1456,-0.08239773555015144,-0.0025300263264627586,0.0008220676841168339,-0.00011478789843658276,0.008894575922211458,0.008894575922211458,
1457,-0.08242263139207165,-0.0024491406823252495,0.0008209171114771866,-0.00011535688510271729,0.008882002918485909,0.008882002918485909,
1458,-0.082469999369289,-0.0022877131286708798,0.000818598949769109,-0.00011648874564471576,0.008856673432768004,0.00886936868158482,
1459,-0.082469999369289,-0.0022877131286708798,0.000818598949769109,-0.00011648874564471576,0.008856673432768004,0.008856673432768004,
1460,-0.0825141434101749,-0.00212674758943169,0.0008162582354214007,-0.00011761244380731254,0.008831100785383543,0.008831100785383543,
1461,-0.0825141434101749,-0.00212674758943169,0.0008162582354214007,-0.00011761244380731254,0.008831100785383543,0.008831100785383543,
1462,-0.08253500935244562,-0.0020464394557599365,0.0008150794720490444,-0.00011817122758172231,0.00881822383028539,0.00881822383028539,
1463,-0.08257433492471562,-0.0018861752037482265,0.0008127052351429025,-0.00011928265587980789,0.008805286750205754,0.008805286750205754,
1464,-0.08259279690876235,-0.0018062201767238375,0.0008115098025547013,-0.00011983529701452019,0.00877923310406372,0.008792289767340068,
1465,-0.08259279690876235,-0.0018062201767238375,0.0008115098025547013,-0.00011983529701452019,0.00877923310406372,0.00877923310406372,
1466,-0.08262732519860089,-0.001646667033759959,0.000809102411597754,-0.00012093442494716642,0.008766116982929725,0.008766116982929725,
1467,-0.08264339389099756,-0.0015670699969956982,0.000807890494274277,-0.0001214809084874786,0.008739707258174717,0.008739707258174717,
1468,-0.08264339389099756,-0.0015670699969956982,0.000807890494274277,-0.0001214809084874786,0.008739707258174717,0.008739707258174717,
1469,-0.0826586672150886,-0.0014875933661154788,0.0008066731231112354,-0.00012202533627510979,0.008726414100526495,0.008726414100526495,
1470,-0.08268683259061407,-0.001329003458050458,0.0008042221015328673,-0.00012310801831718853,0.008699652310885325,0.008713062376961522,
1471,-0.08269972707149591,-0.0012498912438096894,0.0008029884922896057,-0.00012364626948852082,0.008699652310885325,0.008699652310885325,
1472,-0.08271183104292629,-0.0011709015613380366,0.000801749511550474,-0.00012418245874089645,0.008686184125866987,0.008686184125866987,
1473,-0.08271183104292629,-0.0011709015613380366,0.000801749511550474,-0.00012418245874089645,0.008672658045636585,0.008672658045636585,
1474,-0.0827231457328547,-0.0010920349370232099,0.0008005051799393862,-0.0001247165845871108,0.008659074294082993,0.008659074294082993,
1475,-0.08274341220625181,-0.0009346729582317559,0.0007980005466705891,-0.00012577864022071545,0.008631734673341064,0.008631734673341064,
1476,-0.08275236647180649,-0.0008561786463431907,0.0007967402863336486,-0.00012630656714210392,0.008631734673341064,0.008631734673341064,
1477,-0.08276053641999043,-0.0007778094777847983,0.0007954747577658564,-0.00012683242492528098,0.00861797925270289,0.00861797925270289,
1478,-0.08276792330481775,-0.0006995659687485998,0.0007942039816627682,-0.00012735621219130852,0.008590298313391063,0.008604167057837127,
1479,-0.08277452838545431,-0.0006214486333833868,0.0007929279787336193,-0.0001278779275828312,0.008590298313391063,0.008590298313391063,
1480,-0.08277452838545431,-0.0006214486333833868,0.0007929279787336193,-0.0001278779275828312,0.008576373244156619,0.008576373244156619,
1481,-0.0827803529261972,-0.0005434579837934085,0.0007916467697011094,-0.0001283975697640521,0.008562392075068058,0.008562392075068058,
1482,-0.08278539819645435,-0.00046559453003707836,0.0007903603753011862,-0.00012891513742070875,0.008548355031199672,0.008548355031199672,
1483,-0.08278966547072403,-0.00038785878012570187,0.0007890688162828311,-0.0001294306292600492,0.008534262337763311,0.008534262337763311,
1484,-0.0827958711546229,-0.00023277241364001662,0.0007864702874506278,-0.000130455380423174,0.008520114220106305,0.008520114220106305,
1485,-0.0827958711546229,-0.00023277241364001662,0.0007864702874506278,-0.000130455380423174,0.00850591090370892,0.00850591090370892,
1486,-0.0827989802749085,-0.00007820290743766652,0.0007838513494488552,-0.00013147181334067598,0.008491652614182112,0.008491652614182112,
1487,-0.0827989802749085,-0.00007820290743766652,0.0007838513494488552,-0.00013147181334067598,0.008477339577265264,0.008477339577265264,
1488,-0.08279900320872927,0.0000758457482115797,0.0007812121687166716,-0.00013247991844238328,0.008448550164846814,0.008462972018823777,
1489,-0.08279786062032413,0.00015267351910598826,0.0007798850393904947,-0.00013298084516511117,0.008434074241444978,0.008434074241444978,
1490,-0.08279595041271039,0.00022936959590647162,0.0007785529118811952,-0.00013347968649989763,0.008434074241444978,0.008434074241444978,
1491,-0.08279595041271039,0.00022936959590647162,0.0007785529118811952,-0.00013347968649989763,0.008419544474848027,0.008419544474848027,
1492,-0.08278983242229605,0.0003823647111499046,0.0007758737457506781,-0.00013447110862578016,0.008404961091402515,0.008404961091402515,
1493,-0.08278983242229605,0.0003823647111499046,0.0007758737457506781,-0.00013447110862578016,0.008390324317569513,0.008390324317569513,
1494,-0.0827806598510911,0.0005348272023832034,0.0007731748373076954,-0.00013545417627272555,0.008375634379922345,0.008375634379922345,
1495,-0.0827749314356535,0.0006108575068987028,0.0007718180319470786,-0.00013594257458836366,0.008346095920026067,0.008346095920026067,
1496,-0.0827749314356535,0.0006108575068987028,0.0007718180319470786,-0.00013594257458836366,0.008346095920026067,0.008346095920026067,
1497,-0.08276119706312576,0.0007625138375778423,0.000769089823492345,-0.00013691309523268977,0.008331247851464075,0.008331247851464075,
1498,-0.0827531938075763,0.0008381389114731713,0.0007677184622455084,-0.00013739521563622975,0.00830139517210646,0.008316347526457523,
1499,-0.08274443498144513,0.0009136279596686955,0.0007663422908997089,-0.00013787524151239526,0.008286391015609428,0.00830139517210646,
1500,-0.08273492194734397,0.0009889805111944555,0.0007649613304020155,-0.00013835317195128128,0.008271335284261175,0.008286391015609428,
