controller,theta0,t,theta,force
pd,0.0500,0.0000,0.050000,6.000000
pd,0.0500,0.0100,0.049601,4.472390
pd,0.0500,0.0200,0.048515,3.277056
pd,0.0500,0.0300,0.046939,2.345068
pd,0.0500,0.0400,0.045026,1.621585
pd,0.0500,0.0500,0.042894,1.062975
pd,0.0500,0.0600,0.040634,0.634532
pd,0.0500,0.0700,0.038313,0.308657
pd,0.0500,0.0800,0.035984,0.063422
pd,0.0500,0.0900,0.033685,-0.118589
pd,0.0500,0.1000,0.031442,-0.251189
pd,0.0500,0.1100,0.029277,-0.345328
pd,0.0500,0.1200,0.027201,-0.409670
pd,0.0500,0.1300,0.025223,-0.451061
pd,0.0500,0.1400,0.023348,-0.474903
pd,0.0500,0.1500,0.021578,-0.485446
pd,0.0500,0.1600,0.019912,-0.486030
pd,0.0500,0.1700,0.018348,-0.479269
pd,0.0500,0.1800,0.016884,-0.467201
pd,0.0500,0.1900,0.015516,-0.451411
pd,0.0500,0.2000,0.014239,-0.433124
pd,0.0500,0.2100,0.013050,-0.413282
pd,0.0500,0.2200,0.011943,-0.392600
pd,0.0500,0.2300,0.010914,-0.371620
pd,0.0500,0.2400,0.009958,-0.350746
pd,0.0500,0.2500,0.009071,-0.330273
pd,0.0500,0.2600,0.008248,-0.310413
pd,0.0500,0.2700,0.007484,-0.291311
pd,0.0500,0.2800,0.006777,-0.273063
pd,0.0500,0.2900,0.006122,-0.255728
pd,0.0500,0.3000,0.005515,-0.239332
pd,0.0500,0.3100,0.004952,-0.223884
pd,0.0500,0.3200,0.004432,-0.209372
pd,0.0500,0.3300,0.003950,-0.195774
pd,0.0500,0.3400,0.003504,-0.183061
pd,0.0500,0.3500,0.003092,-0.171197
pd,0.0500,0.3600,0.002710,-0.160141
pd,0.0500,0.3700,0.002357,-0.149853
pd,0.0500,0.3800,0.002030,-0.140289
pd,0.0500,0.3900,0.001728,-0.131408
pd,0.0500,0.4000,0.001448,-0.123167
pd,0.0500,0.4100,0.001189,-0.115525
pd,0.0500,0.4200,0.000949,-0.108444
pd,0.0500,0.4300,0.000728,-0.101885
pd,0.0500,0.4400,0.000523,-0.095814
pd,0.0500,0.4500,0.000333,-0.090195
pd,0.0500,0.4600,0.000157,-0.084998
pd,0.0500,0.4700,-0.000006,-0.080192
pd,0.0500,0.4800,-0.000156,-0.075749
pd,0.0500,0.4900,-0.000296,-0.071642
pd,0.0500,0.5000,-0.000425,-0.067847
pd,0.0500,0.5100,-0.000544,-0.064342
pd,0.0500,0.5200,-0.000655,-0.061103
pd,0.0500,0.5300,-0.000757,-0.058113
pd,0.0500,0.5400,-0.000852,-0.055352
pd,0.0500,0.5500,-0.000940,-0.052803
pd,0.0500,0.5600,-0.001022,-0.050450
pd,0.0500,0.5700,-0.001098,-0.048279
pd,0.0500,0.5800,-0.001168,-0.046275
pd,0.0500,0.5900,-0.001233,-0.044426
pd,0.0500,0.6000,-0.001294,-0.042721
pd,0.0500,0.6100,-0.001350,-0.041149
pd,0.0500,0.6200,-0.001402,-0.039698
pd,0.0500,0.6300,-0.001450,-0.038361
pd,0.0500,0.6400,-0.001495,-0.037129
pd,0.0500,0.6500,-0.001537,-0.035993
pd,0.0500,0.6600,-0.001576,-0.034946
pd,0.0500,0.6700,-0.001612,-0.033982
pd,0.0500,0.6800,-0.001646,-0.033094
pd,0.0500,0.6900,-0.001677,-0.032276
pd,0.0500,0.7000,-0.001706,-0.031523
pd,0.0500,0.7100,-0.001733,-0.030830
pd,0.0500,0.7200,-0.001759,-0.030193
pd,0.0500,0.7300,-0.001783,-0.029607
pd,0.0500,0.7400,-0.001805,-0.029068
pd,0.0500,0.7500,-0.001825,-0.028572
pd,0.0500,0.7600,-0.001845,-0.028117
pd,0.0500,0.7700,-0.001863,-0.027700
pd,0.0500,0.7800,-0.001880,-0.027316
pd,0.0500,0.7900,-0.001896,-0.026965
pd,0.0500,0.8000,-0.001911,-0.026642
pd,0.0500,0.8100,-0.001925,-0.026347
pd,0.0500,0.8200,-0.001938,-0.026077
pd,0.0500,0.8300,-0.001950,-0.025829
pd,0.0500,0.8400,-0.001962,-0.025603
pd,0.0500,0.8500,-0.001973,-0.025397
pd,0.0500,0.8600,-0.001984,-0.025208
pd,0.0500,0.8700,-0.001993,-0.025037
pd,0.0500,0.8800,-0.002003,-0.024880
pd,0.0500,0.8900,-0.002011,-0.024738
pd,0.0500,0.9000,-0.002020,-0.024610
pd,0.0500,0.9100,-0.002028,-0.024493
pd,0.0500,0.9200,-0.002035,-0.024387
pd,0.0500,0.9300,-0.002042,-0.024292
pd,0.0500,0.9400,-0.002049,-0.024206
pd,0.0500,0.9500,-0.002056,-0.024128
pd,0.0500,0.9600,-0.002062,-0.024059
pd,0.0500,0.9700,-0.002068,-0.023998
pd,0.0500,0.9800,-0.002074,-0.023943
pd,0.0500,0.9900,-0.002079,-0.023894
pd,0.0500,1.0000,-0.002084,-0.023851
pd,0.0500,1.0100,-0.002089,-0.023814
pd,0.0500,1.0200,-0.002094,-0.023781
pd,0.0500,1.0300,-0.002099,-0.023753
pd,0.0500,1.0400,-0.002103,-0.023729
pd,0.0500,1.0500,-0.002108,-0.023709
pd,0.0500,1.0600,-0.002112,-0.023692
pd,0.0500,1.0700,-0.002116,-0.023679
pd,0.0500,1.0800,-0.002120,-0.023669
pd,0.0500,1.0900,-0.002124,-0.023661
pd,0.0500,1.1000,-0.002127,-0.023656
pd,0.0500,1.1100,-0.002131,-0.023653
pd,0.0500,1.1200,-0.002134,-0.023652
pd,0.0500,1.1300,-0.002138,-0.023653
pd,0.0500,1.1400,-0.002141,-0.023655
pd,0.0500,1.1500,-0.002144,-0.023660
pd,0.0500,1.1600,-0.002147,-0.023665
pd,0.0500,1.1700,-0.002150,-0.023672
pd,0.0500,1.1800,-0.002153,-0.023680
pd,0.0500,1.1900,-0.002156,-0.023690
pd,0.0500,1.2000,-0.002159,-0.023700
pd,0.0500,1.2100,-0.002162,-0.023711
pd,0.0500,1.2200,-0.002165,-0.023723
pd,0.0500,1.2300,-0.002167,-0.023736
pd,0.0500,1.2400,-0.002170,-0.023749
pd,0.0500,1.2500,-0.002173,-0.023763
pd,0.0500,1.2600,-0.002175,-0.023777
pd,0.0500,1.2700,-0.002178,-0.023792
pd,0.0500,1.2800,-0.002180,-0.023808
pd,0.0500,1.2900,-0.002183,-0.023823
pd,0.0500,1.3000,-0.002185,-0.023839
pd,0.0500,1.3100,-0.002187,-0.023855
pd,0.0500,1.3200,-0.002189,-0.023872
pd,0.0500,1.3300,-0.002192,-0.023888
pd,0.0500,1.3400,-0.002194,-0.023905
pd,0.0500,1.3500,-0.002196,-0.023922
pd,0.0500,1.3600,-0.002198,-0.023939
pd,0.0500,1.3700,-0.002200,-0.023956
pd,0.0500,1.3800,-0.002202,-0.023973
pd,0.0500,1.3900,-0.002204,-0.023990
pd,0.0500,1.4000,-0.002206,-0.024007
pd,0.0500,1.4100,-0.002208,-0.024024
pd,0.0500,1.4200,-0.002210,-0.024041
pd,0.0500,1.4300,-0.002212,-0.024058
pd,0.0500,1.4400,-0.002214,-0.024075
pd,0.0500,1.4500,-0.002216,-0.024091
pd,0.0500,1.4600,-0.002218,-0.024108
pd,0.0500,1.4700,-0.002219,-0.024125
pd,0.0500,1.4800,-0.002221,-0.024141
pd,0.0500,1.4900,-0.002223,-0.024157
pd,0.0500,1.5000,-0.002225,-0.024173
pd,0.0500,1.5100,-0.002226,-0.024189
pd,0.0500,1.5200,-0.002228,-0.024205
pd,0.0500,1.5300,-0.002230,-0.024221
pd,0.0500,1.5400,-0.002231,-0.024237
pd,0.0500,1.5500,-0.002233,-0.024252
pd,0.0500,1.5600,-0.002234,-0.024267
pd,0.0500,1.5700,-0.002236,-0.024282
pd,0.0500,1.5800,-0.002237,-0.024297
pd,0.0500,1.5900,-0.002239,-0.024311
pd,0.0500,1.6000,-0.002240,-0.024326
pd,0.0500,1.6100,-0.002242,-0.024340
pd,0.0500,1.6200,-0.002243,-0.024354
pd,0.0500,1.6300,-0.002244,-0.024368
pd,0.0500,1.6400,-0.002246,-0.024381
pd,0.0500,1.6500,-0.002247,-0.024395
pd,0.0500,1.6600,-0.002248,-0.024408
pd,0.0500,1.6700,-0.002250,-0.024421
pd,0.0500,1.6800,-0.002251,-0.024434
pd,0.0500,1.6900,-0.002252,-0.024446
pd,0.0500,1.7000,-0.002253,-0.024458
pd,0.0500,1.7100,-0.002254,-0.024470
pd,0.0500,1.7200,-0.002256,-0.024482
pd,0.0500,1.7300,-0.002257,-0.024494
pd,0.0500,1.7400,-0.002258,-0.024505
pd,0.0500,1.7500,-0.002259,-0.024516
pd,0.0500,1.7600,-0.002260,-0.024527
pd,0.0500,1.7700,-0.002261,-0.024538
pd,0.0500,1.7800,-0.002262,-0.024548
pd,0.0500,1.7900,-0.002263,-0.024558
pd,0.0500,1.8000,-0.002264,-0.024568
pd,0.0500,1.8100,-0.002265,-0.024578
pd,0.0500,1.8200,-0.002266,-0.024587
pd,0.0500,1.8300,-0.002267,-0.024596
pd,0.0500,1.8400,-0.002268,-0.024605
pd,0.0500,1.8500,-0.002268,-0.024614
pd,0.0500,1.8600,-0.002269,-0.024623
pd,0.0500,1.8700,-0.002270,-0.024631
pd,0.0500,1.8800,-0.002271,-0.024639
pd,0.0500,1.8900,-0.002272,-0.024647
pd,0.0500,1.9000,-0.002272,-0.024654
pd,0.0500,1.9100,-0.002273,-0.024662
pd,0.0500,1.9200,-0.002274,-0.024669
pd,0.0500,1.9300,-0.002275,-0.024676
pd,0.0500,1.9400,-0.002275,-0.024682
pd,0.0500,1.9500,-0.002276,-0.024689
pd,0.0500,1.9600,-0.002276,-0.024695
pd,0.0500,1.9700,-0.002277,-0.024701
pd,0.0500,1.9800,-0.002278,-0.024706
pd,0.0500,1.9900,-0.002278,-0.024712
pd,0.0500,2.0000,-0.002279,-0.024717
pd,0.0500,2.0100,-0.002279,-0.024722
pd,0.0500,2.0200,-0.002280,-0.024727
pd,0.0500,2.0300,-0.002280,-0.024731
pd,0.0500,2.0400,-0.002280,-0.024735
pd,0.0500,2.0500,-0.002281,-0.024739
pd,0.0500,2.0600,-0.002281,-0.024743
pd,0.0500,2.0700,-0.002282,-0.024747
pd,0.0500,2.0800,-0.002282,-0.024750
pd,0.0500,2.0900,-0.002282,-0.024753
pd,0.0500,2.1000,-0.002283,-0.024756
pd,0.0500,2.1100,-0.002283,-0.024759
pd,0.0500,2.1200,-0.002283,-0.024761
pd,0.0500,2.1300,-0.002283,-0.024763
pd,0.0500,2.1400,-0.002284,-0.024765
pd,0.0500,2.1500,-0.002284,-0.024767
pd,0.0500,2.1600,-0.002284,-0.024768
pd,0.0500,2.1700,-0.002284,-0.024769
pd,0.0500,2.1800,-0.002284,-0.024770
pd,0.0500,2.1900,-0.002284,-0.024771
pd,0.0500,2.2000,-0.002284,-0.024771
pd,0.0500,2.2100,-0.002284,-0.024772
pd,0.0500,2.2200,-0.002284,-0.024772
pd,0.0500,2.2300,-0.002284,-0.024772
pd,0.0500,2.2400,-0.002284,-0.024771
pd,0.0500,2.2500,-0.002284,-0.024771
pd,0.0500,2.2600,-0.002284,-0.024770
pd,0.0500,2.2700,-0.002284,-0.024769
pd,0.0500,2.2800,-0.002284,-0.024767
pd,0.0500,2.2900,-0.002284,-0.024766
pd,0.0500,2.3000,-0.002284,-0.024764
pd,0.0500,2.3100,-0.002284,-0.024762
pd,0.0500,2.3200,-0.002284,-0.024760
pd,0.0500,2.3300,-0.002283,-0.024757
pd,0.0500,2.3400,-0.002283,-0.024755
pd,0.0500,2.3500,-0.002283,-0.024752
pd,0.0500,2.3600,-0.002283,-0.024748
pd,0.0500,2.3700,-0.002282,-0.024745
pd,0.0500,2.3800,-0.002282,-0.024742
pd,0.0500,2.3900,-0.002282,-0.024738
pd,0.0500,2.4000,-0.002282,-0.024734
pd,0.0500,2.4100,-0.002281,-0.024729
pd,0.0500,2.4200,-0.002281,-0.024725
pd,0.0500,2.4300,-0.002280,-0.024720
pd,0.0500,2.4400,-0.002280,-0.024715
pd,0.0500,2.4500,-0.002280,-0.024710
pd,0.0500,2.4600,-0.002279,-0.024705
pd,0.0500,2.4700,-0.002279,-0.024699
pd,0.0500,2.4800,-0.002278,-0.024693
pd,0.0500,2.4900,-0.002278,-0.024687
pd,0.0500,2.5000,-0.002277,-0.024681
pd,0.0500,2.5100,-0.002276,-0.024675
pd,0.0500,2.5200,-0.002276,-0.024668
pd,0.0500,2.5300,-0.002275,-0.024661
pd,0.0500,2.5400,-0.002275,-0.024654
pd,0.0500,2.5500,-0.002274,-0.024647
pd,0.0500,2.5600,-0.002273,-0.024639
pd,0.0500,2.5700,-0.002273,-0.024631
pd,0.0500,2.5800,-0.002272,-0.024623
pd,0.0500,2.5900,-0.002271,-0.024615
pd,0.0500,2.6000,-0.002270,-0.024607
pd,0.0500,2.6100,-0.002270,-0.024598
pd,0.0500,2.6200,-0.002269,-0.024589
pd,0.0500,2.6300,-0.002268,-0.024580
pd,0.0500,2.6400,-0.002267,-0.024571
pd,0.0500,2.6500,-0.002266,-0.024561
pd,0.0500,2.6600,-0.002266,-0.024552
pd,0.0500,2.6700,-0.002265,-0.024542
pd,0.0500,2.6800,-0.002264,-0.024532
pd,0.0500,2.6900,-0.002263,-0.024521
pd,0.0500,2.7000,-0.002262,-0.024511
pd,0.0500,2.7100,-0.002261,-0.024500
pd,0.0500,2.7200,-0.002260,-0.024489
pd,0.0500,2.7300,-0.002259,-0.024478
pd,0.0500,2.7400,-0.002258,-0.024467
pd,0.0500,2.7500,-0.002257,-0.024455
pd,0.0500,2.7600,-0.002256,-0.024443
pd,0.0500,2.7700,-0.002255,-0.024431
pd,0.0500,2.7800,-0.002254,-0.024419
pd,0.0500,2.7900,-0.002253,-0.024407
pd,0.0500,2.8000,-0.002251,-0.024394
pd,0.0500,2.8100,-0.002250,-0.024381
pd,0.0500,2.8200,-0.002249,-0.024368
pd,0.0500,2.8300,-0.002248,-0.024355
pd,0.0500,2.8400,-0.002247,-0.024342
pd,0.0500,2.8500,-0.002245,-0.024328
pd,0.0500,2.8600,-0.002244,-0.024314
pd,0.0500,2.8700,-0.002243,-0.024300
pd,0.0500,2.8800,-0.002242,-0.024286
pd,0.0500,2.8900,-0.002240,-0.024271
pd,0.0500,2.9000,-0.002239,-0.024257
pd,0.0500,2.9100,-0.002238,-0.024242
pd,0.0500,2.9200,-0.002236,-0.024227
pd,0.0500,2.9300,-0.002235,-0.024212
pd,0.0500,2.9400,-0.002234,-0.024196
pd,0.0500,2.9500,-0.002232,-0.024181
pd,0.0500,2.9600,-0.002231,-0.024165
pd,0.0500,2.9700,-0.002229,-0.024149
pd,0.0500,2.9800,-0.002228,-0.024132
pd,0.0500,2.9900,-0.002226,-0.024116
pd,0.0500,3.0000,-0.002225,-0.024099
pd,0.0500,3.0100,-0.002223,-0.024082
pd,0.0500,3.0200,-0.002222,-0.024065
pd,0.0500,3.0300,-0.002220,-0.024048
pd,0.0500,3.0400,-0.002219,-0.024031
pd,0.0500,3.0500,-0.002217,-0.024013
pd,0.0500,3.0600,-0.002215,-0.023995
pd,0.0500,3.0700,-0.002214,-0.023977
pd,0.0500,3.0800,-0.002212,-0.023959
pd,0.0500,3.0900,-0.002210,-0.023941
pd,0.0500,3.1000,-0.002209,-0.023922
pd,0.0500,3.1100,-0.002207,-0.023904
pd,0.0500,3.1200,-0.002205,-0.023885
pd,0.0500,3.1300,-0.002204,-0.023865
pd,0.0500,3.1400,-0.002202,-0.023846
pd,0.0500,3.1500,-0.002200,-0.023827
pd,0.0500,3.1600,-0.002198,-0.023807
pd,0.0500,3.1700,-0.002197,-0.023787
pd,0.0500,3.1800,-0.002195,-0.023767
pd,0.0500,3.1900,-0.002193,-0.023747
pd,0.0500,3.2000,-0.002191,-0.023726
pd,0.0500,3.2100,-0.002189,-0.023706
pd,0.0500,3.2200,-0.002187,-0.023685
pd,0.0500,3.2300,-0.002185,-0.023664
pd,0.0500,3.2400,-0.002183,-0.023643
pd,0.0500,3.2500,-0.002181,-0.023621
pd,0.0500,3.2600,-0.002179,-0.023600
pd,0.0500,3.2700,-0.002177,-0.023578
pd,0.0500,3.2800,-0.002175,-0.023556
pd,0.0500,3.2900,-0.002173,-0.023534
pd,0.0500,3.3000,-0.002171,-0.023512
pd,0.0500,3.3100,-0.002169,-0.023489
pd,0.0500,3.3200,-0.002167,-0.023466
pd,0.0500,3.3300,-0.002165,-0.023444
pd,0.0500,3.3400,-0.002163,-0.023421
pd,0.0500,3.3500,-0.002161,-0.023397
pd,0.0500,3.3600,-0.002159,-0.023374
pd,0.0500,3.3700,-0.002157,-0.023350
pd,0.0500,3.3800,-0.002155,-0.023327
pd,0.0500,3.3900,-0.002152,-0.023303
pd,0.0500,3.4000,-0.002150,-0.023279
pd,0.0500,3.4100,-0.002148,-0.023255
pd,0.0500,3.4200,-0.002146,-0.023230
pd,0.0500,3.4300,-0.002144,-0.023206
pd,0.0500,3.4400,-0.002141,-0.023181
pd,0.0500,3.4500,-0.002139,-0.023156
pd,0.0500,3.4600,-0.002137,-0.023131
pd,0.0500,3.4700,-0.002134,-0.023105
pd,0.0500,3.4800,-0.002132,-0.023080
pd,0.0500,3.4900,-0.002130,-0.023054
pd,0.0500,3.5000,-0.002127,-0.023029
pd,0.0500,3.5100,-0.002125,-0.023003
pd,0.0500,3.5200,-0.002123,-0.022976
pd,0.0500,3.5300,-0.002120,-0.022950
pd,0.0500,3.5400,-0.002118,-0.022924
pd,0.0500,3.5500,-0.002115,-0.022897
pd,0.0500,3.5600,-0.002113,-0.022870
pd,0.0500,3.5700,-0.002110,-0.022843
pd,0.0500,3.5800,-0.002108,-0.022816
pd,0.0500,3.5900,-0.002106,-0.022789
pd,0.0500,3.6000,-0.002103,-0.022761
pd,0.0500,3.6100,-0.002100,-0.022734
pd,0.0500,3.6200,-0.002098,-0.022706
pd,0.0500,3.6300,-0.002095,-0.022678
pd,0.0500,3.6400,-0.002093,-0.022650
pd,0.0500,3.6500,-0.002090,-0.022621
pd,0.0500,3.6600,-0.002088,-0.022593
pd,0.0500,3.6700,-0.002085,-0.022564
pd,0.0500,3.6800,-0.002082,-0.022535
pd,0.0500,3.6900,-0.002080,-0.022506
pd,0.0500,3.7000,-0.002077,-0.022477
pd,0.0500,3.7100,-0.002074,-0.022448
pd,0.0500,3.7200,-0.002072,-0.022419
pd,0.0500,3.7300,-0.002069,-0.022389
pd,0.0500,3.7400,-0.002066,-0.022359
pd,0.0500,3.7500,-0.002064,-0.022329
pd,0.0500,3.7600,-0.002061,-0.022299
pd,0.0500,3.7700,-0.002058,-0.022269
pd,0.0500,3.7800,-0.002055,-0.022239
pd,0.0500,3.7900,-0.002052,-0.022208
pd,0.0500,3.8000,-0.002050,-0.022178
pd,0.0500,3.8100,-0.002047,-0.022147
pd,0.0500,3.8200,-0.002044,-0.022116
pd,0.0500,3.8300,-0.002041,-0.022085
pd,0.0500,3.8400,-0.002038,-0.022053
pd,0.0500,3.8500,-0.002035,-0.022022
pd,0.0500,3.8600,-0.002033,-0.021990
pd,0.0500,3.8700,-0.002030,-0.021959
pd,0.0500,3.8800,-0.002027,-0.021927
pd,0.0500,3.8900,-0.002024,-0.021895
pd,0.0500,3.9000,-0.002021,-0.021862
pd,0.0500,3.9100,-0.002018,-0.021830
pd,0.0500,3.9200,-0.002015,-0.021798
pd,0.0500,3.9300,-0.002012,-0.021765
pd,0.0500,3.9400,-0.002009,-0.021732
pd,0.0500,3.9500,-0.002006,-0.021699
pd,0.0500,3.9600,-0.002003,-0.021666
pd,0.0500,3.9700,-0.002000,-0.021633
pd,0.0500,3.9800,-0.001997,-0.021600
pd,0.0500,3.9900,-0.001994,-0.021566
pd,0.0500,4.0000,-0.001991,-0.021532
pd,0.0500,4.0100,-0.001987,-0.021499
pd,0.0500,4.0200,-0.001984,-0.021465
pd,0.0500,4.0300,-0.001981,-0.021431
pd,0.0500,4.0400,-0.001978,-0.021396
pd,0.0500,4.0500,-0.001975,-0.021362
pd,0.0500,4.0600,-0.001972,-0.021327
pd,0.0500,4.0700,-0.001969,-0.021293
pd,0.0500,4.0800,-0.001965,-0.021258
pd,0.0500,4.0900,-0.001962,-0.021223
pd,0.0500,4.1000,-0.001959,-0.021188
pd,0.0500,4.1100,-0.001956,-0.021153
pd,0.0500,4.1200,-0.001953,-0.021117
pd,0.0500,4.1300,-0.001949,-0.021082
pd,0.0500,4.1400,-0.001946,-0.021046
pd,0.0500,4.1500,-0.001943,-0.021011
pd,0.0500,4.1600,-0.001939,-0.020975
pd,0.0500,4.1700,-0.001936,-0.020939
pd,0.0500,4.1800,-0.001933,-0.020903
pd,0.0500,4.1900,-0.001930,-0.020866
pd,0.0500,4.2000,-0.001926,-0.020830
pd,0.0500,4.2100,-0.001923,-0.020793
pd,0.0500,4.2200,-0.001919,-0.020757
pd,0.0500,4.2300,-0.001916,-0.020720
pd,0.0500,4.2400,-0.001913,-0.020683
pd,0.0500,4.2500,-0.001909,-0.020646
pd,0.0500,4.2600,-0.001906,-0.020609
pd,0.0500,4.2700,-0.001902,-0.020571
pd,0.0500,4.2800,-0.001899,-0.020534
pd,0.0500,4.2900,-0.001896,-0.020496
pd,0.0500,4.3000,-0.001892,-0.020459
pd,0.0500,4.3100,-0.001889,-0.020421
pd,0.0500,4.3200,-0.001885,-0.020383
pd,0.0500,4.3300,-0.001882,-0.020345
pd,0.0500,4.3400,-0.001878,-0.020307
pd,0.0500,4.3500,-0.001875,-0.020268
pd,0.0500,4.3600,-0.001871,-0.020230
pd,0.0500,4.3700,-0.001868,-0.020191
pd,0.0500,4.3800,-0.001864,-0.020153
pd,0.0500,4.3900,-0.001861,-0.020114
pd,0.0500,4.4000,-0.001857,-0.020075
pd,0.0500,4.4100,-0.001853,-0.020036
pd,0.0500,4.4200,-0.001850,-0.019996
pd,0.0500,4.4300,-0.001846,-0.019957
pd,0.0500,4.4400,-0.001843,-0.019918
pd,0.0500,4.4500,-0.001839,-0.019878
pd,0.0500,4.4600,-0.001835,-0.019839
pd,0.0500,4.4700,-0.001832,-0.019799
pd,0.0500,4.4800,-0.001828,-0.019759
pd,0.0500,4.4900,-0.001824,-0.019719
pd,0.0500,4.5000,-0.001821,-0.019679
pd,0.0500,4.5100,-0.001817,-0.019639
pd,0.0500,4.5200,-0.001813,-0.019598
pd,0.0500,4.5300,-0.001809,-0.019558
pd,0.0500,4.5400,-0.001806,-0.019517
pd,0.0500,4.5500,-0.001802,-0.019476
pd,0.0500,4.5600,-0.001798,-0.019436
pd,0.0500,4.5700,-0.001795,-0.019395
pd,0.0500,4.5800,-0.001791,-0.019354
pd,0.0500,4.5900,-0.001787,-0.019313
pd,0.0500,4.6000,-0.001783,-0.019271
pd,0.0500,4.6100,-0.001779,-0.019230
pd,0.0500,4.6200,-0.001776,-0.019189
pd,0.0500,4.6300,-0.001772,-0.019147
pd,0.0500,4.6400,-0.001768,-0.019105
pd,0.0500,4.6500,-0.001764,-0.019063
pd,0.0500,4.6600,-0.001760,-0.019022
pd,0.0500,4.6700,-0.001756,-0.018980
pd,0.0500,4.6800,-0.001753,-0.018937
pd,0.0500,4.6900,-0.001749,-0.018895
pd,0.0500,4.7000,-0.001745,-0.018853
pd,0.0500,4.7100,-0.001741,-0.018811
pd,0.0500,4.7200,-0.001737,-0.018768
pd,0.0500,4.7300,-0.001733,-0.018725
pd,0.0500,4.7400,-0.001729,-0.018683
pd,0.0500,4.7500,-0.001725,-0.018640
pd,0.0500,4.7600,-0.001721,-0.018597
pd,0.0500,4.7700,-0.001717,-0.018554
pd,0.0500,4.7800,-0.001713,-0.018511
pd,0.0500,4.7900,-0.001709,-0.018468
pd,0.0500,4.8000,-0.001705,-0.018424
pd,0.0500,4.8100,-0.001701,-0.018381
pd,0.0500,4.8200,-0.001697,-0.018337
pd,0.0500,4.8300,-0.001693,-0.018294
pd,0.0500,4.8400,-0.001689,-0.018250
pd,0.0500,4.8500,-0.001685,-0.018206
pd,0.0500,4.8600,-0.001681,-0.018162
pd,0.0500,4.8700,-0.001677,-0.018118
pd,0.0500,4.8800,-0.001673,-0.018074
pd,0.0500,4.8900,-0.001669,-0.018030
pd,0.0500,4.9000,-0.001665,-0.017986
pd,0.0500,4.9100,-0.001661,-0.017941
pd,0.0500,4.9200,-0.001657,-0.017897
pd,0.0500,4.9300,-0.001653,-0.017852
pd,0.0500,4.9400,-0.001649,-0.017808
pd,0.0500,4.9500,-0.001645,-0.017763
pd,0.0500,4.9600,-0.001640,-0.017718
pd,0.0500,4.9700,-0.001636,-0.017673
pd,0.0500,4.9800,-0.001632,-0.017628
pd,0.0500,4.9900,-0.001628,-0.017583
pd,0.0500,5.0000,-0.001624,-0.017538
pd,0.0500,5.0100,-0.001620,-0.017493
pd,0.0500,5.0200,-0.001616,-0.017447
pd,0.0500,5.0300,-0.001611,-0.017402
pd,0.0500,5.0400,-0.001607,-0.017357
pd,0.0500,5.0500,-0.001603,-0.017311
pd,0.0500,5.0600,-0.001599,-0.017265
pd,0.0500,5.0700,-0.001595,-0.017220
pd,0.0500,5.0800,-0.001590,-0.017174
pd,0.0500,5.0900,-0.001586,-0.017128
pd,0.0500,5.1000,-0.001582,-0.017082
pd,0.0500,5.1100,-0.001578,-0.017036
pd,0.0500,5.1200,-0.001573,-0.016989
pd,0.0500,5.1300,-0.001569,-0.016943
pd,0.0500,5.1400,-0.001565,-0.016897
pd,0.0500,5.1500,-0.001561,-0.016851
pd,0.0500,5.1600,-0.001556,-0.016804
pd,0.0500,5.1700,-0.001552,-0.016757
pd,0.0500,5.1800,-0.001548,-0.016711
pd,0.0500,5.1900,-0.001544,-0.016664
pd,0.0500,5.2000,-0.001539,-0.016617
pd,0.0500,5.2100,-0.001535,-0.016570
pd,0.0500,5.2200,-0.001531,-0.016524
pd,0.0500,5.2300,-0.001526,-0.016477
pd,0.0500,5.2400,-0.001522,-0.016429
pd,0.0500,5.2500,-0.001518,-0.016382
pd,0.0500,5.2600,-0.001513,-0.016335
pd,0.0500,5.2700,-0.001509,-0.016288
pd,0.0500,5.2800,-0.001505,-0.016240
pd,0.0500,5.2900,-0.001500,-0.016193
pd,0.0500,5.3000,-0.001496,-0.016145
pd,0.0500,5.3100,-0.001491,-0.016098
pd,0.0500,5.3200,-0.001487,-0.016050
pd,0.0500,5.3300,-0.001483,-0.016002
pd,0.0500,5.3400,-0.001478,-0.015955
pd,0.0500,5.3500,-0.001474,-0.015907
pd,0.0500,5.3600,-0.001469,-0.015859
pd,0.0500,5.3700,-0.001465,-0.015811
pd,0.0500,5.3800,-0.001461,-0.015763
pd,0.0500,5.3900,-0.001456,-0.015715
pd,0.0500,5.4000,-0.001452,-0.015667
pd,0.0500,5.4100,-0.001447,-0.015618
pd,0.0500,5.4200,-0.001443,-0.015570
pd,0.0500,5.4300,-0.001438,-0.015522
pd,0.0500,5.4400,-0.001434,-0.015473
pd,0.0500,5.4500,-0.001429,-0.015425
pd,0.0500,5.4600,-0.001425,-0.015376
pd,0.0500,5.4700,-0.001421,-0.015327
pd,0.0500,5.4800,-0.001416,-0.015279
pd,0.0500,5.4900,-0.001412,-0.015230
pd,0.0500,5.5000,-0.001407,-0.015181
pd,0.0500,5.5100,-0.001403,-0.015132
pd,0.0500,5.5200,-0.001398,-0.015083
pd,0.0500,5.5300,-0.001394,-0.015035
pd,0.0500,5.5400,-0.001389,-0.014985
pd,0.0500,5.5500,-0.001385,-0.014936
pd,0.0500,5.5600,-0.001380,-0.014887
pd,0.0500,5.5700,-0.001375,-0.014838
pd,0.0500,5.5800,-0.001371,-0.014789
pd,0.0500,5.5900,-0.001366,-0.014740
pd,0.0500,5.6000,-0.001362,-0.014690
pd,0.0500,5.6100,-0.001357,-0.014641
pd,0.0500,5.6200,-0.001353,-0.014591
pd,0.0500,5.6300,-0.001348,-0.014542
pd,0.0500,5.6400,-0.001344,-0.014492
pd,0.0500,5.6500,-0.001339,-0.014443
pd,0.0500,5.6600,-0.001335,-0.014393
pd,0.0500,5.6700,-0.001330,-0.014343
pd,0.0500,5.6800,-0.001325,-0.014293
pd,0.0500,5.6900,-0.001321,-0.014244
pd,0.0500,5.7000,-0.001316,-0.014194
pd,0.0500,5.7100,-0.001312,-0.014144
pd,0.0500,5.7200,-0.001307,-0.014094
pd,0.0500,5.7300,-0.001302,-0.014044
pd,0.0500,5.7400,-0.001298,-0.013994
pd,0.0500,5.7500,-0.001293,-0.013944
pd,0.0500,5.7600,-0.001289,-0.013894
pd,0.0500,5.7700,-0.001284,-0.013843
pd,0.0500,5.7800,-0.001279,-0.013793
pd,0.0500,5.7900,-0.001275,-0.013743
pd,0.0500,5.8000,-0.001270,-0.013693
pd,0.0500,5.8100,-0.001265,-0.013642
pd,0.0500,5.8200,-0.001261,-0.013592
pd,0.0500,5.8300,-0.001256,-0.013541
pd,0.0500,5.8400,-0.001251,-0.013491
pd,0.0500,5.8500,-0.001247,-0.013440
pd,0.0500,5.8600,-0.001242,-0.013390
pd,0.0500,5.8700,-0.001237,-0.013339
pd,0.0500,5.8800,-0.001233,-0.013289
pd,0.0500,5.8900,-0.001228,-0.013238
pd,0.0500,5.9000,-0.001223,-0.013187
pd,0.0500,5.9100,-0.001219,-0.013137
pd,0.0500,5.9200,-0.001214,-0.013086
pd,0.0500,5.9300,-0.001209,-0.013035
pd,0.0500,5.9400,-0.001205,-0.012984
pd,0.0500,5.9500,-0.001200,-0.012933
pd,0.0500,5.9600,-0.001195,-0.012882
pd,0.0500,5.9700,-0.001191,-0.012831
pd,0.0500,5.9800,-0.001186,-0.012780
pd,0.0500,5.9900,-0.001181,-0.012729
pd,0.0500,6.0000,-0.001177,-0.012678
pd,0.0500,6.0100,-0.001172,-0.012627
pd,0.0500,6.0200,-0.001167,-0.012576
pd,0.0500,6.0300,-0.001162,-0.012525
pd,0.0500,6.0400,-0.001158,-0.012474
pd,0.0500,6.0500,-0.001153,-0.012423
pd,0.0500,6.0600,-0.001148,-0.012371
pd,0.0500,6.0700,-0.001144,-0.012320
pd,0.0500,6.0800,-0.001139,-0.012269
pd,0.0500,6.0900,-0.001134,-0.012218
pd,0.0500,6.1000,-0.001129,-0.012166
pd,0.0500,6.1100,-0.001125,-0.012115
pd,0.0500,6.1200,-0.001120,-0.012063
pd,0.0500,6.1300,-0.001115,-0.012012
pd,0.0500,6.1400,-0.001110,-0.011961
pd,0.0500,6.1500,-0.001106,-0.011909
pd,0.0500,6.1600,-0.001101,-0.011858
pd,0.0500,6.1700,-0.001096,-0.011806
pd,0.0500,6.1800,-0.001091,-0.011755
pd,0.0500,6.1900,-0.001087,-0.011703
pd,0.0500,6.2000,-0.001082,-0.011652
pd,0.0500,6.2100,-0.001077,-0.011600
pd,0.0500,6.2200,-0.001072,-0.011548
pd,0.0500,6.2300,-0.001068,-0.011497
pd,0.0500,6.2400,-0.001063,-0.011445
pd,0.0500,6.2500,-0.001058,-0.011393
pd,0.0500,6.2600,-0.001053,-0.011342
pd,0.0500,6.2700,-0.001049,-0.011290
pd,0.0500,6.2800,-0.001044,-0.011238
pd,0.0500,6.2900,-0.001039,-0.011186
pd,0.0500,6.3000,-0.001034,-0.011135
pd,0.0500,6.3100,-0.001030,-0.011083
pd,0.0500,6.3200,-0.001025,-0.011031
pd,0.0500,6.3300,-0.001020,-0.010979
pd,0.0500,6.3400,-0.001015,-0.010928
pd,0.0500,6.3500,-0.001010,-0.010876
pd,0.0500,6.3600,-0.001006,-0.010824
pd,0.0500,6.3700,-0.001001,-0.010772
pd,0.0500,6.3800,-0.000996,-0.010720
pd,0.0500,6.3900,-0.000991,-0.010668
pd,0.0500,6.4000,-0.000987,-0.010616
pd,0.0500,6.4100,-0.000982,-0.010564
pd,0.0500,6.4200,-0.000977,-0.010513
pd,0.0500,6.4300,-0.000972,-0.010461
pd,0.0500,6.4400,-0.000967,-0.010409
pd,0.0500,6.4500,-0.000963,-0.010357
pd,0.0500,6.4600,-0.000958,-0.010305
pd,0.0500,6.4700,-0.000953,-0.010253
pd,0.0500,6.4800,-0.000948,-0.010201
pd,0.0500,6.4900,-0.000943,-0.010149
pd,0.0500,6.5000,-0.000939,-0.010097
pd,0.0500,6.5100,-0.000934,-0.010045
pd,0.0500,6.5200,-0.000929,-0.009993
pd,0.0500,6.5300,-0.000924,-0.009941
pd,0.0500,6.5400,-0.000919,-0.009889
pd,0.0500,6.5500,-0.000915,-0.009837
pd,0.0500,6.5600,-0.000910,-0.009785
pd,0.0500,6.5700,-0.000905,-0.009733
pd,0.0500,6.5800,-0.000900,-0.009681
pd,0.0500,6.5900,-0.000896,-0.009629
pd,0.0500,6.6000,-0.000891,-0.009577
pd,0.0500,6.6100,-0.000886,-0.009525
pd,0.0500,6.6200,-0.000881,-0.009473
pd,0.0500,6.6300,-0.000876,-0.009421
pd,0.0500,6.6400,-0.000872,-0.009369
pd,0.0500,6.6500,-0.000867,-0.009317
pd,0.0500,6.6600,-0.000862,-0.009265
pd,0.0500,6.6700,-0.000857,-0.009213
pd,0.0500,6.6800,-0.000852,-0.009161
pd,0.0500,6.6900,-0.000848,-0.009109
pd,0.0500,6.7000,-0.000843,-0.009057
pd,0.0500,6.7100,-0.000838,-0.009005
pd,0.0500,6.7200,-0.000833,-0.008953
pd,0.0500,6.7300,-0.000828,-0.008901
pd,0.0500,6.7400,-0.000824,-0.008849
pd,0.0500,6.7500,-0.000819,-0.008797
pd,0.0500,6.7600,-0.000814,-0.008745
pd,0.0500,6.7700,-0.000809,-0.008693
pd,0.0500,6.7800,-0.000804,-0.008641
pd,0.0500,6.7900,-0.000800,-0.008589
pd,0.0500,6.8000,-0.000795,-0.008537
pd,0.0500,6.8100,-0.000790,-0.008485
pd,0.0500,6.8200,-0.000785,-0.008433
pd,0.0500,6.8300,-0.000780,-0.008381
pd,0.0500,6.8400,-0.000776,-0.008329
pd,0.0500,6.8500,-0.000771,-0.008278
pd,0.0500,6.8600,-0.000766,-0.008226
pd,0.0500,6.8700,-0.000761,-0.008174
pd,0.0500,6.8800,-0.000757,-0.008122
pd,0.0500,6.8900,-0.000752,-0.008070
pd,0.0500,6.9000,-0.000747,-0.008018
pd,0.0500,6.9100,-0.000742,-0.007966
pd,0.0500,6.9200,-0.000737,-0.007915
pd,0.0500,6.9300,-0.000733,-0.007863
pd,0.0500,6.9400,-0.000728,-0.007811
pd,0.0500,6.9500,-0.000723,-0.007759
pd,0.0500,6.9600,-0.000718,-0.007708
pd,0.0500,6.9700,-0.000714,-0.007656
pd,0.0500,6.9800,-0.000709,-0.007604
pd,0.0500,6.9900,-0.000704,-0.007552
pd,0.0500,7.0000,-0.000699,-0.007501
pd,0.0500,7.0100,-0.000694,-0.007449
pd,0.0500,7.0200,-0.000690,-0.007398
pd,0.0500,7.0300,-0.000685,-0.007346
pd,0.0500,7.0400,-0.000680,-0.007294
pd,0.0500,7.0500,-0.000675,-0.007243
pd,0.0500,7.0600,-0.000671,-0.007191
pd,0.0500,7.0700,-0.000666,-0.007140
pd,0.0500,7.0800,-0.000661,-0.007088
pd,0.0500,7.0900,-0.000656,-0.007037
pd,0.0500,7.1000,-0.000652,-0.006985
pd,0.0500,7.1100,-0.000647,-0.006934
pd,0.0500,7.1200,-0.000642,-0.006882
pd,0.0500,7.1300,-0.000637,-0.006831
pd,0.0500,7.1400,-0.000633,-0.006779
pd,0.0500,7.1500,-0.000628,-0.006728
pd,0.0500,7.1600,-0.000623,-0.006677
pd,0.0500,7.1700,-0.000618,-0.006625
pd,0.0500,7.1800,-0.000614,-0.006574
pd,0.0500,7.1900,-0.000609,-0.006523
pd,0.0500,7.2000,-0.000604,-0.006472
pd,0.0500,7.2100,-0.000600,-0.006420
pd,0.0500,7.2200,-0.000595,-0.006369
pd,0.0500,7.2300,-0.000590,-0.006318
pd,0.0500,7.2400,-0.000585,-0.006267
pd,0.0500,7.2500,-0.000581,-0.006216
pd,0.0500,7.2600,-0.000576,-0.006165
pd,0.0500,7.2700,-0.000571,-0.006114
pd,0.0500,7.2800,-0.000567,-0.006063
pd,0.0500,7.2900,-0.000562,-0.006012
pd,0.0500,7.3000,-0.000557,-0.005961
pd,0.0500,7.3100,-0.000552,-0.005910
pd,0.0500,7.3200,-0.000548,-0.005859
pd,0.0500,7.3300,-0.000543,-0.005808
pd,0.0500,7.3400,-0.000538,-0.005757
pd,0.0500,7.3500,-0.000534,-0.005707
pd,0.0500,7.3600,-0.000529,-0.005656
pd,0.0500,7.3700,-0.000524,-0.005605
pd,0.0500,7.3800,-0.000520,-0.005554
pd,0.0500,7.3900,-0.000515,-0.005504
pd,0.0500,7.4000,-0.000510,-0.005453
pd,0.0500,7.4100,-0.000506,-0.005403
pd,0.0500,7.4200,-0.000501,-0.005352
pd,0.0500,7.4300,-0.000496,-0.005302
pd,0.0500,7.4400,-0.000492,-0.005251
pd,0.0500,7.4500,-0.000487,-0.005201
pd,0.0500,7.4600,-0.000482,-0.005150
pd,0.0500,7.4700,-0.000478,-0.005100
pd,0.0500,7.4800,-0.000473,-0.005050
pd,0.0500,7.4900,-0.000468,-0.004999
pd,0.0500,7.5000,-0.000464,-0.004949
pd,0.0500,7.5100,-0.000459,-0.004899
pd,0.0500,7.5200,-0.000454,-0.004849
pd,0.0500,7.5300,-0.000450,-0.004799
pd,0.0500,7.5400,-0.000445,-0.004748
pd,0.0500,7.5500,-0.000441,-0.004698
pd,0.0500,7.5600,-0.000436,-0.004648
pd,0.0500,7.5700,-0.000431,-0.004598
pd,0.0500,7.5800,-0.000427,-0.004548
pd,0.0500,7.5900,-0.000422,-0.004499
pd,0.0500,7.6000,-0.000417,-0.004449
pd,0.0500,7.6100,-0.000413,-0.004399
pd,0.0500,7.6200,-0.000408,-0.004349
pd,0.0500,7.6300,-0.000404,-0.004300
pd,0.0500,7.6400,-0.000399,-0.004250
pd,0.0500,7.6500,-0.000395,-0.004200
pd,0.0500,7.6600,-0.000390,-0.004151
pd,0.0500,7.6700,-0.000385,-0.004101
pd,0.0500,7.6800,-0.000381,-0.004052
pd,0.0500,7.6900,-0.000376,-0.004002
pd,0.0500,7.7000,-0.000372,-0.003953
pd,0.0500,7.7100,-0.000367,-0.003903
pd,0.0500,7.7200,-0.000363,-0.003854
pd,0.0500,7.7300,-0.000358,-0.003805
pd,0.0500,7.7400,-0.000353,-0.003756
pd,0.0500,7.7500,-0.000349,-0.003707
pd,0.0500,7.7600,-0.000344,-0.003657
pd,0.0500,7.7700,-0.000340,-0.003608
pd,0.0500,7.7800,-0.000335,-0.003559
pd,0.0500,7.7900,-0.000331,-0.003510
pd,0.0500,7.8000,-0.000326,-0.003462
pd,0.0500,7.8100,-0.000322,-0.003413
pd,0.0500,7.8200,-0.000317,-0.003364
pd,0.0500,7.8300,-0.000313,-0.003315
pd,0.0500,7.8400,-0.000308,-0.003266
pd,0.0500,7.8500,-0.000304,-0.003218
pd,0.0500,7.8600,-0.000299,-0.003169
pd,0.0500,7.8700,-0.000295,-0.003121
pd,0.0500,7.8800,-0.000290,-0.003072
pd,0.0500,7.8900,-0.000286,-0.003024
pd,0.0500,7.9000,-0.000281,-0.002975
pd,0.0500,7.9100,-0.000277,-0.002927
pd,0.0500,7.9200,-0.000272,-0.002879
pd,0.0500,7.9300,-0.000268,-0.002831
pd,0.0500,7.9400,-0.000264,-0.002782
pd,0.0500,7.9500,-0.000259,-0.002734
pd,0.0500,7.9600,-0.000255,-0.002686
pd,0.0500,7.9700,-0.000250,-0.002638
pd,0.0500,7.9800,-0.000246,-0.002590
pd,0.0500,7.9900,-0.000241,-0.002542
pd,0.0500,8.0000,-0.000237,-0.002495
pd,0.0500,8.0100,-0.000233,-0.002447
pd,0.0500,8.0200,-0.000228,-0.002399
pd,0.0500,8.0300,-0.000224,-0.002352
pd,0.0500,8.0400,-0.000219,-0.002304
pd,0.0500,8.0500,-0.000215,-0.002256
pd,0.0500,8.0600,-0.000211,-0.002209
pd,0.0500,8.0700,-0.000206,-0.002162
pd,0.0500,8.0800,-0.000202,-0.002114
pd,0.0500,8.0900,-0.000197,-0.002067
pd,0.0500,8.1000,-0.000193,-0.002020
pd,0.0500,8.1100,-0.000189,-0.001973
pd,0.0500,8.1200,-0.000184,-0.001925
pd,0.0500,8.1300,-0.000180,-0.001878
pd,0.0500,8.1400,-0.000176,-0.001831
pd,0.0500,8.1500,-0.000171,-0.001785
pd,0.0500,8.1600,-0.000167,-0.001738
pd,0.0500,8.1700,-0.000163,-0.001691
pd,0.0500,8.1800,-0.000158,-0.001644
pd,0.0500,8.1900,-0.000154,-0.001598
pd,0.0500,8.2000,-0.000150,-0.001551
pd,0.0500,8.2100,-0.000145,-0.001504
pd,0.0500,8.2200,-0.000141,-0.001458
pd,0.0500,8.2300,-0.000137,-0.001412
pd,0.0500,8.2400,-0.000133,-0.001365
pd,0.0500,8.2500,-0.000128,-0.001319
pd,0.0500,8.2600,-0.000124,-0.001273
pd,0.0500,8.2700,-0.000120,-0.001227
pd,0.0500,8.2800,-0.000116,-0.001181
pd,0.0500,8.2900,-0.000111,-0.001135
pd,0.0500,8.3000,-0.000107,-0.001089
pd,0.0500,8.3100,-0.000103,-0.001043
pd,0.0500,8.3200,-0.000099,-0.000997
pd,0.0500,8.3300,-0.000094,-0.000951
pd,0.0500,8.3400,-0.000090,-0.000906
pd,0.0500,8.3500,-0.000086,-0.000860
pd,0.0500,8.3600,-0.000082,-0.000814
pd,0.0500,8.3700,-0.000077,-0.000769
pd,0.0500,8.3800,-0.000073,-0.000724
pd,0.0500,8.3900,-0.000069,-0.000678
pd,0.0500,8.4000,-0.000065,-0.000633
pd,0.0500,8.4100,-0.000061,-0.000588
pd,0.0500,8.4200,-0.000057,-0.000543
pd,0.0500,8.4300,-0.000052,-0.000498
pd,0.0500,8.4400,-0.000048,-0.000453
pd,0.0500,8.4500,-0.000044,-0.000408
pd,0.0500,8.4600,-0.000040,-0.000363
pd,0.0500,8.4700,-0.000036,-0.000318
pd,0.0500,8.4800,-0.000032,-0.000274
pd,0.0500,8.4900,-0.000028,-0.000229
pd,0.0500,8.5000,-0.000023,-0.000185
pd,0.0500,8.5100,-0.000019,-0.000140
pd,0.0500,8.5200,-0.000015,-0.000096
pd,0.0500,8.5300,-0.000011,-0.000051
pd,0.0500,8.5400,-0.000007,-0.000007
pd,0.0500,8.5500,-0.000003,0.000037
pd,0.0500,8.5600,0.000001,0.000081
pd,0.0500,8.5700,0.000005,0.000125
pd,0.0500,8.5800,0.000009,0.000169
pd,0.0500,8.5900,0.000013,0.000213
pd,0.0500,8.6000,0.000017,0.000257
pd,0.0500,8.6100,0.000021,0.000300
pd,0.0500,8.6200,0.000025,0.000344
pd,0.0500,8.6300,0.000029,0.000387
pd,0.0500,8.6400,0.000033,0.000431
pd,0.0500,8.6500,0.000037,0.000474
pd,0.0500,8.6600,0.000041,0.000518
pd,0.0500,8.6700,0.000045,0.000561
pd,0.0500,8.6800,0.000049,0.000604
pd,0.0500,8.6900,0.000053,0.000647
pd,0.0500,8.7000,0.000057,0.000690
pd,0.0500,8.7100,0.000061,0.000733
pd,0.0500,8.7200,0.000065,0.000776
pd,0.0500,8.7300,0.000069,0.000819
pd,0.0500,8.7400,0.000073,0.000861
pd,0.0500,8.7500,0.000077,0.000904
pd,0.0500,8.7600,0.000081,0.000946
pd,0.0500,8.7700,0.000085,0.000989
pd,0.0500,8.7800,0.000089,0.001031
pd,0.0500,8.7900,0.000093,0.001073
pd,0.0500,8.8000,0.000097,0.001116
pd,0.0500,8.8100,0.000101,0.001158
pd,0.0500,8.8200,0.000105,0.001200
pd,0.0500,8.8300,0.000108,0.001242
pd,0.0500,8.8400,0.000112,0.001284
pd,0.0500,8.8500,0.000116,0.001325
pd,0.0500,8.8600,0.000120,0.001367
pd,0.0500,8.8700,0.000124,0.001409
pd,0.0500,8.8800,0.000128,0.001450
pd,0.0500,8.8900,0.000132,0.001492
pd,0.0500,8.9000,0.000135,0.001533
pd,0.0500,8.9100,0.000139,0.001574
pd,0.0500,8.9200,0.000143,0.001615
pd,0.0500,8.9300,0.000147,0.001657
pd,0.0500,8.9400,0.000151,0.001698
pd,0.0500,8.9500,0.000154,0.001738
pd,0.0500,8.9600,0.000158,0.001779
pd,0.0500,8.9700,0.000162,0.001820
pd,0.0500,8.9800,0.000166,0.001861
pd,0.0500,8.9900,0.000169,0.001901
pd,0.0500,9.0000,0.000173,0.001942
pd,0.0500,9.0100,0.000177,0.001982
pd,0.0500,9.0200,0.000181,0.002023
pd,0.0500,9.0300,0.000184,0.002063
pd,0.0500,9.0400,0.000188,0.002103
pd,0.0500,9.0500,0.000192,0.002143
pd,0.0500,9.0600,0.000196,0.002183
pd,0.0500,9.0700,0.000199,0.002223
pd,0.0500,9.0800,0.000203,0.002263
pd,0.0500,9.0900,0.000207,0.002302
pd,0.0500,9.1000,0.000210,0.002342
pd,0.0500,9.1100,0.000214,0.002382
pd,0.0500,9.1200,0.000218,0.002421
pd,0.0500,9.1300,0.000221,0.002460
pd,0.0500,9.1400,0.000225,0.002500
pd,0.0500,9.1500,0.000228,0.002539
pd,0.0500,9.1600,0.000232,0.002578
pd,0.0500,9.1700,0.000236,0.002617
pd,0.0500,9.1800,0.000239,0.002656
pd,0.0500,9.1900,0.000243,0.002695
pd,0.0500,9.2000,0.000246,0.002733
pd,0.0500,9.2100,0.000250,0.002772
pd,0.0500,9.2200,0.000254,0.002811
pd,0.0500,9.2300,0.000257,0.002849
pd,0.0500,9.2400,0.000261,0.002887
pd,0.0500,9.2500,0.000264,0.002926
pd,0.0500,9.2600,0.000268,0.002964
pd,0.0500,9.2700,0.000271,0.003002
pd,0.0500,9.2800,0.000275,0.003040
pd,0.0500,9.2900,0.000278,0.003078
pd,0.0500,9.3000,0.000282,0.003116
pd,0.0500,9.3100,0.000285,0.003153
pd,0.0500,9.3200,0.000289,0.003191
pd,0.0500,9.3300,0.000292,0.003228
pd,0.0500,9.3400,0.000296,0.003266
pd,0.0500,9.3500,0.000299,0.003303
pd,0.0500,9.3600,0.000303,0.003341
pd,0.0500,9.3700,0.000306,0.003378
pd,0.0500,9.3800,0.000310,0.003415
pd,0.0500,9.3900,0.000313,0.003452
pd,0.0500,9.4000,0.000316,0.003489
pd,0.0500,9.4100,0.000320,0.003525
pd,0.0500,9.4200,0.000323,0.003562
pd,0.0500,9.4300,0.000327,0.003599
pd,0.0500,9.4400,0.000330,0.003635
pd,0.0500,9.4500,0.000333,0.003671
pd,0.0500,9.4600,0.000337,0.003708
pd,0.0500,9.4700,0.000340,0.003744
pd,0.0500,9.4800,0.000343,0.003780
pd,0.0500,9.4900,0.000347,0.003816
pd,0.0500,9.5000,0.000350,0.003852
pd,0.0500,9.5100,0.000353,0.003888
pd,0.0500,9.5200,0.000357,0.003924
pd,0.0500,9.5300,0.000360,0.003959
pd,0.0500,9.5400,0.000363,0.003995
pd,0.0500,9.5500,0.000367,0.004030
pd,0.0500,9.5600,0.000370,0.004065
pd,0.0500,9.5700,0.000373,0.004101
pd,0.0500,9.5800,0.000376,0.004136
pd,0.0500,9.5900,0.000380,0.004171
pd,0.0500,9.6000,0.000383,0.004206
pd,0.0500,9.6100,0.000386,0.004241
pd,0.0500,9.6200,0.000389,0.004275
pd,0.0500,9.6300,0.000392,0.004310
pd,0.0500,9.6400,0.000396,0.004344
pd,0.0500,9.6500,0.000399,0.004379
pd,0.0500,9.6600,0.000402,0.004413
pd,0.0500,9.6700,0.000405,0.004448
pd,0.0500,9.6800,0.000408,0.004482
pd,0.0500,9.6900,0.000412,0.004516
pd,0.0500,9.7000,0.000415,0.004550
pd,0.0500,9.7100,0.000418,0.004584
pd,0.0500,9.7200,0.000421,0.004617
pd,0.0500,9.7300,0.000424,0.004651
pd,0.0500,9.7400,0.000427,0.004684
pd,0.0500,9.7500,0.000430,0.004718
pd,0.0500,9.7600,0.000433,0.004751
pd,0.0500,9.7700,0.000436,0.004784
pd,0.0500,9.7800,0.000439,0.004818
pd,0.0500,9.7900,0.000443,0.004851
pd,0.0500,9.8000,0.000446,0.004884
pd,0.0500,9.8100,0.000449,0.004916
pd,0.0500,9.8200,0.000452,0.004949
pd,0.0500,9.8300,0.000455,0.004982
pd,0.0500,9.8400,0.000458,0.005014
pd,0.0500,9.8500,0.000461,0.005047
pd,0.0500,9.8600,0.000464,0.005079
pd,0.0500,9.8700,0.000467,0.005111
pd,0.0500,9.8800,0.000470,0.005143
pd,0.0500,9.8900,0.000473,0.005176
pd,0.0500,9.9000,0.000476,0.005207
pd,0.0500,9.9100,0.000479,0.005239
pd,0.0500,9.9200,0.000481,0.005271
pd,0.0500,9.9300,0.000484,0.005303
pd,0.0500,9.9400,0.000487,0.005334
pd,0.0500,9.9500,0.000490,0.005365
pd,0.0500,9.9600,0.000493,0.005397
pd,0.0500,9.9700,0.000496,0.005428
pd,0.0500,9.9800,0.000499,0.005459
pd,0.0500,9.9900,0.000502,0.005490
pd,0.0500,10.0000,0.000505,0.000000
onnx,0.0500,0.0000,0.050000,5.688915
onnx,0.0500,0.0100,0.049624,4.251336
onnx,0.0500,0.0200,0.048599,3.130290
onnx,0.0500,0.0300,0.047112,2.258670
onnx,0.0500,0.0400,0.045305,1.583450
onnx,0.0500,0.0500,0.043289,1.062724
onnx,0.0500,0.0600,0.041147,0.663380
onnx,0.0500,0.0700,0.038945,0.359259
onnx,0.0500,0.0800,0.036728,0.129704
onnx,0.0500,0.0900,0.034534,-0.041587
onnx,0.0500,0.1000,0.032389,-0.167473
onnx,0.0500,0.1100,0.030309,-0.258088
onnx,0.0500,0.1200,0.028308,-0.321409
onnx,0.0500,0.1300,0.026395,-0.363708
onnx,0.0500,0.1400,0.024573,-0.389914
onnx,0.0500,0.1500,0.022845,-0.403888
onnx,0.0500,0.1600,0.021211,-0.408652
onnx,0.0500,0.1700,0.019670,-0.406566
onnx,0.0500,0.1800,0.018220,-0.399466
onnx,0.0500,0.1900,0.016857,-0.388779
onnx,0.0500,0.2000,0.015579,-0.375607
onnx,0.0500,0.2100,0.014381,-0.360797
onnx,0.0500,0.2200,0.013260,-0.344996
onnx,0.0500,0.2300,0.012211,-0.328695
onnx,0.0500,0.2400,0.011231,-0.312265
onnx,0.0500,0.2500,0.010315,-0.295978
onnx,0.0500,0.2600,0.009461,-0.280033
onnx,0.0500,0.2700,0.008663,-0.264572
onnx,0.0500,0.2800,0.007919,-0.249693
onnx,0.0500,0.2900,0.007225,-0.235458
onnx,0.0500,0.3000,0.006578,-0.221905
onnx,0.0500,0.3100,0.005975,-0.209052
onnx,0.0500,0.3200,0.005412,-0.196900
onnx,0.0500,0.3300,0.004888,-0.185442
onnx,0.0500,0.3400,0.004400,-0.174662
onnx,0.0500,0.3500,0.003945,-0.164537
onnx,0.0500,0.3600,0.003521,-0.155043
onnx,0.0500,0.3700,0.003126,-0.146152
onnx,0.0500,0.3800,0.002758,-0.137834
onnx,0.0500,0.3900,0.002415,-0.130059
onnx,0.0500,0.4000,0.002096,-0.122797
onnx,0.0500,0.4100,0.001798,-0.116019
onnx,0.0500,0.4200,0.001520,-0.109697
onnx,0.0500,0.4300,0.001262,-0.103802
onnx,0.0500,0.4400,0.001021,-0.098308
onnx,0.0500,0.4500,0.000797,-0.093189
onnx,0.0500,0.4600,0.000587,-0.088422
onnx,0.0500,0.4700,0.000392,-0.083983
onnx,0.0500,0.4800,0.000211,-0.079850
onnx,0.0500,0.4900,0.000041,-0.076005
onnx,0.0500,0.5000,-0.000117,-0.072426
onnx,0.0500,0.5100,-0.000264,-0.069097
onnx,0.0500,0.5200,-0.000401,-0.066000
onnx,0.0500,0.5300,-0.000529,-0.063119
onnx,0.0500,0.5400,-0.000649,-0.060441
onnx,0.0500,0.5500,-0.000760,-0.057950
onnx,0.0500,0.5600,-0.000864,-0.055635
onnx,0.0500,0.5700,-0.000961,-0.053482
onnx,0.0500,0.5800,-0.001052,-0.051482
onnx,0.0500,0.5900,-0.001136,-0.049623
onnx,0.0500,0.6000,-0.001215,-0.047895
onnx,0.0500,0.6100,-0.001289,-0.046290
onnx,0.0500,0.6200,-0.001358,-0.044800
onnx,0.0500,0.6300,-0.001422,-0.043415
onnx,0.0500,0.6400,-0.001482,-0.042129
onnx,0.0500,0.6500,-0.001539,-0.040935
onnx,0.0500,0.6600,-0.001591,-0.039826
onnx,0.0500,0.6700,-0.001640,-0.038798
onnx,0.0500,0.6800,-0.001686,-0.037843
onnx,0.0500,0.6900,-0.001729,-0.036957
onnx,0.0500,0.7000,-0.001770,-0.036135
onnx,0.0500,0.7100,-0.001807,-0.035373
onnx,0.0500,0.7200,-0.001843,-0.034666
onnx,0.0500,0.7300,-0.001876,-0.034011
onnx,0.0500,0.7400,-0.001907,-0.033403
onnx,0.0500,0.7500,-0.001936,-0.032841
onnx,0.0500,0.7600,-0.001964,-0.032320
onnx,0.0500,0.7700,-0.001989,-0.031837
onnx,0.0500,0.7800,-0.002013,-0.031391
onnx,0.0500,0.7900,-0.002036,-0.030978
onnx,0.0500,0.8000,-0.002057,-0.030596
onnx,0.0500,0.8100,-0.002077,-0.030243
onnx,0.0500,0.8200,-0.002096,-0.029916
onnx,0.0500,0.8300,-0.002114,-0.029615
onnx,0.0500,0.8400,-0.002131,-0.029337
onnx,0.0500,0.8500,-0.002147,-0.029080
onnx,0.0500,0.8600,-0.002162,-0.028844
onnx,0.0500,0.8700,-0.002176,-0.028626
onnx,0.0500,0.8800,-0.002189,-0.028426
onnx,0.0500,0.8900,-0.002202,-0.028241
onnx,0.0500,0.9000,-0.002214,-0.028072
onnx,0.0500,0.9100,-0.002225,-0.027916
onnx,0.0500,0.9200,-0.002236,-0.027774
onnx,0.0500,0.9300,-0.002246,-0.027643
onnx,0.0500,0.9400,-0.002256,-0.027524
onnx,0.0500,0.9500,-0.002265,-0.027415
onnx,0.0500,0.9600,-0.002273,-0.027315
onnx,0.0500,0.9700,-0.002282,-0.027225
onnx,0.0500,0.9800,-0.002290,-0.027142
onnx,0.0500,0.9900,-0.002297,-0.027068
onnx,0.0500,1.0000,-0.002305,-0.027000
onnx,0.0500,1.0100,-0.002311,-0.026939
onnx,0.0500,1.0200,-0.002318,-0.026885
onnx,0.0500,1.0300,-0.002324,-0.026836
onnx,0.0500,1.0400,-0.002330,-0.026792
onnx,0.0500,1.0500,-0.002336,-0.026753
onnx,0.0500,1.0600,-0.002342,-0.026719
onnx,0.0500,1.0700,-0.002347,-0.026688
onnx,0.0500,1.0800,-0.002352,-0.026662
onnx,0.0500,1.0900,-0.002357,-0.026639
onnx,0.0500,1.1000,-0.002362,-0.026620
onnx,0.0500,1.1100,-0.002367,-0.026604
onnx,0.0500,1.1200,-0.002371,-0.026590
onnx,0.0500,1.1300,-0.002375,-0.026579
onnx,0.0500,1.1400,-0.002380,-0.026571
onnx,0.0500,1.1500,-0.002384,-0.026564
onnx,0.0500,1.1600,-0.002387,-0.026560
onnx,0.0500,1.1700,-0.002391,-0.026558
onnx,0.0500,1.1800,-0.002395,-0.026557
onnx,0.0500,1.1900,-0.002398,-0.026558
onnx,0.0500,1.2000,-0.002402,-0.026560
onnx,0.0500,1.2100,-0.002405,-0.026564
onnx,0.0500,1.2200,-0.002408,-0.026569
onnx,0.0500,1.2300,-0.002412,-0.026575
onnx,0.0500,1.2400,-0.002415,-0.026582
onnx,0.0500,1.2500,-0.002418,-0.026590
onnx,0.0500,1.2600,-0.002421,-0.026599
onnx,0.0500,1.2700,-0.002424,-0.026609
onnx,0.0500,1.2800,-0.002426,-0.026619
onnx,0.0500,1.2900,-0.002429,-0.026630
onnx,0.0500,1.3000,-0.002432,-0.026642
onnx,0.0500,1.3100,-0.002434,-0.026654
onnx,0.0500,1.3200,-0.002437,-0.026666
onnx,0.0500,1.3300,-0.002439,-0.026679
onnx,0.0500,1.3400,-0.002442,-0.026692
onnx,0.0500,1.3500,-0.002444,-0.026705
onnx,0.0500,1.3600,-0.002446,-0.026719
onnx,0.0500,1.3700,-0.002449,-0.026733
onnx,0.0500,1.3800,-0.002451,-0.026747
onnx,0.0500,1.3900,-0.002453,-0.026761
onnx,0.0500,1.4000,-0.002455,-0.026776
onnx,0.0500,1.4100,-0.002457,-0.026790
onnx,0.0500,1.4200,-0.002459,-0.026805
onnx,0.0500,1.4300,-0.002461,-0.026819
onnx,0.0500,1.4400,-0.002463,-0.026834
onnx,0.0500,1.4500,-0.002465,-0.026848
onnx,0.0500,1.4600,-0.002467,-0.026863
onnx,0.0500,1.4700,-0.002469,-0.026877
onnx,0.0500,1.4800,-0.002471,-0.026892
onnx,0.0500,1.4900,-0.002472,-0.026906
onnx,0.0500,1.5000,-0.002474,-0.026920
onnx,0.0500,1.5100,-0.002476,-0.026934
onnx,0.0500,1.5200,-0.002477,-0.026948
onnx,0.0500,1.5300,-0.002479,-0.026962
onnx,0.0500,1.5400,-0.002481,-0.026976
onnx,0.0500,1.5500,-0.002482,-0.026990
onnx,0.0500,1.5600,-0.002484,-0.027003
onnx,0.0500,1.5700,-0.002485,-0.027016
onnx,0.0500,1.5800,-0.002487,-0.027029
onnx,0.0500,1.5900,-0.002488,-0.027042
onnx,0.0500,1.6000,-0.002489,-0.027055
onnx,0.0500,1.6100,-0.002491,-0.027067
onnx,0.0500,1.6200,-0.002492,-0.027080
onnx,0.0500,1.6300,-0.002493,-0.027092
onnx,0.0500,1.6400,-0.002495,-0.027103
onnx,0.0500,1.6500,-0.002496,-0.027115
onnx,0.0500,1.6600,-0.002497,-0.027126
onnx,0.0500,1.6700,-0.002498,-0.027138
onnx,0.0500,1.6800,-0.002500,-0.027149
onnx,0.0500,1.6900,-0.002501,-0.027159
onnx,0.0500,1.7000,-0.002502,-0.027170
onnx,0.0500,1.7100,-0.002503,-0.027180
onnx,0.0500,1.7200,-0.002504,-0.027190
onnx,0.0500,1.7300,-0.002505,-0.027200
onnx,0.0500,1.7400,-0.002506,-0.027209
onnx,0.0500,1.7500,-0.002507,-0.027218
onnx,0.0500,1.7600,-0.002508,-0.027227
onnx,0.0500,1.7700,-0.002509,-0.027236
onnx,0.0500,1.7800,-0.002509,-0.027244
onnx,0.0500,1.7900,-0.002510,-0.027252
onnx,0.0500,1.8000,-0.002511,-0.027260
onnx,0.0500,1.8100,-0.002512,-0.027268
onnx,0.0500,1.8200,-0.002513,-0.027275
onnx,0.0500,1.8300,-0.002513,-0.027282
onnx,0.0500,1.8400,-0.002514,-0.027289
onnx,0.0500,1.8500,-0.002515,-0.027296
onnx,0.0500,1.8600,-0.002515,-0.027302
onnx,0.0500,1.8700,-0.002516,-0.027308
onnx,0.0500,1.8800,-0.002517,-0.027314
onnx,0.0500,1.8900,-0.002517,-0.027319
onnx,0.0500,1.9000,-0.002518,-0.027325
onnx,0.0500,1.9100,-0.002518,-0.027330
onnx,0.0500,1.9200,-0.002519,-0.027334
onnx,0.0500,1.9300,-0.002519,-0.027339
onnx,0.0500,1.9400,-0.002520,-0.027343
onnx,0.0500,1.9500,-0.002520,-0.027347
onnx,0.0500,1.9600,-0.002520,-0.027350
onnx,0.0500,1.9700,-0.002521,-0.027354
onnx,0.0500,1.9800,-0.002521,-0.027357
onnx,0.0500,1.9900,-0.002521,-0.027359
onnx,0.0500,2.0000,-0.002522,-0.027362
onnx,0.0500,2.0100,-0.002522,-0.027364
onnx,0.0500,2.0200,-0.002522,-0.027366
onnx,0.0500,2.0300,-0.002522,-0.027368
onnx,0.0500,2.0400,-0.002523,-0.027369
onnx,0.0500,2.0500,-0.002523,-0.027370
onnx,0.0500,2.0600,-0.002523,-0.027371
onnx,0.0500,2.0700,-0.002523,-0.027372
onnx,0.0500,2.0800,-0.002523,-0.027372
onnx,0.0500,2.0900,-0.002523,-0.027372
onnx,0.0500,2.1000,-0.002523,-0.027372
onnx,0.0500,2.1100,-0.002523,-0.027372
onnx,0.0500,2.1200,-0.002523,-0.027371
onnx,0.0500,2.1300,-0.002523,-0.027370
onnx,0.0500,2.1400,-0.002523,-0.027369
onnx,0.0500,2.1500,-0.002523,-0.027367
onnx,0.0500,2.1600,-0.002523,-0.027365
onnx,0.0500,2.1700,-0.002523,-0.027363
onnx,0.0500,2.1800,-0.002523,-0.027361
onnx,0.0500,2.1900,-0.002522,-0.027358
onnx,0.0500,2.2000,-0.002522,-0.027356
onnx,0.0500,2.2100,-0.002522,-0.027352
onnx,0.0500,2.2200,-0.002522,-0.027349
onnx,0.0500,2.2300,-0.002521,-0.027345
onnx,0.0500,2.2400,-0.002521,-0.027341
onnx,0.0500,2.2500,-0.002521,-0.027337
onnx,0.0500,2.2600,-0.002520,-0.027333
onnx,0.0500,2.2700,-0.002520,-0.027328
onnx,0.0500,2.2800,-0.002519,-0.027323
onnx,0.0500,2.2900,-0.002519,-0.027318
onnx,0.0500,2.3000,-0.002519,-0.027312
onnx,0.0500,2.3100,-0.002518,-0.027307
onnx,0.0500,2.3200,-0.002518,-0.027301
onnx,0.0500,2.3300,-0.002517,-0.027294
onnx,0.0500,2.3400,-0.002516,-0.027288
onnx,0.0500,2.3500,-0.002516,-0.027281
onnx,0.0500,2.3600,-0.002515,-0.027274
onnx,0.0500,2.3700,-0.002515,-0.027267
onnx,0.0500,2.3800,-0.002514,-0.027259
onnx,0.0500,2.3900,-0.002513,-0.027251
onnx,0.0500,2.4000,-0.002513,-0.027243
onnx,0.0500,2.4100,-0.002512,-0.027235
onnx,0.0500,2.4200,-0.002511,-0.027226
onnx,0.0500,2.4300,-0.002510,-0.027217
onnx,0.0500,2.4400,-0.002509,-0.027208
onnx,0.0500,2.4500,-0.002509,-0.027199
onnx,0.0500,2.4600,-0.002508,-0.027189
onnx,0.0500,2.4700,-0.002507,-0.027179
onnx,0.0500,2.4800,-0.002506,-0.027169
onnx,0.0500,2.4900,-0.002505,-0.027159
onnx,0.0500,2.5000,-0.002504,-0.027148
onnx,0.0500,2.5100,-0.002503,-0.027137
onnx,0.0500,2.5200,-0.002502,-0.027126
onnx,0.0500,2.5300,-0.002501,-0.027115
onnx,0.0500,2.5400,-0.002500,-0.027103
onnx,0.0500,2.5500,-0.002499,-0.027091
onnx,0.0500,2.5600,-0.002498,-0.027079
onnx,0.0500,2.5700,-0.002497,-0.027067
onnx,0.0500,2.5800,-0.002496,-0.027054
onnx,0.0500,2.5900,-0.002495,-0.027041
onnx,0.0500,2.6000,-0.002494,-0.027028
onnx,0.0500,2.6100,-0.002492,-0.027015
onnx,0.0500,2.6200,-0.002491,-0.027001
onnx,0.0500,2.6300,-0.002490,-0.026988
onnx,0.0500,2.6400,-0.002489,-0.026974
onnx,0.0500,2.6500,-0.002487,-0.026959
onnx,0.0500,2.6600,-0.002486,-0.026945
onnx,0.0500,2.6700,-0.002485,-0.026930
onnx,0.0500,2.6800,-0.002483,-0.026915
onnx,0.0500,2.6900,-0.002482,-0.026900
onnx,0.0500,2.7000,-0.002481,-0.026884
onnx,0.0500,2.7100,-0.002479,-0.026868
onnx,0.0500,2.7200,-0.002478,-0.026852
onnx,0.0500,2.7300,-0.002476,-0.026836
onnx,0.0500,2.7400,-0.002475,-0.026820
onnx,0.0500,2.7500,-0.002473,-0.026803
onnx,0.0500,2.7600,-0.002472,-0.026786
onnx,0.0500,2.7700,-0.002470,-0.026769
onnx,0.0500,2.7800,-0.002469,-0.026751
onnx,0.0500,2.7900,-0.002467,-0.026734
onnx,0.0500,2.8000,-0.002465,-0.026716
onnx,0.0500,2.8100,-0.002464,-0.026698
onnx,0.0500,2.8200,-0.002462,-0.026679
onnx,0.0500,2.8300,-0.002460,-0.026661
onnx,0.0500,2.8400,-0.002459,-0.026642
onnx,0.0500,2.8500,-0.002457,-0.026623
onnx,0.0500,2.8600,-0.002455,-0.026604
onnx,0.0500,2.8700,-0.002454,-0.026584
onnx,0.0500,2.8800,-0.002452,-0.026564
onnx,0.0500,2.8900,-0.002450,-0.026544
onnx,0.0500,2.9000,-0.002448,-0.026524
onnx,0.0500,2.9100,-0.002446,-0.026504
onnx,0.0500,2.9200,-0.002444,-0.026483
onnx,0.0500,2.9300,-0.002443,-0.026462
onnx,0.0500,2.9400,-0.002441,-0.026441
onnx,0.0500,2.9500,-0.002439,-0.026420
onnx,0.0500,2.9600,-0.002437,-0.026398
onnx,0.0500,2.9700,-0.002435,-0.026377
onnx,0.0500,2.9800,-0.002433,-0.026355
onnx,0.0500,2.9900,-0.002431,-0.026332
onnx,0.0500,3.0000,-0.002429,-0.026310
onnx,0.0500,3.0100,-0.002427,-0.026287
onnx,0.0500,3.0200,-0.002425,-0.026265
onnx,0.0500,3.0300,-0.002422,-0.026241
onnx,0.0500,3.0400,-0.002420,-0.026218
onnx,0.0500,3.0500,-0.002418,-0.026195
onnx,0.0500,3.0600,-0.002416,-0.026171
onnx,0.0500,3.0700,-0.002414,-0.026147
onnx,0.0500,3.0800,-0.002412,-0.026123
onnx,0.0500,3.0900,-0.002409,-0.026098
onnx,0.0500,3.1000,-0.002407,-0.026074
onnx,0.0500,3.1100,-0.002405,-0.026049
onnx,0.0500,3.1200,-0.002403,-0.026024
onnx,0.0500,3.1300,-0.002400,-0.025999
onnx,0.0500,3.1400,-0.002398,-0.025973
onnx,0.0500,3.1500,-0.002396,-0.025947
onnx,0.0500,3.1600,-0.002393,-0.025922
onnx,0.0500,3.1700,-0.002391,-0.025895
onnx,0.0500,3.1800,-0.002389,-0.025869
onnx,0.0500,3.1900,-0.002386,-0.025843
onnx,0.0500,3.2000,-0.002384,-0.025816
onnx,0.0500,3.2100,-0.002381,-0.025789
onnx,0.0500,3.2200,-0.002379,-0.025762
onnx,0.0500,3.2300,-0.002376,-0.025735
onnx,0.0500,3.2400,-0.002374,-0.025707
onnx,0.0500,3.2500,-0.002371,-0.025679
onnx,0.0500,3.2600,-0.002369,-0.025651
onnx,0.0500,3.2700,-0.002366,-0.025623
onnx,0.0500,3.2800,-0.002364,-0.025595
onnx,0.0500,3.2900,-0.002361,-0.025566
onnx,0.0500,3.3000,-0.002358,-0.025537
onnx,0.0500,3.3100,-0.002356,-0.025508
onnx,0.0500,3.3200,-0.002353,-0.025479
onnx,0.0500,3.3300,-0.002350,-0.025450
onnx,0.0500,3.3400,-0.002348,-0.025420
onnx,0.0500,3.3500,-0.002345,-0.025390
onnx,0.0500,3.3600,-0.002342,-0.025360
onnx,0.0500,3.3700,-0.002340,-0.025330
onnx,0.0500,3.3800,-0.002337,-0.025300
onnx,0.0500,3.3900,-0.002334,-0.025269
onnx,0.0500,3.4000,-0.002331,-0.025239
onnx,0.0500,3.4100,-0.002328,-0.025208
onnx,0.0500,3.4200,-0.002326,-0.025176
onnx,0.0500,3.4300,-0.002323,-0.025145
onnx,0.0500,3.4400,-0.002320,-0.025113
onnx,0.0500,3.4500,-0.002317,-0.025082
onnx,0.0500,3.4600,-0.002314,-0.025050
onnx,0.0500,3.4700,-0.002311,-0.025018
onnx,0.0500,3.4800,-0.002308,-0.024985
onnx,0.0500,3.4900,-0.002305,-0.024953
onnx,0.0500,3.5000,-0.002302,-0.024920
onnx,0.0500,3.5100,-0.002299,-0.024887
onnx,0.0500,3.5200,-0.002296,-0.024854
onnx,0.0500,3.5300,-0.002293,-0.024821
onnx,0.0500,3.5400,-0.002290,-0.024788
onnx,0.0500,3.5500,-0.002287,-0.024754
onnx,0.0500,3.5600,-0.002284,-0.024720
onnx,0.0500,3.5700,-0.002281,-0.024686
onnx,0.0500,3.5800,-0.002278,-0.024652
onnx,0.0500,3.5900,-0.002274,-0.024618
onnx,0.0500,3.6000,-0.002271,-0.024583
onnx,0.0500,3.6100,-0.002268,-0.024548
onnx,0.0500,3.6200,-0.002265,-0.024513
onnx,0.0500,3.6300,-0.002262,-0.024478
onnx,0.0500,3.6400,-0.002259,-0.024443
onnx,0.0500,3.6500,-0.002255,-0.024408
onnx,0.0500,3.6600,-0.002252,-0.024372
onnx,0.0500,3.6700,-0.002249,-0.024336
onnx,0.0500,3.6800,-0.002245,-0.024300
onnx,0.0500,3.6900,-0.002242,-0.024264
onnx,0.0500,3.7000,-0.002239,-0.024228
onnx,0.0500,3.7100,-0.002236,-0.024191
onnx,0.0500,3.7200,-0.002232,-0.024154
onnx,0.0500,3.7300,-0.002229,-0.024118
onnx,0.0500,3.7400,-0.002225,-0.024081
onnx,0.0500,3.7500,-0.002222,-0.024043
onnx,0.0500,3.7600,-0.002219,-0.024006
onnx,0.0500,3.7700,-0.002215,-0.023968
onnx,0.0500,3.7800,-0.002212,-0.023931
onnx,0.0500,3.7900,-0.002208,-0.023893
onnx,0.0500,3.8000,-0.002205,-0.023855
onnx,0.0500,3.8100,-0.002201,-0.023817
onnx,0.0500,3.8200,-0.002198,-0.023778
onnx,0.0500,3.8300,-0.002194,-0.023740
onnx,0.0500,3.8400,-0.002191,-0.023701
onnx,0.0500,3.8500,-0.002187,-0.023662
onnx,0.0500,3.8600,-0.002184,-0.023623
onnx,0.0500,3.8700,-0.002180,-0.023584
onnx,0.0500,3.8800,-0.002176,-0.023544
onnx,0.0500,3.8900,-0.002173,-0.023505
onnx,0.0500,3.9000,-0.002169,-0.023465
onnx,0.0500,3.9100,-0.002165,-0.023425
onnx,0.0500,3.9200,-0.002162,-0.023385
onnx,0.0500,3.9300,-0.002158,-0.023345
onnx,0.0500,3.9400,-0.002154,-0.023305
onnx,0.0500,3.9500,-0.002151,-0.023264
onnx,0.0500,3.9600,-0.002147,-0.023223
onnx,0.0500,3.9700,-0.002143,-0.023183
onnx,0.0500,3.9800,-0.002139,-0.023142
onnx,0.0500,3.9900,-0.002136,-0.023100
onnx,0.0500,4.0000,-0.002132,-0.023059
onnx,0.0500,4.0100,-0.002128,-0.023018
onnx,0.0500,4.0200,-0.002124,-0.022976
onnx,0.0500,4.0300,-0.002120,-0.022934
onnx,0.0500,4.0400,-0.002117,-0.022892
onnx,0.0500,4.0500,-0.002113,-0.022850
onnx,0.0500,4.0600,-0.002109,-0.022808
onnx,0.0500,4.0700,-0.002105,-0.022766
onnx,0.0500,4.0800,-0.002101,-0.022723
onnx,0.0500,4.0900,-0.002097,-0.022681
onnx,0.0500,4.1000,-0.002093,-0.022638
onnx,0.0500,4.1100,-0.002089,-0.022595
onnx,0.0500,4.1200,-0.002085,-0.022552
onnx,0.0500,4.1300,-0.002081,-0.022509
onnx,0.0500,4.1400,-0.002077,-0.022465
onnx,0.0500,4.1500,-0.002073,-0.022422
onnx,0.0500,4.1600,-0.002069,-0.022378
onnx,0.0500,4.1700,-0.002065,-0.022334
onnx,0.0500,4.1800,-0.002061,-0.022290
onnx,0.0500,4.1900,-0.002057,-0.022246
onnx,0.0500,4.2000,-0.002053,-0.022202
onnx,0.0500,4.2100,-0.002049,-0.022157
onnx,0.0500,4.2200,-0.002045,-0.022113
onnx,0.0500,4.2300,-0.002041,-0.022068
onnx,0.0500,4.2400,-0.002037,-0.022023
onnx,0.0500,4.2500,-0.002033,-0.021978
onnx,0.0500,4.2600,-0.002029,-0.021933
onnx,0.0500,4.2700,-0.002025,-0.021888
onnx,0.0500,4.2800,-0.002020,-0.021843
onnx,0.0500,4.2900,-0.002016,-0.021797
onnx,0.0500,4.3000,-0.002012,-0.021752
onnx,0.0500,4.3100,-0.002008,-0.021706
onnx,0.0500,4.3200,-0.002004,-0.021660
onnx,0.0500,4.3300,-0.001999,-0.021614
onnx,0.0500,4.3400,-0.001995,-0.021568
onnx,0.0500,4.3500,-0.001991,-0.021521
onnx,0.0500,4.3600,-0.001987,-0.021475
onnx,0.0500,4.3700,-0.001982,-0.021428
onnx,0.0500,4.3800,-0.001978,-0.021382
onnx,0.0500,4.3900,-0.001974,-0.021335
onnx,0.0500,4.4000,-0.001969,-0.021288
onnx,0.0500,4.4100,-0.001965,-0.021241
onnx,0.0500,4.4200,-0.001961,-0.021194
onnx,0.0500,4.4300,-0.001956,-0.021146
onnx,0.0500,4.4400,-0.001952,-0.021099
onnx,0.0500,4.4500,-0.001948,-0.021051
onnx,0.0500,4.4600,-0.001943,-0.021004
onnx,0.0500,4.4700,-0.001939,-0.020956
onnx,0.0500,4.4800,-0.001935,-0.020908
onnx,0.0500,4.4900,-0.001930,-0.020860
onnx,0.0500,4.5000,-0.001926,-0.020812
onnx,0.0500,4.5100,-0.001921,-0.020763
onnx,0.0500,4.5200,-0.001917,-0.020715
onnx,0.0500,4.5300,-0.001912,-0.020666
onnx,0.0500,4.5400,-0.001908,-0.020618
onnx,0.0500,4.5500,-0.001903,-0.020569
onnx,0.0500,4.5600,-0.001899,-0.020520
onnx,0.0500,4.5700,-0.001894,-0.020471
onnx,0.0500,4.5800,-0.001890,-0.020422
onnx,0.0500,4.5900,-0.001885,-0.020373
onnx,0.0500,4.6000,-0.001881,-0.020323
onnx,0.0500,4.6100,-0.001876,-0.020274
onnx,0.0500,4.6200,-0.001872,-0.020224
onnx,0.0500,4.6300,-0.001867,-0.020175
onnx,0.0500,4.6400,-0.001863,-0.020125
onnx,0.0500,4.6500,-0.001858,-0.020075
onnx,0.0500,4.6600,-0.001854,-0.020025
onnx,0.0500,4.6700,-0.001849,-0.019975
onnx,0.0500,4.6800,-0.001844,-0.019925
onnx,0.0500,4.6900,-0.001840,-0.019874
onnx,0.0500,4.7000,-0.001835,-0.019824
onnx,0.0500,4.7100,-0.001830,-0.019773
onnx,0.0500,4.7200,-0.001826,-0.019723
onnx,0.0500,4.7300,-0.001821,-0.019672
onnx,0.0500,4.7400,-0.001816,-0.019621
onnx,0.0500,4.7500,-0.001812,-0.019570
onnx,0.0500,4.7600,-0.001807,-0.019519
onnx,0.0500,4.7700,-0.001802,-0.019468
onnx,0.0500,4.7800,-0.001798,-0.019417
onnx,0.0500,4.7900,-0.001793,-0.019365
onnx,0.0500,4.8000,-0.001788,-0.019314
onnx,0.0500,4.8100,-0.001783,-0.019262
onnx,0.0500,4.8200,-0.001779,-0.019211
onnx,0.0500,4.8300,-0.001774,-0.019159
onnx,0.0500,4.8400,-0.001769,-0.019107
onnx,0.0500,4.8500,-0.001764,-0.019055
onnx,0.0500,4.8600,-0.001760,-0.019003
onnx,0.0500,4.8700,-0.001755,-0.018951
onnx,0.0500,4.8800,-0.001750,-0.018898
onnx,0.0500,4.8900,-0.001745,-0.018846
onnx,0.0500,4.9000,-0.001740,-0.018794
onnx,0.0500,4.9100,-0.001736,-0.018741
onnx,0.0500,4.9200,-0.001731,-0.018689
onnx,0.0500,4.9300,-0.001726,-0.018636
onnx,0.0500,4.9400,-0.001721,-0.018583
onnx,0.0500,4.9500,-0.001716,-0.018530
onnx,0.0500,4.9600,-0.001711,-0.018477
onnx,0.0500,4.9700,-0.001706,-0.018424
onnx,0.0500,4.9800,-0.001702,-0.018371
onnx,0.0500,4.9900,-0.001697,-0.018318
onnx,0.0500,5.0000,-0.001692,-0.018264
onnx,0.0500,5.0100,-0.001687,-0.018211
onnx,0.0500,5.0200,-0.001682,-0.018158
onnx,0.0500,5.0300,-0.001677,-0.018104
onnx,0.0500,5.0400,-0.001672,-0.018050
onnx,0.0500,5.0500,-0.001667,-0.017997
onnx,0.0500,5.0600,-0.001662,-0.017943
onnx,0.0500,5.0700,-0.001657,-0.017889
onnx,0.0500,5.0800,-0.001652,-0.017835
onnx,0.0500,5.0900,-0.001647,-0.017781
onnx,0.0500,5.1000,-0.001642,-0.017727
onnx,0.0500,5.1100,-0.001637,-0.017672
onnx,0.0500,5.1200,-0.001632,-0.017618
onnx,0.0500,5.1300,-0.001627,-0.017564
onnx,0.0500,5.1400,-0.001622,-0.017509
onnx,0.0500,5.1500,-0.001617,-0.017455
onnx,0.0500,5.1600,-0.001612,-0.017400
onnx,0.0500,5.1700,-0.001607,-0.017345
onnx,0.0500,5.1800,-0.001602,-0.017291
onnx,0.0500,5.1900,-0.001597,-0.017236
onnx,0.0500,5.2000,-0.001592,-0.017181
onnx,0.0500,5.2100,-0.001587,-0.017126
onnx,0.0500,5.2200,-0.001582,-0.017071
onnx,0.0500,5.2300,-0.001577,-0.017016
onnx,0.0500,5.2400,-0.001572,-0.016961
onnx,0.0500,5.2500,-0.001567,-0.016905
onnx,0.0500,5.2600,-0.001562,-0.016850
onnx,0.0500,5.2700,-0.001557,-0.016795
onnx,0.0500,5.2800,-0.001551,-0.016739
onnx,0.0500,5.2900,-0.001546,-0.016684
onnx,0.0500,5.3000,-0.001541,-0.016628
onnx,0.0500,5.3100,-0.001536,-0.016572
onnx,0.0500,5.3200,-0.001531,-0.016517
onnx,0.0500,5.3300,-0.001526,-0.016461
onnx,0.0500,5.3400,-0.001521,-0.016405
onnx,0.0500,5.3500,-0.001516,-0.016349
onnx,0.0500,5.3600,-0.001510,-0.016293
onnx,0.0500,5.3700,-0.001505,-0.016237
onnx,0.0500,5.3800,-0.001500,-0.016181
onnx,0.0500,5.3900,-0.001495,-0.016125
onnx,0.0500,5.4000,-0.001490,-0.016069
onnx,0.0500,5.4100,-0.001485,-0.016013
onnx,0.0500,5.4200,-0.001479,-0.015956
onnx,0.0500,5.4300,-0.001474,-0.015900
onnx,0.0500,5.4400,-0.001469,-0.015843
onnx,0.0500,5.4500,-0.001464,-0.015787
onnx,0.0500,5.4600,-0.001459,-0.015730
onnx,0.0500,5.4700,-0.001453,-0.015674
onnx,0.0500,5.4800,-0.001448,-0.015617
onnx,0.0500,5.4900,-0.001443,-0.015560
onnx,0.0500,5.5000,-0.001438,-0.015504
onnx,0.0500,5.5100,-0.001433,-0.015447
onnx,0.0500,5.5200,-0.001427,-0.015390
onnx,0.0500,5.5300,-0.001422,-0.015333
onnx,0.0500,5.5400,-0.001417,-0.015276
onnx,0.0500,5.5500,-0.001412,-0.015219
onnx,0.0500,5.5600,-0.001406,-0.015162
onnx,0.0500,5.5700,-0.001401,-0.015105
onnx,0.0500,5.5800,-0.001396,-0.015048
onnx,0.0500,5.5900,-0.001390,-0.014991
onnx,0.0500,5.6000,-0.001385,-0.014933
onnx,0.0500,5.6100,-0.001380,-0.014876
onnx,0.0500,5.6200,-0.001375,-0.014819
onnx,0.0500,5.6300,-0.001369,-0.014761
onnx,0.0500,5.6400,-0.001364,-0.014704
onnx,0.0500,5.6500,-0.001359,-0.014646
onnx,0.0500,5.6600,-0.001354,-0.014589
onnx,0.0500,5.6700,-0.001348,-0.014531
onnx,0.0500,5.6800,-0.001343,-0.014474
onnx,0.0500,5.6900,-0.001338,-0.014416
onnx,0.0500,5.7000,-0.001332,-0.014358
onnx,0.0500,5.7100,-0.001327,-0.014301
onnx,0.0500,5.7200,-0.001322,-0.014243
onnx,0.0500,5.7300,-0.001316,-0.014185
onnx,0.0500,5.7400,-0.001311,-0.014127
onnx,0.0500,5.7500,-0.001306,-0.014070
onnx,0.0500,5.7600,-0.001300,-0.014012
onnx,0.0500,5.7700,-0.001295,-0.013954
onnx,0.0500,5.7800,-0.001290,-0.013896
onnx,0.0500,5.7900,-0.001284,-0.013838
onnx,0.0500,5.8000,-0.001279,-0.013780
onnx,0.0500,5.8100,-0.001274,-0.013722
onnx,0.0500,5.8200,-0.001268,-0.013664
onnx,0.0500,5.8300,-0.001263,-0.013605
onnx,0.0500,5.8400,-0.001258,-0.013547
onnx,0.0500,5.8500,-0.001252,-0.013489
onnx,0.0500,5.8600,-0.001247,-0.013431
onnx,0.0500,5.8700,-0.001242,-0.013373
onnx,0.0500,5.8800,-0.001236,-0.013314
onnx,0.0500,5.8900,-0.001231,-0.013256
onnx,0.0500,5.9000,-0.001225,-0.013198
onnx,0.0500,5.9100,-0.001220,-0.013139
onnx,0.0500,5.9200,-0.001215,-0.013081
onnx,0.0500,5.9300,-0.001209,-0.013023
onnx,0.0500,5.9400,-0.001204,-0.012964
onnx,0.0500,5.9500,-0.001199,-0.012906
onnx,0.0500,5.9600,-0.001193,-0.012847
onnx,0.0500,5.9700,-0.001188,-0.012789
onnx,0.0500,5.9800,-0.001182,-0.012730
onnx,0.0500,5.9900,-0.001177,-0.012672
onnx,0.0500,6.0000,-0.001172,-0.012613
onnx,0.0500,6.0100,-0.001166,-0.012555
onnx,0.0500,6.0200,-0.001161,-0.012496
onnx,0.0500,6.0300,-0.001155,-0.012437
onnx,0.0500,6.0400,-0.001150,-0.012379
onnx,0.0500,6.0500,-0.001145,-0.012320
onnx,0.0500,6.0600,-0.001139,-0.012261
onnx,0.0500,6.0700,-0.001134,-0.012203
onnx,0.0500,6.0800,-0.001128,-0.012144
onnx,0.0500,6.0900,-0.001123,-0.012085
onnx,0.0500,6.1000,-0.001118,-0.012027
onnx,0.0500,6.1100,-0.001112,-0.011968
onnx,0.0500,6.1200,-0.001107,-0.011909
onnx,0.0500,6.1300,-0.001101,-0.011850
onnx,0.0500,6.1400,-0.001096,-0.011792
onnx,0.0500,6.1500,-0.001090,-0.011733
onnx,0.0500,6.1600,-0.001085,-0.011674
onnx,0.0500,6.1700,-0.001080,-0.011615
onnx,0.0500,6.1800,-0.001074,-0.011556
onnx,0.0500,6.1900,-0.001069,-0.011498
onnx,0.0500,6.2000,-0.001063,-0.011439
onnx,0.0500,6.2100,-0.001058,-0.011380
onnx,0.0500,6.2200,-0.001052,-0.011321
onnx,0.0500,6.2300,-0.001047,-0.011262
onnx,0.0500,6.2400,-0.001042,-0.011203
onnx,0.0500,6.2500,-0.001036,-0.011144
onnx,0.0500,6.2600,-0.001031,-0.011086
onnx,0.0500,6.2700,-0.001025,-0.011027
onnx,0.0500,6.2800,-0.001020,-0.010968
onnx,0.0500,6.2900,-0.001015,-0.010909
onnx,0.0500,6.3000,-0.001009,-0.010850
onnx,0.0500,6.3100,-0.001004,-0.010791
onnx,0.0500,6.3200,-0.000998,-0.010732
onnx,0.0500,6.3300,-0.000993,-0.010673
onnx,0.0500,6.3400,-0.000987,-0.010614
onnx,0.0500,6.3500,-0.000982,-0.010556
onnx,0.0500,6.3600,-0.000977,-0.010497
onnx,0.0500,6.3700,-0.000971,-0.010438
onnx,0.0500,6.3800,-0.000966,-0.010379
onnx,0.0500,6.3900,-0.000960,-0.010320
onnx,0.0500,6.4000,-0.000955,-0.010261
onnx,0.0500,6.4100,-0.000949,-0.010202
onnx,0.0500,6.4200,-0.000944,-0.010143
onnx,0.0500,6.4300,-0.000939,-0.010085
onnx,0.0500,6.4400,-0.000933,-0.010026
onnx,0.0500,6.4500,-0.000928,-0.009967
onnx,0.0500,6.4600,-0.000922,-0.009908
onnx,0.0500,6.4700,-0.000917,-0.009849
onnx,0.0500,6.4800,-0.000911,-0.009790
onnx,0.0500,6.4900,-0.000906,-0.009732
onnx,0.0500,6.5000,-0.000901,-0.009673
onnx,0.0500,6.5100,-0.000895,-0.009614
onnx,0.0500,6.5200,-0.000890,-0.009555
onnx,0.0500,6.5300,-0.000884,-0.009496
onnx,0.0500,6.5400,-0.000879,-0.009438
onnx,0.0500,6.5500,-0.000873,-0.009379
onnx,0.0500,6.5600,-0.000868,-0.009320
onnx,0.0500,6.5700,-0.000863,-0.009261
onnx,0.0500,6.5800,-0.000857,-0.009203
onnx,0.0500,6.5900,-0.000852,-0.009144
onnx,0.0500,6.6000,-0.000846,-0.009085
onnx,0.0500,6.6100,-0.000841,-0.009027
onnx,0.0500,6.6200,-0.000836,-0.008968
onnx,0.0500,6.6300,-0.000830,-0.008909
onnx,0.0500,6.6400,-0.000825,-0.008851
onnx,0.0500,6.6500,-0.000819,-0.008792
onnx,0.0500,6.6600,-0.000814,-0.008734
onnx,0.0500,6.6700,-0.000809,-0.008675
onnx,0.0500,6.6800,-0.000803,-0.008616
onnx,0.0500,6.6900,-0.000798,-0.008558
onnx,0.0500,6.7000,-0.000792,-0.008499
onnx,0.0500,6.7100,-0.000787,-0.008441
onnx,0.0500,6.7200,-0.000782,-0.008382
onnx,0.0500,6.7300,-0.000776,-0.008324
onnx,0.0500,6.7400,-0.000771,-0.008266
onnx,0.0500,6.7500,-0.000765,-0.008207
onnx,0.0500,6.7600,-0.000760,-0.008149
onnx,0.0500,6.7700,-0.000755,-0.008091
onnx,0.0500,6.7800,-0.000749,-0.008032
onnx,0.0500,6.7900,-0.000744,-0.007974
onnx,0.0500,6.8000,-0.000738,-0.007916
onnx,0.0500,6.8100,-0.000733,-0.007857
onnx,0.0500,6.8200,-0.000728,-0.007799
onnx,0.0500,6.8300,-0.000722,-0.007741
onnx,0.0500,6.8400,-0.000717,-0.007683
onnx,0.0500,6.8500,-0.000712,-0.007625
onnx,0.0500,6.8600,-0.000706,-0.007567
onnx,0.0500,6.8700,-0.000701,-0.007509
onnx,0.0500,6.8800,-0.000696,-0.007450
onnx,0.0500,6.8900,-0.000690,-0.007392
onnx,0.0500,6.9000,-0.000685,-0.007334
onnx,0.0500,6.9100,-0.000680,-0.007277
onnx,0.0500,6.9200,-0.000674,-0.007219
onnx,0.0500,6.9300,-0.000669,-0.007161
onnx,0.0500,6.9400,-0.000663,-0.007103
onnx,0.0500,6.9500,-0.000658,-0.007045
onnx,0.0500,6.9600,-0.000653,-0.006987
onnx,0.0500,6.9700,-0.000647,-0.006930
onnx,0.0500,6.9800,-0.000642,-0.006872
onnx,0.0500,6.9900,-0.000637,-0.006814
onnx,0.0500,7.0000,-0.000632,-0.006756
onnx,0.0500,7.0100,-0.000626,-0.006699
onnx,0.0500,7.0200,-0.000621,-0.006641
onnx,0.0500,7.0300,-0.000616,-0.006584
onnx,0.0500,7.0400,-0.000610,-0.006526
onnx,0.0500,7.0500,-0.000605,-0.006469
onnx,0.0500,7.0600,-0.000600,-0.006411
onnx,0.0500,7.0700,-0.000594,-0.006354
onnx,0.0500,7.0800,-0.000589,-0.006297
onnx,0.0500,7.0900,-0.000584,-0.006239
onnx,0.0500,7.1000,-0.000579,-0.006182
onnx,0.0500,7.1100,-0.000573,-0.006125
onnx,0.0500,7.1200,-0.000568,-0.006068
onnx,0.0500,7.1300,-0.000563,-0.006011
onnx,0.0500,7.1400,-0.000557,-0.005954
onnx,0.0500,7.1500,-0.000552,-0.005897
onnx,0.0500,7.1600,-0.000547,-0.005840
onnx,0.0500,7.1700,-0.000542,-0.005783
onnx,0.0500,7.1800,-0.000536,-0.005726
onnx,0.0500,7.1900,-0.000531,-0.005669
onnx,0.0500,7.2000,-0.000526,-0.005612
onnx,0.0500,7.2100,-0.000521,-0.005555
onnx,0.0500,7.2200,-0.000515,-0.005499
onnx,0.0500,7.2300,-0.000510,-0.005442
onnx,0.0500,7.2400,-0.000505,-0.005385
onnx,0.0500,7.2500,-0.000500,-0.005329
onnx,0.0500,7.2600,-0.000495,-0.005272
onnx,0.0500,7.2700,-0.000489,-0.005216
onnx,0.0500,7.2800,-0.000484,-0.005159
onnx,0.0500,7.2900,-0.000479,-0.005103
onnx,0.0500,7.3000,-0.000474,-0.005047
onnx,0.0500,7.3100,-0.000469,-0.004990
onnx,0.0500,7.3200,-0.000463,-0.004934
onnx,0.0500,7.3300,-0.000458,-0.004878
onnx,0.0500,7.3400,-0.000453,-0.004822
onnx,0.0500,7.3500,-0.000448,-0.004766
onnx,0.0500,7.3600,-0.000443,-0.004710
onnx,0.0500,7.3700,-0.000437,-0.004654
onnx,0.0500,7.3800,-0.000432,-0.004598
onnx,0.0500,7.3900,-0.000427,-0.004542
onnx,0.0500,7.4000,-0.000422,-0.004486
onnx,0.0500,7.4100,-0.000417,-0.004430
onnx,0.0500,7.4200,-0.000412,-0.004375
onnx,0.0500,7.4300,-0.000407,-0.004319
onnx,0.0500,7.4400,-0.000401,-0.004264
onnx,0.0500,7.4500,-0.000396,-0.004208
onnx,0.0500,7.4600,-0.000391,-0.004153
onnx,0.0500,7.4700,-0.000386,-0.004097
onnx,0.0500,7.4800,-0.000381,-0.004042
onnx,0.0500,7.4900,-0.000376,-0.003987
onnx,0.0500,7.5000,-0.000371,-0.003931
onnx,0.0500,7.5100,-0.000366,-0.003876
onnx,0.0500,7.5200,-0.000361,-0.003821
onnx,0.0500,7.5300,-0.000355,-0.003766
onnx,0.0500,7.5400,-0.000350,-0.003711
onnx,0.0500,7.5500,-0.000345,-0.003656
onnx,0.0500,7.5600,-0.000340,-0.003601
onnx,0.0500,7.5700,-0.000335,-0.003547
onnx,0.0500,7.5800,-0.000330,-0.003492
onnx,0.0500,7.5900,-0.000325,-0.003437
onnx,0.0500,7.6000,-0.000320,-0.003383
onnx,0.0500,7.6100,-0.000315,-0.003328
onnx,0.0500,7.6200,-0.000310,-0.003274
onnx,0.0500,7.6300,-0.000305,-0.003219
onnx,0.0500,7.6400,-0.000300,-0.003165
onnx,0.0500,7.6500,-0.000295,-0.003111
onnx,0.0500,7.6600,-0.000290,-0.003056
onnx,0.0500,7.6700,-0.000285,-0.003002
onnx,0.0500,7.6800,-0.000280,-0.002948
onnx,0.0500,7.6900,-0.000275,-0.002894
onnx,0.0500,7.7000,-0.000270,-0.002840
onnx,0.0500,7.7100,-0.000265,-0.002787
onnx,0.0500,7.7200,-0.000260,-0.002733
onnx,0.0500,7.7300,-0.000255,-0.002679
onnx,0.0500,7.7400,-0.000250,-0.002625
onnx,0.0500,7.7500,-0.000245,-0.002572
onnx,0.0500,7.7600,-0.000240,-0.002518
onnx,0.0500,7.7700,-0.000235,-0.002465
onnx,0.0500,7.7800,-0.000230,-0.002412
onnx,0.0500,7.7900,-0.000225,-0.002358
onnx,0.0500,7.8000,-0.000221,-0.002305
onnx,0.0500,7.8100,-0.000216,-0.002252
onnx,0.0500,7.8200,-0.000211,-0.002199
onnx,0.0500,7.8300,-0.000206,-0.002146
onnx,0.0500,7.8400,-0.000201,-0.002093
onnx,0.0500,7.8500,-0.000196,-0.002040
onnx,0.0500,7.8600,-0.000191,-0.001987
onnx,0.0500,7.8700,-0.000186,-0.001935
onnx,0.0500,7.8800,-0.000181,-0.001882
onnx,0.0500,7.8900,-0.000177,-0.001829
onnx,0.0500,7.9000,-0.000172,-0.001777
onnx,0.0500,7.9100,-0.000167,-0.001725
onnx,0.0500,7.9200,-0.000162,-0.001672
onnx,0.0500,7.9300,-0.000157,-0.001620
onnx,0.0500,7.9400,-0.000152,-0.001568
onnx,0.0500,7.9500,-0.000148,-0.001516
onnx,0.0500,7.9600,-0.000143,-0.001464
onnx,0.0500,7.9700,-0.000138,-0.001412
onnx,0.0500,7.9800,-0.000133,-0.001360
onnx,0.0500,7.9900,-0.000128,-0.001308
onnx,0.0500,8.0000,-0.000124,-0.001257
onnx,0.0500,8.0100,-0.000119,-0.001205
onnx,0.0500,8.0200,-0.000114,-0.001153
onnx,0.0500,8.0300,-0.000109,-0.001102
onnx,0.0500,8.0400,-0.000105,-0.001051
onnx,0.0500,8.0500,-0.000100,-0.000999
onnx,0.0500,8.0600,-0.000095,-0.000948
onnx,0.0500,8.0700,-0.000090,-0.000897
onnx,0.0500,8.0800,-0.000086,-0.000846
onnx,0.0500,8.0900,-0.000081,-0.000795
onnx,0.0500,8.1000,-0.000076,-0.000744
onnx,0.0500,8.1100,-0.000072,-0.000693
onnx,0.0500,8.1200,-0.000067,-0.000643
onnx,0.0500,8.1300,-0.000062,-0.000592
onnx,0.0500,8.1400,-0.000058,-0.000542
onnx,0.0500,8.1500,-0.000053,-0.000491
onnx,0.0500,8.1600,-0.000048,-0.000441
onnx,0.0500,8.1700,-0.000044,-0.000391
onnx,0.0500,8.1800,-0.000039,-0.000340
onnx,0.0500,8.1900,-0.000034,-0.000290
onnx,0.0500,8.2000,-0.000030,-0.000240
onnx,0.0500,8.2100,-0.000025,-0.000190
onnx,0.0500,8.2200,-0.000020,-0.000141
onnx,0.0500,8.2300,-0.000016,-0.000091
onnx,0.0500,8.2400,-0.000011,-0.000041
onnx,0.0500,8.2500,-0.000007,0.000008
onnx,0.0500,8.2600,-0.000002,0.000058
onnx,0.0500,8.2700,0.000002,0.000107
onnx,0.0500,8.2800,0.000007,0.000156
onnx,0.0500,8.2900,0.000012,0.000206
onnx,0.0500,8.3000,0.000016,0.000255
onnx,0.0500,8.3100,0.000021,0.000304
onnx,0.0500,8.3200,0.000025,0.000353
onnx,0.0500,8.3300,0.000030,0.000402
onnx,0.0500,8.3400,0.000034,0.000450
onnx,0.0500,8.3500,0.000039,0.000499
onnx,0.0500,8.3600,0.000043,0.000547
onnx,0.0500,8.3700,0.000048,0.000596
onnx,0.0500,8.3800,0.000052,0.000644
onnx,0.0500,8.3900,0.000057,0.000693
onnx,0.0500,8.4000,0.000061,0.000741
onnx,0.0500,8.4100,0.000065,0.000789
onnx,0.0500,8.4200,0.000070,0.000837
onnx,0.0500,8.4300,0.000074,0.000885
onnx,0.0500,8.4400,0.000079,0.000933
onnx,0.0500,8.4500,0.000083,0.000980
onnx,0.0500,8.4600,0.000088,0.001028
onnx,0.0500,8.4700,0.000092,0.001075
onnx,0.0500,8.4800,0.000096,0.001123
onnx,0.0500,8.4900,0.000101,0.001170
onnx,0.0500,8.5000,0.000105,0.001217
onnx,0.0500,8.5100,0.000109,0.001265
onnx,0.0500,8.5200,0.000114,0.001312
onnx,0.0500,8.5300,0.000118,0.001359
onnx,0.0500,8.5400,0.000122,0.001405
onnx,0.0500,8.5500,0.000127,0.001452
onnx,0.0500,8.5600,0.000131,0.001499
onnx,0.0500,8.5700,0.000135,0.001545
onnx,0.0500,8.5800,0.000140,0.001592
onnx,0.0500,8.5900,0.000144,0.001638
onnx,0.0500,8.6000,0.000148,0.001684
onnx,0.0500,8.6100,0.000153,0.001730
onnx,0.0500,8.6200,0.000157,0.001776
onnx,0.0500,8.6300,0.000161,0.001822
onnx,0.0500,8.6400,0.000165,0.001868
onnx,0.0500,8.6500,0.000170,0.001914
onnx,0.0500,8.6600,0.000174,0.001960
onnx,0.0500,8.6700,0.000178,0.002005
onnx,0.0500,8.6800,0.000182,0.002051
onnx,0.0500,8.6900,0.000186,0.002096
onnx,0.0500,8.7000,0.000191,0.002141
onnx,0.0500,8.7100,0.000195,0.002186
onnx,0.0500,8.7200,0.000199,0.002231
onnx,0.0500,8.7300,0.000203,0.002276
onnx,0.0500,8.7400,0.000207,0.002321
onnx,0.0500,8.7500,0.000211,0.002366
onnx,0.0500,8.7600,0.000215,0.002410
onnx,0.0500,8.7700,0.000220,0.002455
onnx,0.0500,8.7800,0.000224,0.002499
onnx,0.0500,8.7900,0.000228,0.002544
onnx,0.0500,8.8000,0.000232,0.002588
onnx,0.0500,8.8100,0.000236,0.002632
onnx,0.0500,8.8200,0.000240,0.002676
onnx,0.0500,8.8300,0.000244,0.002720
onnx,0.0500,8.8400,0.000248,0.002764
onnx,0.0500,8.8500,0.000252,0.002807
onnx,0.0500,8.8600,0.000256,0.002851
onnx,0.0500,8.8700,0.000260,0.002894
onnx,0.0500,8.8800,0.000264,0.002938
onnx,0.0500,8.8900,0.000268,0.002981
onnx,0.0500,8.9000,0.000272,0.003024
onnx,0.0500,8.9100,0.000276,0.003067
onnx,0.0500,8.9200,0.000280,0.003110
onnx,0.0500,8.9300,0.000284,0.003153
onnx,0.0500,8.9400,0.000288,0.003195
onnx,0.0500,8.9500,0.000292,0.003238
onnx,0.0500,8.9600,0.000296,0.003280
onnx,0.0500,8.9700,0.000300,0.003323
onnx,0.0500,8.9800,0.000304,0.003365
onnx,0.0500,8.9900,0.000308,0.003407
onnx,0.0500,9.0000,0.000312,0.003449
onnx,0.0500,9.0100,0.000315,0.003491
onnx,0.0500,9.0200,0.000319,0.003533
onnx,0.0500,9.0300,0.000323,0.003575
onnx,0.0500,9.0400,0.000327,0.003616
onnx,0.0500,9.0500,0.000331,0.003658
onnx,0.0500,9.0600,0.000335,0.003699
onnx,0.0500,9.0700,0.000339,0.003740
onnx,0.0500,9.0800,0.000342,0.003782
onnx,0.0500,9.0900,0.000346,0.003823
onnx,0.0500,9.1000,0.000350,0.003864
onnx,0.0500,9.1100,0.000354,0.003904
onnx,0.0500,9.1200,0.000358,0.003945
onnx,0.0500,9.1300,0.000361,0.003986
onnx,0.0500,9.1400,0.000365,0.004026
onnx,0.0500,9.1500,0.000369,0.004067
onnx,0.0500,9.1600,0.000372,0.004107
onnx,0.0500,9.1700,0.000376,0.004147
onnx,0.0500,9.1800,0.000380,0.004187
onnx,0.0500,9.1900,0.000384,0.004227
onnx,0.0500,9.2000,0.000387,0.004267
onnx,0.0500,9.2100,0.000391,0.004306
onnx,0.0500,9.2200,0.000395,0.004346
onnx,0.0500,9.2300,0.000398,0.004385
onnx,0.0500,9.2400,0.000402,0.004425
onnx,0.0500,9.2500,0.000406,0.004464
onnx,0.0500,9.2600,0.000409,0.004503
onnx,0.0500,9.2700,0.000413,0.004542
onnx,0.0500,9.2800,0.000416,0.004581
onnx,0.0500,9.2900,0.000420,0.004620
onnx,0.0500,9.3000,0.000424,0.004658
onnx,0.0500,9.3100,0.000427,0.004697
onnx,0.0500,9.3200,0.000431,0.004735
onnx,0.0500,9.3300,0.000434,0.004774
onnx,0.0500,9.3400,0.000438,0.004812
onnx,0.0500,9.3500,0.000441,0.004850
onnx,0.0500,9.3600,0.000445,0.004888
onnx,0.0500,9.3700,0.000448,0.004926
onnx,0.0500,9.3800,0.000452,0.004963
onnx,0.0500,9.3900,0.000455,0.005001
onnx,0.0500,9.4000,0.000459,0.005039
onnx,0.0500,9.4100,0.000462,0.005076
onnx,0.0500,9.4200,0.000466,0.005113
onnx,0.0500,9.4300,0.000469,0.005150
onnx,0.0500,9.4400,0.000473,0.005187
onnx,0.0500,9.4500,0.000476,0.005224
onnx,0.0500,9.4600,0.000479,0.005261
onnx,0.0500,9.4700,0.000483,0.005298
onnx,0.0500,9.4800,0.000486,0.005334
onnx,0.0500,9.4900,0.000490,0.005371
onnx,0.0500,9.5000,0.000493,0.005407
onnx,0.0500,9.5100,0.000496,0.005443
onnx,0.0500,9.5200,0.000500,0.005479
onnx,0.0500,9.5300,0.000503,0.005515
onnx,0.0500,9.5400,0.000506,0.005551
onnx,0.0500,9.5500,0.000510,0.005587
onnx,0.0500,9.5600,0.000513,0.005622
onnx,0.0500,9.5700,0.000516,0.005658
onnx,0.0500,9.5800,0.000519,0.005693
onnx,0.0500,9.5900,0.000523,0.005728
onnx,0.0500,9.6000,0.000526,0.005763
onnx,0.0500,9.6100,0.000529,0.005798
onnx,0.0500,9.6200,0.000532,0.005833
onnx,0.0500,9.6300,0.000536,0.005868
onnx,0.0500,9.6400,0.000539,0.005903
onnx,0.0500,9.6500,0.000542,0.005937
onnx,0.0500,9.6600,0.000545,0.005971
onnx,0.0500,9.6700,0.000548,0.006006
onnx,0.0500,9.6800,0.000552,0.006040
onnx,0.0500,9.6900,0.000555,0.006074
onnx,0.0500,9.7000,0.000558,0.006108
onnx,0.0500,9.7100,0.000561,0.006142
onnx,0.0500,9.7200,0.000564,0.006175
onnx,0.0500,9.7300,0.000567,0.006209
onnx,0.0500,9.7400,0.000570,0.006242
onnx,0.0500,9.7500,0.000573,0.006275
onnx,0.0500,9.7600,0.000577,0.006309
onnx,0.0500,9.7700,0.000580,0.006342
onnx,0.0500,9.7800,0.000583,0.006375
onnx,0.0500,9.7900,0.000586,0.006407
onnx,0.0500,9.8000,0.000589,0.006440
onnx,0.0500,9.8100,0.000592,0.006473
onnx,0.0500,9.8200,0.000595,0.006505
onnx,0.0500,9.8300,0.000598,0.006537
onnx,0.0500,9.8400,0.000601,0.006569
onnx,0.0500,9.8500,0.000604,0.006601
onnx,0.0500,9.8600,0.000607,0.006633
onnx,0.0500,9.8700,0.000610,0.006665
onnx,0.0500,9.8800,0.000613,0.006697
onnx,0.0500,9.8900,0.000615,0.006728
onnx,0.0500,9.9000,0.000618,0.006760
onnx,0.0500,9.9100,0.000621,0.006791
onnx,0.0500,9.9200,0.000624,0.006822
onnx,0.0500,9.9300,0.000627,0.006854
onnx,0.0500,9.9400,0.000630,0.006884
onnx,0.0500,9.9500,0.000633,0.006915
onnx,0.0500,9.9600,0.000636,0.006946
onnx,0.0500,9.9700,0.000638,0.006977
onnx,0.0500,9.9800,0.000641,0.007007
onnx,0.0500,9.9900,0.000644,0.007037
onnx,0.0500,10.0000,0.000647,0.000000
pd,-0.0500,0.0000,-0.050000,-6.000000
pd,-0.0500,0.0100,-0.049601,-4.472390
pd,-0.0500,0.0200,-0.048515,-3.277056
pd,-0.0500,0.0300,-0.046939,-2.345068
pd,-0.0500,0.0400,-0.045026,-1.621585
pd,-0.0500,0.0500,-0.042894,-1.062975
pd,-0.0500,0.0600,-0.040634,-0.634532
pd,-0.0500,0.0700,-0.038313,-0.308657
pd,-0.0500,0.0800,-0.035984,-0.063422
pd,-0.0500,0.0900,-0.033685,0.118589
pd,-0.0500,0.1000,-0.031442,0.251189
pd,-0.0500,0.1100,-0.029277,0.345328
pd,-0.0500,0.1200,-0.027201,0.409670
pd,-0.0500,0.1300,-0.025223,0.451061
pd,-0.0500,0.1400,-0.023348,0.474903
pd,-0.0500,0.1500,-0.021578,0.485446
pd,-0.0500,0.1600,-0.019912,0.486030
pd,-0.0500,0.1700,-0.018348,0.479269
pd,-0.0500,0.1800,-0.016884,0.467201
pd,-0.0500,0.1900,-0.015516,0.451411
pd,-0.0500,0.2000,-0.014239,0.433124
pd,-0.0500,0.2100,-0.013050,0.413282
pd,-0.0500,0.2200,-0.011943,0.392600
pd,-0.0500,0.2300,-0.010914,0.371620
pd,-0.0500,0.2400,-0.009958,0.350746
pd,-0.0500,0.2500,-0.009071,0.330273
pd,-0.0500,0.2600,-0.008248,0.310413
pd,-0.0500,0.2700,-0.007484,0.291311
pd,-0.0500,0.2800,-0.006777,0.273063
pd,-0.0500,0.2900,-0.006122,0.255728
pd,-0.0500,0.3000,-0.005515,0.239332
pd,-0.0500,0.3100,-0.004952,0.223884
pd,-0.0500,0.3200,-0.004432,0.209372
pd,-0.0500,0.3300,-0.003950,0.195774
pd,-0.0500,0.3400,-0.003504,0.183061
pd,-0.0500,0.3500,-0.003092,0.171197
pd,-0.0500,0.3600,-0.002710,0.160141
pd,-0.0500,0.3700,-0.002357,0.149853
pd,-0.0500,0.3800,-0.002030,0.140289
pd,-0.0500,0.3900,-0.001728,0.131408
pd,-0.0500,0.4000,-0.001448,0.123167
pd,-0.0500,0.4100,-0.001189,0.115525
pd,-0.0500,0.4200,-0.000949,0.108444
pd,-0.0500,0.4300,-0.000728,0.101885
pd,-0.0500,0.4400,-0.000523,0.095814
pd,-0.0500,0.4500,-0.000333,0.090195
pd,-0.0500,0.4600,-0.000157,0.084998
pd,-0.0500,0.4700,0.000006,0.080192
pd,-0.0500,0.4800,0.000156,0.075749
pd,-0.0500,0.4900,0.000296,0.071642
pd,-0.0500,0.5000,0.000425,0.067847
pd,-0.0500,0.5100,0.000544,0.064342
pd,-0.0500,0.5200,0.000655,0.061103
pd,-0.0500,0.5300,0.000757,0.058113
pd,-0.0500,0.5400,0.000852,0.055352
pd,-0.0500,0.5500,0.000940,0.052803
pd,-0.0500,0.5600,0.001022,0.050450
pd,-0.0500,0.5700,0.001098,0.048279
pd,-0.0500,0.5800,0.001168,0.046275
pd,-0.0500,0.5900,0.001233,0.044426
pd,-0.0500,0.6000,0.001294,0.042721
pd,-0.0500,0.6100,0.001350,0.041149
pd,-0.0500,0.6200,0.001402,0.039698
pd,-0.0500,0.6300,0.001450,0.038361
pd,-0.0500,0.6400,0.001495,0.037129
pd,-0.0500,0.6500,0.001537,0.035993
pd,-0.0500,0.6600,0.001576,0.034946
pd,-0.0500,0.6700,0.001612,0.033982
pd,-0.0500,0.6800,0.001646,0.033094
pd,-0.0500,0.6900,0.001677,0.032276
pd,-0.0500,0.7000,0.001706,0.031523
pd,-0.0500,0.7100,0.001733,0.030830
pd,-0.0500,0.7200,0.001759,0.030193
pd,-0.0500,0.7300,0.001783,0.029607
pd,-0.0500,0.7400,0.001805,0.029068
pd,-0.0500,0.7500,0.001825,0.028572
pd,-0.0500,0.7600,0.001845,0.028117
pd,-0.0500,0.7700,0.001863,0.027700
pd,-0.0500,0.7800,0.001880,0.027316
pd,-0.0500,0.7900,0.001896,0.026965
pd,-0.0500,0.8000,0.001911,0.026642
pd,-0.0500,0.8100,0.001925,0.026347
pd,-0.0500,0.8200,0.001938,0.026077
pd,-0.0500,0.8300,0.001950,0.025829
pd,-0.0500,0.8400,0.001962,0.025603
pd,-0.0500,0.8500,0.001973,0.025397
pd,-0.0500,0.8600,0.001984,0.025208
pd,-0.0500,0.8700,0.001993,0.025037
pd,-0.0500,0.8800,0.002003,0.024880
pd,-0.0500,0.8900,0.002011,0.024738
pd,-0.0500,0.9000,0.002020,0.024610
pd,-0.0500,0.9100,0.002028,0.024493
pd,-0.0500,0.9200,0.002035,0.024387
pd,-0.0500,0.9300,0.002042,0.024292
pd,-0.0500,0.9400,0.002049,0.024206
pd,-0.0500,0.9500,0.002056,0.024128
pd,-0.0500,0.9600,0.002062,0.024059
pd,-0.0500,0.9700,0.002068,0.023998
pd,-0.0500,0.9800,0.002074,0.023943
pd,-0.0500,0.9900,0.002079,0.023894
pd,-0.0500,1.0000,0.002084,0.023851
pd,-0.0500,1.0100,0.002089,0.023814
pd,-0.0500,1.0200,0.002094,0.023781
pd,-0.0500,1.0300,0.002099,0.023753
pd,-0.0500,1.0400,0.002103,0.023729
pd,-0.0500,1.0500,0.002108,0.023709
pd,-0.0500,1.0600,0.002112,0.023692
pd,-0.0500,1.0700,0.002116,0.023679
pd,-0.0500,1.0800,0.002120,0.023669
pd,-0.0500,1.0900,0.002124,0.023661
pd,-0.0500,1.1000,0.002127,0.023656
pd,-0.0500,1.1100,0.002131,0.023653
pd,-0.0500,1.1200,0.002134,0.023652
pd,-0.0500,1.1300,0.002138,0.023653
pd,-0.0500,1.1400,0.002141,0.023655
pd,-0.0500,1.1500,0.002144,0.023660
pd,-0.0500,1.1600,0.002147,0.023665
pd,-0.0500,1.1700,0.002150,0.023672
pd,-0.0500,1.1800,0.002153,0.023680
pd,-0.0500,1.1900,0.002156,0.023690
pd,-0.0500,1.2000,0.002159,0.023700
pd,-0.0500,1.2100,0.002162,0.023711
pd,-0.0500,1.2200,0.002165,0.023723
pd,-0.0500,1.2300,0.002167,0.023736
pd,-0.0500,1.2400,0.002170,0.023749
pd,-0.0500,1.2500,0.002173,0.023763
pd,-0.0500,1.2600,0.002175,0.023777
pd,-0.0500,1.2700,0.002178,0.023792
pd,-0.0500,1.2800,0.002180,0.023808
pd,-0.0500,1.2900,0.002183,0.023823
pd,-0.0500,1.3000,0.002185,0.023839
pd,-0.0500,1.3100,0.002187,0.023855
pd,-0.0500,1.3200,0.002189,0.023872
pd,-0.0500,1.3300,0.002192,0.023888
pd,-0.0500,1.3400,0.002194,0.023905
pd,-0.0500,1.3500,0.002196,0.023922
pd,-0.0500,1.3600,0.002198,0.023939
pd,-0.0500,1.3700,0.002200,0.023956
pd,-0.0500,1.3800,0.002202,0.023973
pd,-0.0500,1.3900,0.002204,0.023990
pd,-0.0500,1.4000,0.002206,0.024007
pd,-0.0500,1.4100,0.002208,0.024024
pd,-0.0500,1.4200,0.002210,0.024041
pd,-0.0500,1.4300,0.002212,0.024058
pd,-0.0500,1.4400,0.002214,0.024075
pd,-0.0500,1.4500,0.002216,0.024091
pd,-0.0500,1.4600,0.002218,0.024108
pd,-0.0500,1.4700,0.002219,0.024125
pd,-0.0500,1.4800,0.002221,0.024141
pd,-0.0500,1.4900,0.002223,0.024157
pd,-0.0500,1.5000,0.002225,0.024173
pd,-0.0500,1.5100,0.002226,0.024189
pd,-0.0500,1.5200,0.002228,0.024205
pd,-0.0500,1.5300,0.002230,0.024221
pd,-0.0500,1.5400,0.002231,0.024237
pd,-0.0500,1.5500,0.002233,0.024252
pd,-0.0500,1.5600,0.002234,0.024267
pd,-0.0500,1.5700,0.002236,0.024282
pd,-0.0500,1.5800,0.002237,0.024297
pd,-0.0500,1.5900,0.002239,0.024311
pd,-0.0500,1.6000,0.002240,0.024326
pd,-0.0500,1.6100,0.002242,0.024340
pd,-0.0500,1.6200,0.002243,0.024354
pd,-0.0500,1.6300,0.002244,0.024368
pd,-0.0500,1.6400,0.002246,0.024381
pd,-0.0500,1.6500,0.002247,0.024395
pd,-0.0500,1.6600,0.002248,0.024408
pd,-0.0500,1.6700,0.002250,0.024421
pd,-0.0500,1.6800,0.002251,0.024434
pd,-0.0500,1.6900,0.002252,0.024446
pd,-0.0500,1.7000,0.002253,0.024458
pd,-0.0500,1.7100,0.002254,0.024470
pd,-0.0500,1.7200,0.002256,0.024482
pd,-0.0500,1.7300,0.002257,0.024494
pd,-0.0500,1.7400,0.002258,0.024505
pd,-0.0500,1.7500,0.002259,0.024516
pd,-0.0500,1.7600,0.002260,0.024527
pd,-0.0500,1.7700,0.002261,0.024538
pd,-0.0500,1.7800,0.002262,0.024548
pd,-0.0500,1.7900,0.002263,0.024558
pd,-0.0500,1.8000,0.002264,0.024568
pd,-0.0500,1.8100,0.002265,0.024578
pd,-0.0500,1.8200,0.002266,0.024587
pd,-0.0500,1.8300,0.002267,0.024596
pd,-0.0500,1.8400,0.002268,0.024605
pd,-0.0500,1.8500,0.002268,0.024614
pd,-0.0500,1.8600,0.002269,0.024623
pd,-0.0500,1.8700,0.002270,0.024631
pd,-0.0500,1.8800,0.002271,0.024639
pd,-0.0500,1.8900,0.002272,0.024647
pd,-0.0500,1.9000,0.002272,0.024654
pd,-0.0500,1.9100,0.002273,0.024662
pd,-0.0500,1.9200,0.002274,0.024669
pd,-0.0500,1.9300,0.002275,0.024676
pd,-0.0500,1.9400,0.002275,0.024682
pd,-0.0500,1.9500,0.002276,0.024689
pd,-0.0500,1.9600,0.002276,0.024695
pd,-0.0500,1.9700,0.002277,0.024701
pd,-0.0500,1.9800,0.002278,0.024706
pd,-0.0500,1.9900,0.002278,0.024712
pd,-0.0500,2.0000,0.002279,0.024717
pd,-0.0500,2.0100,0.002279,0.024722
pd,-0.0500,2.0200,0.002280,0.024727
pd,-0.0500,2.0300,0.002280,0.024731
pd,-0.0500,2.0400,0.002280,0.024735
pd,-0.0500,2.0500,0.002281,0.024739
pd,-0.0500,2.0600,0.002281,0.024743
pd,-0.0500,2.0700,0.002282,0.024747
pd,-0.0500,2.0800,0.002282,0.024750
pd,-0.0500,2.0900,0.002282,0.024753
pd,-0.0500,2.1000,0.002283,0.024756
pd,-0.0500,2.1100,0.002283,0.024759
pd,-0.0500,2.1200,0.002283,0.024761
pd,-0.0500,2.1300,0.002283,0.024763
pd,-0.0500,2.1400,0.002284,0.024765
pd,-0.0500,2.1500,0.002284,0.024767
pd,-0.0500,2.1600,0.002284,0.024768
pd,-0.0500,2.1700,0.002284,0.024769
pd,-0.0500,2.1800,0.002284,0.024770
pd,-0.0500,2.1900,0.002284,0.024771
pd,-0.0500,2.2000,0.002284,0.024771
pd,-0.0500,2.2100,0.002284,0.024772
pd,-0.0500,2.2200,0.002284,0.024772
pd,-0.0500,2.2300,0.002284,0.024772
pd,-0.0500,2.2400,0.002284,0.024771
pd,-0.0500,2.2500,0.002284,0.024771
pd,-0.0500,2.2600,0.002284,0.024770
pd,-0.0500,2.2700,0.002284,0.024769
pd,-0.0500,2.2800,0.002284,0.024767
pd,-0.0500,2.2900,0.002284,0.024766
pd,-0.0500,2.3000,0.002284,0.024764
pd,-0.0500,2.3100,0.002284,0.024762
pd,-0.0500,2.3200,0.002284,0.024760
pd,-0.0500,2.3300,0.002283,0.024757
pd,-0.0500,2.3400,0.002283,0.024755
pd,-0.0500,2.3500,0.002283,0.024752
pd,-0.0500,2.3600,0.002283,0.024748
pd,-0.0500,2.3700,0.002282,0.024745
pd,-0.0500,2.3800,0.002282,0.024742
pd,-0.0500,2.3900,0.002282,0.024738
pd,-0.0500,2.4000,0.002282,0.024734
pd,-0.0500,2.4100,0.002281,0.024729
pd,-0.0500,2.4200,0.002281,0.024725
pd,-0.0500,2.4300,0.002280,0.024720
pd,-0.0500,2.4400,0.002280,0.024715
pd,-0.0500,2.4500,0.002280,0.024710
pd,-0.0500,2.4600,0.002279,0.024705
pd,-0.0500,2.4700,0.002279,0.024699
pd,-0.0500,2.4800,0.002278,0.024693
pd,-0.0500,2.4900,0.002278,0.024687
pd,-0.0500,2.5000,0.002277,0.024681
pd,-0.0500,2.5100,0.002276,0.024675
pd,-0.0500,2.5200,0.002276,0.024668
pd,-0.0500,2.5300,0.002275,0.024661
pd,-0.0500,2.5400,0.002275,0.024654
pd,-0.0500,2.5500,0.002274,0.024647
pd,-0.0500,2.5600,0.002273,0.024639
pd,-0.0500,2.5700,0.002273,0.024631
pd,-0.0500,2.5800,0.002272,0.024623
pd,-0.0500,2.5900,0.002271,0.024615
pd,-0.0500,2.6000,0.002270,0.024607
pd,-0.0500,2.6100,0.002270,0.024598
pd,-0.0500,2.6200,0.002269,0.024589
pd,-0.0500,2.6300,0.002268,0.024580
pd,-0.0500,2.6400,0.002267,0.024571
pd,-0.0500,2.6500,0.002266,0.024561
pd,-0.0500,2.6600,0.002266,0.024552
pd,-0.0500,2.6700,0.002265,0.024542
pd,-0.0500,2.6800,0.002264,0.024532
pd,-0.0500,2.6900,0.002263,0.024521
pd,-0.0500,2.7000,0.002262,0.024511
pd,-0.0500,2.7100,0.002261,0.024500
pd,-0.0500,2.7200,0.002260,0.024489
pd,-0.0500,2.7300,0.002259,0.024478
pd,-0.0500,2.7400,0.002258,0.024467
pd,-0.0500,2.7500,0.002257,0.024455
pd,-0.0500,2.7600,0.002256,0.024443
pd,-0.0500,2.7700,0.002255,0.024431
pd,-0.0500,2.7800,0.002254,0.024419
pd,-0.0500,2.7900,0.002253,0.024407
pd,-0.0500,2.8000,0.002251,0.024394
pd,-0.0500,2.8100,0.002250,0.024381
pd,-0.0500,2.8200,0.002249,0.024368
pd,-0.0500,2.8300,0.002248,0.024355
pd,-0.0500,2.8400,0.002247,0.024342
pd,-0.0500,2.8500,0.002245,0.024328
pd,-0.0500,2.8600,0.002244,0.024314
pd,-0.0500,2.8700,0.002243,0.024300
pd,-0.0500,2.8800,0.002242,0.024286
pd,-0.0500,2.8900,0.002240,0.024271
pd,-0.0500,2.9000,0.002239,0.024257
pd,-0.0500,2.9100,0.002238,0.024242
pd,-0.0500,2.9200,0.002236,0.024227
pd,-0.0500,2.9300,0.002235,0.024212
pd,-0.0500,2.9400,0.002234,0.024196
pd,-0.0500,2.9500,0.002232,0.024181
pd,-0.0500,2.9600,0.002231,0.024165
pd,-0.0500,2.9700,0.002229,0.024149
pd,-0.0500,2.9800,0.002228,0.024132
pd,-0.0500,2.9900,0.002226,0.024116
pd,-0.0500,3.0000,0.002225,0.024099
pd,-0.0500,3.0100,0.002223,0.024082
pd,-0.0500,3.0200,0.002222,0.024065
pd,-0.0500,3.0300,0.002220,0.024048
pd,-0.0500,3.0400,0.002219,0.024031
pd,-0.0500,3.0500,0.002217,0.024013
pd,-0.0500,3.0600,0.002215,0.023995
pd,-0.0500,3.0700,0.002214,0.023977
pd,-0.0500,3.0800,0.002212,0.023959
pd,-0.0500,3.0900,0.002210,0.023941
pd,-0.0500,3.1000,0.002209,0.023922
pd,-0.0500,3.1100,0.002207,0.023904
pd,-0.0500,3.1200,0.002205,0.023885
pd,-0.0500,3.1300,0.002204,0.023865
pd,-0.0500,3.1400,0.002202,0.023846
pd,-0.0500,3.1500,0.002200,0.023827
pd,-0.0500,3.1600,0.002198,0.023807
pd,-0.0500,3.1700,0.002197,0.023787
pd,-0.0500,3.1800,0.002195,0.023767
pd,-0.0500,3.1900,0.002193,0.023747
pd,-0.0500,3.2000,0.002191,0.023726
pd,-0.0500,3.2100,0.002189,0.023706
pd,-0.0500,3.2200,0.002187,0.023685
pd,-0.0500,3.2300,0.002185,0.023664
pd,-0.0500,3.2400,0.002183,0.023643
pd,-0.0500,3.2500,0.002181,0.023621
pd,-0.0500,3.2600,0.002179,0.023600
pd,-0.0500,3.2700,0.002177,0.023578
pd,-0.0500,3.2800,0.002175,0.023556
pd,-0.0500,3.2900,0.002173,0.023534
pd,-0.0500,3.3000,0.002171,0.023512
pd,-0.0500,3.3100,0.002169,0.023489
pd,-0.0500,3.3200,0.002167,0.023466
pd,-0.0500,3.3300,0.002165,0.023444
pd,-0.0500,3.3400,0.002163,0.023421
pd,-0.0500,3.3500,0.002161,0.023397
pd,-0.0500,3.3600,0.002159,0.023374
pd,-0.0500,3.3700,0.002157,0.023350
pd,-0.0500,3.3800,0.002155,0.023327
pd,-0.0500,3.3900,0.002152,0.023303
pd,-0.0500,3.4000,0.002150,0.023279
pd,-0.0500,3.4100,0.002148,0.023255
pd,-0.0500,3.4200,0.002146,0.023230
pd,-0.0500,3.4300,0.002144,0.023206
pd,-0.0500,3.4400,0.002141,0.023181
pd,-0.0500,3.4500,0.002139,0.023156
pd,-0.0500,3.4600,0.002137,0.023131
pd,-0.0500,3.4700,0.002134,0.023105
pd,-0.0500,3.4800,0.002132,0.023080
pd,-0.0500,3.4900,0.002130,0.023054
pd,-0.0500,3.5000,0.002127,0.023029
pd,-0.0500,3.5100,0.002125,0.023003
pd,-0.0500,3.5200,0.002123,0.022976
pd,-0.0500,3.5300,0.002120,0.022950
pd,-0.0500,3.5400,0.002118,0.022924
pd,-0.0500,3.5500,0.002115,0.022897
pd,-0.0500,3.5600,0.002113,0.022870
pd,-0.0500,3.5700,0.002110,0.022843
pd,-0.0500,3.5800,0.002108,0.022816
pd,-0.0500,3.5900,0.002106,0.022789
pd,-0.0500,3.6000,0.002103,0.022761
pd,-0.0500,3.6100,0.002100,0.022734
pd,-0.0500,3.6200,0.002098,0.022706
pd,-0.0500,3.6300,0.002095,0.022678
pd,-0.0500,3.6400,0.002093,0.022650
pd,-0.0500,3.6500,0.002090,0.022621
pd,-0.0500,3.6600,0.002088,0.022593
pd,-0.0500,3.6700,0.002085,0.022564
pd,-0.0500,3.6800,0.002082,0.022535
pd,-0.0500,3.6900,0.002080,0.022506
pd,-0.0500,3.7000,0.002077,0.022477
pd,-0.0500,3.7100,0.002074,0.022448
pd,-0.0500,3.7200,0.002072,0.022419
pd,-0.0500,3.7300,0.002069,0.022389
pd,-0.0500,3.7400,0.002066,0.022359
pd,-0.0500,3.7500,0.002064,0.022329
pd,-0.0500,3.7600,0.002061,0.022299
pd,-0.0500,3.7700,0.002058,0.022269
pd,-0.0500,3.7800,0.002055,0.022239
pd,-0.0500,3.7900,0.002052,0.022208
pd,-0.0500,3.8000,0.002050,0.022178
pd,-0.0500,3.8100,0.002047,0.022147
pd,-0.0500,3.8200,0.002044,0.022116
pd,-0.0500,3.8300,0.002041,0.022085
pd,-0.0500,3.8400,0.002038,0.022053
pd,-0.0500,3.8500,0.002035,0.022022
pd,-0.0500,3.8600,0.002033,0.021990
pd,-0.0500,3.8700,0.002030,0.021959
pd,-0.0500,3.8800,0.002027,0.021927
pd,-0.0500,3.8900,0.002024,0.021895
pd,-0.0500,3.9000,0.002021,0.021862
pd,-0.0500,3.9100,0.002018,0.021830
pd,-0.0500,3.9200,0.002015,0.021798
pd,-0.0500,3.9300,0.002012,0.021765
pd,-0.0500,3.9400,0.002009,0.021732
pd,-0.0500,3.9500,0.002006,0.021699
pd,-0.0500,3.9600,0.002003,0.021666
pd,-0.0500,3.9700,0.002000,0.021633
pd,-0.0500,3.9800,0.001997,0.021600
pd,-0.0500,3.9900,0.001994,0.021566
pd,-0.0500,4.0000,0.001991,0.021532
pd,-0.0500,4.0100,0.001987,0.021499
pd,-0.0500,4.0200,0.001984,0.021465
pd,-0.0500,4.0300,0.001981,0.021431
pd,-0.0500,4.0400,0.001978,0.021396
pd,-0.0500,4.0500,0.001975,0.021362
pd,-0.0500,4.0600,0.001972,0.021327
pd,-0.0500,4.0700,0.001969,0.021293
pd,-0.0500,4.0800,0.001965,0.021258
pd,-0.0500,4.0900,0.001962,0.021223
pd,-0.0500,4.1000,0.001959,0.021188
pd,-0.0500,4.1100,0.001956,0.021153
pd,-0.0500,4.1200,0.001953,0.021117
pd,-0.0500,4.1300,0.001949,0.021082
pd,-0.0500,4.1400,0.001946,0.021046
pd,-0.0500,4.1500,0.001943,0.021011
pd,-0.0500,4.1600,0.001939,0.020975
pd,-0.0500,4.1700,0.001936,0.020939
pd,-0.0500,4.1800,0.001933,0.020903
pd,-0.0500,4.1900,0.001930,0.020866
pd,-0.0500,4.2000,0.001926,0.020830
pd,-0.0500,4.2100,0.001923,0.020793
pd,-0.0500,4.2200,0.001919,0.020757
pd,-0.0500,4.2300,0.001916,0.020720
pd,-0.0500,4.2400,0.001913,0.020683
pd,-0.0500,4.2500,0.001909,0.020646
pd,-0.0500,4.2600,0.001906,0.020609
pd,-0.0500,4.2700,0.001902,0.020571
pd,-0.0500,4.2800,0.001899,0.020534
pd,-0.0500,4.2900,0.001896,0.020496
pd,-0.0500,4.3000,0.001892,0.020459
pd,-0.0500,4.3100,0.001889,0.020421
pd,-0.0500,4.3200,0.001885,0.020383
pd,-0.0500,4.3300,0.001882,0.020345
pd,-0.0500,4.3400,0.001878,0.020307
pd,-0.0500,4.3500,0.001875,0.020268
pd,-0.0500,4.3600,0.001871,0.020230
pd,-0.0500,4.3700,0.001868,0.020191
pd,-0.0500,4.3800,0.001864,0.020153
pd,-0.0500,4.3900,0.001861,0.020114
pd,-0.0500,4.4000,0.001857,0.020075
pd,-0.0500,4.4100,0.001853,0.020036
pd,-0.0500,4.4200,0.001850,0.019996
pd,-0.0500,4.4300,0.001846,0.019957
pd,-0.0500,4.4400,0.001843,0.019918
pd,-0.0500,4.4500,0.001839,0.019878
pd,-0.0500,4.4600,0.001835,0.019839
pd,-0.0500,4.4700,0.001832,0.019799
pd,-0.0500,4.4800,0.001828,0.019759
pd,-0.0500,4.4900,0.001824,0.019719
pd,-0.0500,4.5000,0.001821,0.019679
pd,-0.0500,4.5100,0.001817,0.019639
pd,-0.0500,4.5200,0.001813,0.019598
pd,-0.0500,4.5300,0.001809,0.019558
pd,-0.0500,4.5400,0.001806,0.019517
pd,-0.0500,4.5500,0.001802,0.019476
pd,-0.0500,4.5600,0.001798,0.019436
pd,-0.0500,4.5700,0.001795,0.019395
pd,-0.0500,4.5800,0.001791,0.019354
pd,-0.0500,4.5900,0.001787,0.019313
pd,-0.0500,4.6000,0.001783,0.019271
pd,-0.0500,4.6100,0.001779,0.019230
pd,-0.0500,4.6200,0.001776,0.019189
pd,-0.0500,4.6300,0.001772,0.019147
pd,-0.0500,4.6400,0.001768,0.019105
pd,-0.0500,4.6500,0.001764,0.019063
pd,-0.0500,4.6600,0.001760,0.019022
pd,-0.0500,4.6700,0.001756,0.018980
pd,-0.0500,4.6800,0.001753,0.018937
pd,-0.0500,4.6900,0.001749,0.018895
pd,-0.0500,4.7000,0.001745,0.018853
pd,-0.0500,4.7100,0.001741,0.018811
pd,-0.0500,4.7200,0.001737,0.018768
pd,-0.0500,4.7300,0.001733,0.018725
pd,-0.0500,4.7400,0.001729,0.018683
pd,-0.0500,4.7500,0.001725,0.018640
pd,-0.0500,4.7600,0.001721,0.018597
pd,-0.0500,4.7700,0.001717,0.018554
pd,-0.0500,4.7800,0.001713,0.018511
pd,-0.0500,4.7900,0.001709,0.018468
pd,-0.0500,4.8000,0.001705,0.018424
pd,-0.0500,4.8100,0.001701,0.018381
pd,-0.0500,4.8200,0.001697,0.018337
pd,-0.0500,4.8300,0.001693,0.018294
pd,-0.0500,4.8400,0.001689,0.018250
pd,-0.0500,4.8500,0.001685,0.018206
pd,-0.0500,4.8600,0.001681,0.018162
pd,-0.0500,4.8700,0.001677,0.018118
pd,-0.0500,4.8800,0.001673,0.018074
pd,-0.0500,4.8900,0.001669,0.018030
pd,-0.0500,4.9000,0.001665,0.017986
pd,-0.0500,4.9100,0.001661,0.017941
pd,-0.0500,4.9200,0.001657,0.017897
pd,-0.0500,4.9300,0.001653,0.017852
pd,-0.0500,4.9400,0.001649,0.017808
pd,-0.0500,4.9500,0.001645,0.017763
pd,-0.0500,4.9600,0.001640,0.017718
pd,-0.0500,4.9700,0.001636,0.017673
pd,-0.0500,4.9800,0.001632,0.017628
pd,-0.0500,4.9900,0.001628,0.017583
pd,-0.0500,5.0000,0.001624,0.017538
pd,-0.0500,5.0100,0.001620,0.017493
pd,-0.0500,5.0200,0.001616,0.017447
pd,-0.0500,5.0300,0.001611,0.017402
pd,-0.0500,5.0400,0.001607,0.017357
pd,-0.0500,5.0500,0.001603,0.017311
pd,-0.0500,5.0600,0.001599,0.017265
pd,-0.0500,5.0700,0.001595,0.017220
pd,-0.0500,5.0800,0.001590,0.017174
pd,-0.0500,5.0900,0.001586,0.017128
pd,-0.0500,5.1000,0.001582,0.017082
pd,-0.0500,5.1100,0.001578,0.017036
pd,-0.0500,5.1200,0.001573,0.016989
pd,-0.0500,5.1300,0.001569,0.016943
pd,-0.0500,5.1400,0.001565,0.016897
pd,-0.0500,5.1500,0.001561,0.016851
pd,-0.0500,5.1600,0.001556,0.016804
pd,-0.0500,5.1700,0.001552,0.016757
pd,-0.0500,5.1800,0.001548,0.016711
pd,-0.0500,5.1900,0.001544,0.016664
pd,-0.0500,5.2000,0.001539,0.016617
pd,-0.0500,5.2100,0.001535,0.016570
pd,-0.0500,5.2200,0.001531,0.016524
pd,-0.0500,5.2300,0.001526,0.016477
pd,-0.0500,5.2400,0.001522,0.016429
pd,-0.0500,5.2500,0.001518,0.016382
pd,-0.0500,5.2600,0.001513,0.016335
pd,-0.0500,5.2700,0.001509,0.016288
pd,-0.0500,5.2800,0.001505,0.016240
pd,-0.0500,5.2900,0.001500,0.016193
pd,-0.0500,5.3000,0.001496,0.016145
pd,-0.0500,5.3100,0.001491,0.016098
pd,-0.0500,5.3200,0.001487,0.016050
pd,-0.0500,5.3300,0.001483,0.016002
pd,-0.0500,5.3400,0.001478,0.015955
pd,-0.0500,5.3500,0.001474,0.015907
pd,-0.0500,5.3600,0.001469,0.015859
pd,-0.0500,5.3700,0.001465,0.015811
pd,-0.0500,5.3800,0.001461,0.015763
pd,-0.0500,5.3900,0.001456,0.015715
pd,-0.0500,5.4000,0.001452,0.015667
pd,-0.0500,5.4100,0.001447,0.015618
pd,-0.0500,5.4200,0.001443,0.015570
pd,-0.0500,5.4300,0.001438,0.015522
pd,-0.0500,5.4400,0.001434,0.015473
pd,-0.0500,5.4500,0.001429,0.015425
pd,-0.0500,5.4600,0.001425,0.015376
pd,-0.0500,5.4700,0.001421,0.015327
pd,-0.0500,5.4800,0.001416,0.015279
pd,-0.0500,5.4900,0.001412,0.015230
pd,-0.0500,5.5000,0.001407,0.015181
pd,-0.0500,5.5100,0.001403,0.015132
pd,-0.0500,5.5200,0.001398,0.015083
pd,-0.0500,5.5300,0.001394,0.015035
pd,-0.0500,5.5400,0.001389,0.014985
pd,-0.0500,5.5500,0.001385,0.014936
pd,-0.0500,5.5600,0.001380,0.014887
pd,-0.0500,5.5700,0.001375,0.014838
pd,-0.0500,5.5800,0.001371,0.014789
pd,-0.0500,5.5900,0.001366,0.014740
pd,-0.0500,5.6000,0.001362,0.014690
pd,-0.0500,5.6100,0.001357,0.014641
pd,-0.0500,5.6200,0.001353,0.014591
pd,-0.0500,5.6300,0.001348,0.014542
pd,-0.0500,5.6400,0.001344,0.014492
pd,-0.0500,5.6500,0.001339,0.014443
pd,-0.0500,5.6600,0.001335,0.014393
pd,-0.0500,5.6700,0.001330,0.014343
pd,-0.0500,5.6800,0.001325,0.014293
pd,-0.0500,5.6900,0.001321,0.014244
pd,-0.0500,5.7000,0.001316,0.014194
pd,-0.0500,5.7100,0.001312,0.014144
pd,-0.0500,5.7200,0.001307,0.014094
pd,-0.0500,5.7300,0.001302,0.014044
pd,-0.0500,5.7400,0.001298,0.013994
pd,-0.0500,5.7500,0.001293,0.013944
pd,-0.0500,5.7600,0.001289,0.013894
pd,-0.0500,5.7700,0.001284,0.013843
pd,-0.0500,5.7800,0.001279,0.013793
pd,-0.0500,5.7900,0.001275,0.013743
pd,-0.0500,5.8000,0.001270,0.013693
pd,-0.0500,5.8100,0.001265,0.013642
pd,-0.0500,5.8200,0.001261,0.013592
pd,-0.0500,5.8300,0.001256,0.013541
pd,-0.0500,5.8400,0.001251,0.013491
pd,-0.0500,5.8500,0.001247,0.013440
pd,-0.0500,5.8600,0.001242,0.013390
pd,-0.0500,5.8700,0.001237,0.013339
pd,-0.0500,5.8800,0.001233,0.013289
pd,-0.0500,5.8900,0.001228,0.013238
pd,-0.0500,5.9000,0.001223,0.013187
pd,-0.0500,5.9100,0.001219,0.013137
pd,-0.0500,5.9200,0.001214,0.013086
pd,-0.0500,5.9300,0.001209,0.013035
pd,-0.0500,5.9400,0.001205,0.012984
pd,-0.0500,5.9500,0.001200,0.012933
pd,-0.0500,5.9600,0.001195,0.012882
pd,-0.0500,5.9700,0.001191,0.012831
pd,-0.0500,5.9800,0.001186,0.012780
pd,-0.0500,5.9900,0.001181,0.012729
pd,-0.0500,6.0000,0.001177,0.012678
pd,-0.0500,6.0100,0.001172,0.012627
pd,-0.0500,6.0200,0.001167,0.012576
pd,-0.0500,6.0300,0.001162,0.012525
pd,-0.0500,6.0400,0.001158,0.012474
pd,-0.0500,6.0500,0.001153,0.012423
pd,-0.0500,6.0600,0.001148,0.012371
pd,-0.0500,6.0700,0.001144,0.012320
pd,-0.0500,6.0800,0.001139,0.012269
pd,-0.0500,6.0900,0.001134,0.012218
pd,-0.0500,6.1000,0.001129,0.012166
pd,-0.0500,6.1100,0.001125,0.012115
pd,-0.0500,6.1200,0.001120,0.012063
pd,-0.0500,6.1300,0.001115,0.012012
pd,-0.0500,6.1400,0.001110,0.011961
pd,-0.0500,6.1500,0.001106,0.011909
pd,-0.0500,6.1600,0.001101,0.011858
pd,-0.0500,6.1700,0.001096,0.011806
pd,-0.0500,6.1800,0.001091,0.011755
pd,-0.0500,6.1900,0.001087,0.011703
pd,-0.0500,6.2000,0.001082,0.011652
pd,-0.0500,6.2100,0.001077,0.011600
pd,-0.0500,6.2200,0.001072,0.011548
pd,-0.0500,6.2300,0.001068,0.011497
pd,-0.0500,6.2400,0.001063,0.011445
pd,-0.0500,6.2500,0.001058,0.011393
pd,-0.0500,6.2600,0.001053,0.011342
pd,-0.0500,6.2700,0.001049,0.011290
pd,-0.0500,6.2800,0.001044,0.011238
pd,-0.0500,6.2900,0.001039,0.011186
pd,-0.0500,6.3000,0.001034,0.011135
pd,-0.0500,6.3100,0.001030,0.011083
pd,-0.0500,6.3200,0.001025,0.011031
pd,-0.0500,6.3300,0.001020,0.010979
pd,-0.0500,6.3400,0.001015,0.010928
pd,-0.0500,6.3500,0.001010,0.010876
pd,-0.0500,6.3600,0.001006,0.010824
pd,-0.0500,6.3700,0.001001,0.010772
pd,-0.0500,6.3800,0.000996,0.010720
pd,-0.0500,6.3900,0.000991,0.010668
pd,-0.0500,6.4000,0.000987,0.010616
pd,-0.0500,6.4100,0.000982,0.010564
pd,-0.0500,6.4200,0.000977,0.010513
pd,-0.0500,6.4300,0.000972,0.010461
pd,-0.0500,6.4400,0.000967,0.010409
pd,-0.0500,6.4500,0.000963,0.010357
pd,-0.0500,6.4600,0.000958,0.010305
pd,-0.0500,6.4700,0.000953,0.010253
pd,-0.0500,6.4800,0.000948,0.010201
pd,-0.0500,6.4900,0.000943,0.010149
pd,-0.0500,6.5000,0.000939,0.010097
pd,-0.0500,6.5100,0.000934,0.010045
pd,-0.0500,6.5200,0.000929,0.009993
pd,-0.0500,6.5300,0.000924,0.009941
pd,-0.0500,6.5400,0.000919,0.009889
pd,-0.0500,6.5500,0.000915,0.009837
pd,-0.0500,6.5600,0.000910,0.009785
pd,-0.0500,6.5700,0.000905,0.009733
pd,-0.0500,6.5800,0.000900,0.009681
pd,-0.0500,6.5900,0.000896,0.009629
pd,-0.0500,6.6000,0.000891,0.009577
pd,-0.0500,6.6100,0.000886,0.009525
pd,-0.0500,6.6200,0.000881,0.009473
pd,-0.0500,6.6300,0.000876,0.009421
pd,-0.0500,6.6400,0.000872,0.009369
pd,-0.0500,6.6500,0.000867,0.009317
pd,-0.0500,6.6600,0.000862,0.009265
pd,-0.0500,6.6700,0.000857,0.009213
pd,-0.0500,6.6800,0.000852,0.009161
pd,-0.0500,6.6900,0.000848,0.009109
pd,-0.0500,6.7000,0.000843,0.009057
pd,-0.0500,6.7100,0.000838,0.009005
pd,-0.0500,6.7200,0.000833,0.008953
pd,-0.0500,6.7300,0.000828,0.008901
pd,-0.0500,6.7400,0.000824,0.008849
pd,-0.0500,6.7500,0.000819,0.008797
pd,-0.0500,6.7600,0.000814,0.008745
pd,-0.0500,6.7700,0.000809,0.008693
pd,-0.0500,6.7800,0.000804,0.008641
pd,-0.0500,6.7900,0.000800,0.008589
pd,-0.0500,6.8000,0.000795,0.008537
pd,-0.0500,6.8100,0.000790,0.008485
pd,-0.0500,6.8200,0.000785,0.008433
pd,-0.0500,6.8300,0.000780,0.008381
pd,-0.0500,6.8400,0.000776,0.008329
pd,-0.0500,6.8500,0.000771,0.008278
pd,-0.0500,6.8600,0.000766,0.008226
pd,-0.0500,6.8700,0.000761,0.008174
pd,-0.0500,6.8800,0.000757,0.008122
pd,-0.0500,6.8900,0.000752,0.008070
pd,-0.0500,6.9000,0.000747,0.008018
pd,-0.0500,6.9100,0.000742,0.007966
pd,-0.0500,6.9200,0.000737,0.007915
pd,-0.0500,6.9300,0.000733,0.007863
pd,-0.0500,6.9400,0.000728,0.007811
pd,-0.0500,6.9500,0.000723,0.007759
pd,-0.0500,6.9600,0.000718,0.007708
pd,-0.0500,6.9700,0.000714,0.007656
pd,-0.0500,6.9800,0.000709,0.007604
pd,-0.0500,6.9900,0.000704,0.007552
pd,-0.0500,7.0000,0.000699,0.007501
pd,-0.0500,7.0100,0.000694,0.007449
pd,-0.0500,7.0200,0.000690,0.007398
pd,-0.0500,7.0300,0.000685,0.007346
pd,-0.0500,7.0400,0.000680,0.007294
pd,-0.0500,7.0500,0.000675,0.007243
pd,-0.0500,7.0600,0.000671,0.007191
pd,-0.0500,7.0700,0.000666,0.007140
pd,-0.0500,7.0800,0.000661,0.007088
pd,-0.0500,7.0900,0.000656,0.007037
pd,-0.0500,7.1000,0.000652,0.006985
pd,-0.0500,7.1100,0.000647,0.006934
pd,-0.0500,7.1200,0.000642,0.006882
pd,-0.0500,7.1300,0.000637,0.006831
pd,-0.0500,7.1400,0.000633,0.006779
pd,-0.0500,7.1500,0.000628,0.006728
pd,-0.0500,7.1600,0.000623,0.006677
pd,-0.0500,7.1700,0.000618,0.006625
pd,-0.0500,7.1800,0.000614,0.006574
pd,-0.0500,7.1900,0.000609,0.006523
pd,-0.0500,7.2000,0.000604,0.006472
pd,-0.0500,7.2100,0.000600,0.006420
pd,-0.0500,7.2200,0.000595,0.006369
pd,-0.0500,7.2300,0.000590,0.006318
pd,-0.0500,7.2400,0.000585,0.006267
pd,-0.0500,7.2500,0.000581,0.006216
pd,-0.0500,7.2600,0.000576,0.006165
pd,-0.0500,7.2700,0.000571,0.006114
pd,-0.0500,7.2800,0.000567,0.006063
pd,-0.0500,7.2900,0.000562,0.006012
pd,-0.0500,7.3000,0.000557,0.005961
pd,-0.0500,7.3100,0.000552,0.005910
pd,-0.0500,7.3200,0.000548,0.005859
pd,-0.0500,7.3300,0.000543,0.005808
pd,-0.0500,7.3400,0.000538,0.005757
pd,-0.0500,7.3500,0.000534,0.005707
pd,-0.0500,7.3600,0.000529,0.005656
pd,-0.0500,7.3700,0.000524,0.005605
pd,-0.0500,7.3800,0.000520,0.005554
pd,-0.0500,7.3900,0.000515,0.005504
pd,-0.0500,7.4000,0.000510,0.005453
pd,-0.0500,7.4100,0.000506,0.005403
pd,-0.0500,7.4200,0.000501,0.005352
pd,-0.0500,7.4300,0.000496,0.005302
pd,-0.0500,7.4400,0.000492,0.005251
pd,-0.0500,7.4500,0.000487,0.005201
pd,-0.0500,7.4600,0.000482,0.005150
pd,-0.0500,7.4700,0.000478,0.005100
pd,-0.0500,7.4800,0.000473,0.005050
pd,-0.0500,7.4900,0.000468,0.004999
pd,-0.0500,7.5000,0.000464,0.004949
pd,-0.0500,7.5100,0.000459,0.004899
pd,-0.0500,7.5200,0.000454,0.004849
pd,-0.0500,7.5300,0.000450,0.004799
pd,-0.0500,7.5400,0.000445,0.004748
pd,-0.0500,7.5500,0.000441,0.004698
pd,-0.0500,7.5600,0.000436,0.004648
pd,-0.0500,7.5700,0.000431,0.004598
pd,-0.0500,7.5800,0.000427,0.004548
pd,-0.0500,7.5900,0.000422,0.004499
pd,-0.0500,7.6000,0.000417,0.004449
pd,-0.0500,7.6100,0.000413,0.004399
pd,-0.0500,7.6200,0.000408,0.004349
pd,-0.0500,7.6300,0.000404,0.004300
pd,-0.0500,7.6400,0.000399,0.004250
pd,-0.0500,7.6500,0.000395,0.004200
pd,-0.0500,7.6600,0.000390,0.004151
pd,-0.0500,7.6700,0.000385,0.004101
pd,-0.0500,7.6800,0.000381,0.004052
pd,-0.0500,7.6900,0.000376,0.004002
pd,-0.0500,7.7000,0.000372,0.003953
pd,-0.0500,7.7100,0.000367,0.003903
pd,-0.0500,7.7200,0.000363,0.003854
pd,-0.0500,7.7300,0.000358,0.003805
pd,-0.0500,7.7400,0.000353,0.003756
pd,-0.0500,7.7500,0.000349,0.003707
pd,-0.0500,7.7600,0.000344,0.003657
pd,-0.0500,7.7700,0.000340,0.003608
pd,-0.0500,7.7800,0.000335,0.003559
pd,-0.0500,7.7900,0.000331,0.003510
pd,-0.0500,7.8000,0.000326,0.003462
pd,-0.0500,7.8100,0.000322,0.003413
pd,-0.0500,7.8200,0.000317,0.003364
pd,-0.0500,7.8300,0.000313,0.003315
pd,-0.0500,7.8400,0.000308,0.003266
pd,-0.0500,7.8500,0.000304,0.003218
pd,-0.0500,7.8600,0.000299,0.003169
pd,-0.0500,7.8700,0.000295,0.003121
pd,-0.0500,7.8800,0.000290,0.003072
pd,-0.0500,7.8900,0.000286,0.003024
pd,-0.0500,7.9000,0.000281,0.002975
pd,-0.0500,7.9100,0.000277,0.002927
pd,-0.0500,7.9200,0.000272,0.002879
pd,-0.0500,7.9300,0.000268,0.002831
pd,-0.0500,7.9400,0.000264,0.002782
pd,-0.0500,7.9500,0.000259,0.002734
pd,-0.0500,7.9600,0.000255,0.002686
pd,-0.0500,7.9700,0.000250,0.002638
pd,-0.0500,7.9800,0.000246,0.002590
pd,-0.0500,7.9900,0.000241,0.002542
pd,-0.0500,8.0000,0.000237,0.002495
pd,-0.0500,8.0100,0.000233,0.002447
pd,-0.0500,8.0200,0.000228,0.002399
pd,-0.0500,8.0300,0.000224,0.002352
pd,-0.0500,8.0400,0.000219,0.002304
pd,-0.0500,8.0500,0.000215,0.002256
pd,-0.0500,8.0600,0.000211,0.002209
pd,-0.0500,8.0700,0.000206,0.002162
pd,-0.0500,8.0800,0.000202,0.002114
pd,-0.0500,8.0900,0.000197,0.002067
pd,-0.0500,8.1000,0.000193,0.002020
pd,-0.0500,8.1100,0.000189,0.001973
pd,-0.0500,8.1200,0.000184,0.001925
pd,-0.0500,8.1300,0.000180,0.001878
pd,-0.0500,8.1400,0.000176,0.001831
pd,-0.0500,8.1500,0.000171,0.001785
pd,-0.0500,8.1600,0.000167,0.001738
pd,-0.0500,8.1700,0.000163,0.001691
pd,-0.0500,8.1800,0.000158,0.001644
pd,-0.0500,8.1900,0.000154,0.001598
pd,-0.0500,8.2000,0.000150,0.001551
pd,-0.0500,8.2100,0.000145,0.001504
pd,-0.0500,8.2200,0.000141,0.001458
pd,-0.0500,8.2300,0.000137,0.001412
pd,-0.0500,8.2400,0.000133,0.001365
pd,-0.0500,8.2500,0.000128,0.001319
pd,-0.0500,8.2600,0.000124,0.001273
pd,-0.0500,8.2700,0.000120,0.001227
pd,-0.0500,8.2800,0.000116,0.001181
pd,-0.0500,8.2900,0.000111,0.001135
pd,-0.0500,8.3000,0.000107,0.001089
pd,-0.0500,8.3100,0.000103,0.001043
pd,-0.0500,8.3200,0.000099,0.000997
pd,-0.0500,8.3300,0.000094,0.000951
pd,-0.0500,8.3400,0.000090,0.000906
pd,-0.0500,8.3500,0.000086,0.000860
pd,-0.0500,8.3600,0.000082,0.000814
pd,-0.0500,8.3700,0.000077,0.000769
pd,-0.0500,8.3800,0.000073,0.000724
pd,-0.0500,8.3900,0.000069,0.000678
pd,-0.0500,8.4000,0.000065,0.000633
pd,-0.0500,8.4100,0.000061,0.000588
pd,-0.0500,8.4200,0.000057,0.000543
pd,-0.0500,8.4300,0.000052,0.000498
pd,-0.0500,8.4400,0.000048,0.000453
pd,-0.0500,8.4500,0.000044,0.000408
pd,-0.0500,8.4600,0.000040,0.000363
pd,-0.0500,8.4700,0.000036,0.000318
pd,-0.0500,8.4800,0.000032,0.000274
pd,-0.0500,8.4900,0.000028,0.000229
pd,-0.0500,8.5000,0.000023,0.000185
pd,-0.0500,8.5100,0.000019,0.000140
pd,-0.0500,8.5200,0.000015,0.000096
pd,-0.0500,8.5300,0.000011,0.000051
pd,-0.0500,8.5400,0.000007,0.000007
pd,-0.0500,8.5500,0.000003,-0.000037
pd,-0.0500,8.5600,-0.000001,-0.000081
pd,-0.0500,8.5700,-0.000005,-0.000125
pd,-0.0500,8.5800,-0.000009,-0.000169
pd,-0.0500,8.5900,-0.000013,-0.000213
pd,-0.0500,8.6000,-0.000017,-0.000257
pd,-0.0500,8.6100,-0.000021,-0.000300
pd,-0.0500,8.6200,-0.000025,-0.000344
pd,-0.0500,8.6300,-0.000029,-0.000387
pd,-0.0500,8.6400,-0.000033,-0.000431
pd,-0.0500,8.6500,-0.000037,-0.000474
pd,-0.0500,8.6600,-0.000041,-0.000518
pd,-0.0500,8.6700,-0.000045,-0.000561
pd,-0.0500,8.6800,-0.000049,-0.000604
pd,-0.0500,8.6900,-0.000053,-0.000647
pd,-0.0500,8.7000,-0.000057,-0.000690
pd,-0.0500,8.7100,-0.000061,-0.000733
pd,-0.0500,8.7200,-0.000065,-0.000776
pd,-0.0500,8.7300,-0.000069,-0.000819
pd,-0.0500,8.7400,-0.000073,-0.000861
pd,-0.0500,8.7500,-0.000077,-0.000904
pd,-0.0500,8.7600,-0.000081,-0.000946
pd,-0.0500,8.7700,-0.000085,-0.000989
pd,-0.0500,8.7800,-0.000089,-0.001031
pd,-0.0500,8.7900,-0.000093,-0.001073
pd,-0.0500,8.8000,-0.000097,-0.001116
pd,-0.0500,8.8100,-0.000101,-0.001158
pd,-0.0500,8.8200,-0.000105,-0.001200
pd,-0.0500,8.8300,-0.000108,-0.001242
pd,-0.0500,8.8400,-0.000112,-0.001284
pd,-0.0500,8.8500,-0.000116,-0.001325
pd,-0.0500,8.8600,-0.000120,-0.001367
pd,-0.0500,8.8700,-0.000124,-0.001409
pd,-0.0500,8.8800,-0.000128,-0.001450
pd,-0.0500,8.8900,-0.000132,-0.001492
pd,-0.0500,8.9000,-0.000135,-0.001533
pd,-0.0500,8.9100,-0.000139,-0.001574
pd,-0.0500,8.9200,-0.000143,-0.001615
pd,-0.0500,8.9300,-0.000147,-0.001657
pd,-0.0500,8.9400,-0.000151,-0.001698
pd,-0.0500,8.9500,-0.000154,-0.001738
pd,-0.0500,8.9600,-0.000158,-0.001779
pd,-0.0500,8.9700,-0.000162,-0.001820
pd,-0.0500,8.9800,-0.000166,-0.001861
pd,-0.0500,8.9900,-0.000169,-0.001901
pd,-0.0500,9.0000,-0.000173,-0.001942
pd,-0.0500,9.0100,-0.000177,-0.001982
pd,-0.0500,9.0200,-0.000181,-0.002023
pd,-0.0500,9.0300,-0.000184,-0.002063
pd,-0.0500,9.0400,-0.000188,-0.002103
pd,-0.0500,9.0500,-0.000192,-0.002143
pd,-0.0500,9.0600,-0.000196,-0.002183
pd,-0.0500,9.0700,-0.000199,-0.002223
pd,-0.0500,9.0800,-0.000203,-0.002263
pd,-0.0500,9.0900,-0.000207,-0.002302
pd,-0.0500,9.1000,-0.000210,-0.002342
pd,-0.0500,9.1100,-0.000214,-0.002382
pd,-0.0500,9.1200,-0.000218,-0.002421
pd,-0.0500,9.1300,-0.000221,-0.002460
pd,-0.0500,9.1400,-0.000225,-0.002500
pd,-0.0500,9.1500,-0.000228,-0.002539
pd,-0.0500,9.1600,-0.000232,-0.002578
pd,-0.0500,9.1700,-0.000236,-0.002617
pd,-0.0500,9.1800,-0.000239,-0.002656
pd,-0.0500,9.1900,-0.000243,-0.002695
pd,-0.0500,9.2000,-0.000246,-0.002733
pd,-0.0500,9.2100,-0.000250,-0.002772
pd,-0.0500,9.2200,-0.000254,-0.002811
pd,-0.0500,9.2300,-0.000257,-0.002849
pd,-0.0500,9.2400,-0.000261,-0.002887
pd,-0.0500,9.2500,-0.000264,-0.002926
pd,-0.0500,9.2600,-0.000268,-0.002964
pd,-0.0500,9.2700,-0.000271,-0.003002
pd,-0.0500,9.2800,-0.000275,-0.003040
pd,-0.0500,9.2900,-0.000278,-0.003078
pd,-0.0500,9.3000,-0.000282,-0.003116
pd,-0.0500,9.3100,-0.000285,-0.003153
pd,-0.0500,9.3200,-0.000289,-0.003191
pd,-0.0500,9.3300,-0.000292,-0.003228
pd,-0.0500,9.3400,-0.000296,-0.003266
pd,-0.0500,9.3500,-0.000299,-0.003303
pd,-0.0500,9.3600,-0.000303,-0.003341
pd,-0.0500,9.3700,-0.000306,-0.003378
pd,-0.0500,9.3800,-0.000310,-0.003415
pd,-0.0500,9.3900,-0.000313,-0.003452
pd,-0.0500,9.4000,-0.000316,-0.003489
pd,-0.0500,9.4100,-0.000320,-0.003525
pd,-0.0500,9.4200,-0.000323,-0.003562
pd,-0.0500,9.4300,-0.000327,-0.003599
pd,-0.0500,9.4400,-0.000330,-0.003635
pd,-0.0500,9.4500,-0.000333,-0.003671
pd,-0.0500,9.4600,-0.000337,-0.003708
pd,-0.0500,9.4700,-0.000340,-0.003744
pd,-0.0500,9.4800,-0.000343,-0.003780
pd,-0.0500,9.4900,-0.000347,-0.003816
pd,-0.0500,9.5000,-0.000350,-0.003852
pd,-0.0500,9.5100,-0.000353,-0.003888
pd,-0.0500,9.5200,-0.000357,-0.003924
pd,-0.0500,9.5300,-0.000360,-0.003959
pd,-0.0500,9.5400,-0.000363,-0.003995
pd,-0.0500,9.5500,-0.000367,-0.004030
pd,-0.0500,9.5600,-0.000370,-0.004065
pd,-0.0500,9.5700,-0.000373,-0.004101
pd,-0.0500,9.5800,-0.000376,-0.004136
pd,-0.0500,9.5900,-0.000380,-0.004171
pd,-0.0500,9.6000,-0.000383,-0.004206
pd,-0.0500,9.6100,-0.000386,-0.004241
pd,-0.0500,9.6200,-0.000389,-0.004275
pd,-0.0500,9.6300,-0.000392,-0.004310
pd,-0.0500,9.6400,-0.000396,-0.004344
pd,-0.0500,9.6500,-0.000399,-0.004379
pd,-0.0500,9.6600,-0.000402,-0.004413
pd,-0.0500,9.6700,-0.000405,-0.004448
pd,-0.0500,9.6800,-0.000408,-0.004482
pd,-0.0500,9.6900,-0.000412,-0.004516
pd,-0.0500,9.7000,-0.000415,-0.004550
pd,-0.0500,9.7100,-0.000418,-0.004584
pd,-0.0500,9.7200,-0.000421,-0.004617
pd,-0.0500,9.7300,-0.000424,-0.004651
pd,-0.0500,9.7400,-0.000427,-0.004684
pd,-0.0500,9.7500,-0.000430,-0.004718
pd,-0.0500,9.7600,-0.000433,-0.004751
pd,-0.0500,9.7700,-0.000436,-0.004784
pd,-0.0500,9.7800,-0.000439,-0.004818
pd,-0.0500,9.7900,-0.000443,-0.004851
pd,-0.0500,9.8000,-0.000446,-0.004884
pd,-0.0500,9.8100,-0.000449,-0.004916
pd,-0.0500,9.8200,-0.000452,-0.004949
pd,-0.0500,9.8300,-0.000455,-0.004982
pd,-0.0500,9.8400,-0.000458,-0.005014
pd,-0.0500,9.8500,-0.000461,-0.005047
pd,-0.0500,9.8600,-0.000464,-0.005079
pd,-0.0500,9.8700,-0.000467,-0.005111
pd,-0.0500,9.8800,-0.000470,-0.005143
pd,-0.0500,9.8900,-0.000473,-0.005176
pd,-0.0500,9.9000,-0.000476,-0.005207
pd,-0.0500,9.9100,-0.000479,-0.005239
pd,-0.0500,9.9200,-0.000481,-0.005271
pd,-0.0500,9.9300,-0.000484,-0.005303
pd,-0.0500,9.9400,-0.000487,-0.005334
pd,-0.0500,9.9500,-0.000490,-0.005365
pd,-0.0500,9.9600,-0.000493,-0.005397
pd,-0.0500,9.9700,-0.000496,-0.005428
pd,-0.0500,9.9800,-0.000499,-0.005459
pd,-0.0500,9.9900,-0.000502,-0.005490
pd,-0.0500,10.0000,-0.000505,0.000000
onnx,-0.0500,0.0000,-0.050000,-5.687411
onnx,-0.0500,0.0100,-0.049624,-4.250255
onnx,-0.0500,0.0200,-0.048600,-3.129538
onnx,-0.0500,0.0300,-0.047113,-2.258174
onnx,-0.0500,0.0400,-0.045306,-1.583152
onnx,-0.0500,0.0500,-0.043291,-1.062580
onnx,-0.0500,0.0600,-0.041150,-0.663352
onnx,-0.0500,0.0700,-0.038948,-0.359320
onnx,-0.0500,0.0800,-0.036732,-0.129833
onnx,-0.0500,0.0900,-0.034539,0.041409
onnx,-0.0500,0.1000,-0.032394,0.167259
onnx,-0.0500,0.1100,-0.030315,0.257848
onnx,-0.0500,0.1200,-0.028315,0.321150
onnx,-0.0500,0.1300,-0.026402,0.363438
onnx,-0.0500,0.1400,-0.024580,0.389637
onnx,-0.0500,0.1500,-0.022853,0.403607
onnx,-0.0500,0.1600,-0.021219,0.408370
onnx,-0.0500,0.1700,-0.019679,0.406285
onnx,-0.0500,0.1800,-0.018229,0.399188
onnx,-0.0500,0.1900,-0.016867,0.388505
onnx,-0.0500,0.2000,-0.015589,0.375337
onnx,-0.0500,0.2100,-0.014391,0.360532
onnx,-0.0500,0.2200,-0.013270,0.344736
onnx,-0.0500,0.2300,-0.012222,0.328441
onnx,-0.0500,0.2400,-0.011242,0.312015
onnx,-0.0500,0.2500,-0.010327,0.295733
onnx,-0.0500,0.2600,-0.009472,0.279794
onnx,-0.0500,0.2700,-0.008675,0.264338
onnx,-0.0500,0.2800,-0.007931,0.249463
onnx,-0.0500,0.2900,-0.007237,0.235233
onnx,-0.0500,0.3000,-0.006590,0.221685
onnx,-0.0500,0.3100,-0.005987,0.208835
onnx,-0.0500,0.3200,-0.005425,0.196688
onnx,-0.0500,0.3300,-0.004901,0.185234
onnx,-0.0500,0.3400,-0.004413,0.174457
onnx,-0.0500,0.3500,-0.003958,0.164336
onnx,-0.0500,0.3600,-0.003534,0.154845
onnx,-0.0500,0.3700,-0.003139,0.145956
onnx,-0.0500,0.3800,-0.002771,0.137641
onnx,-0.0500,0.3900,-0.002428,0.129869
onnx,-0.0500,0.4000,-0.002109,0.122610
onnx,-0.0500,0.4100,-0.001811,0.115834
onnx,-0.0500,0.4200,-0.001534,0.109514
onnx,-0.0500,0.4300,-0.001275,0.103621
onnx,-0.0500,0.4400,-0.001035,0.098129
onnx,-0.0500,0.4500,-0.000810,0.093012
onnx,-0.0500,0.4600,-0.000601,0.088247
onnx,-0.0500,0.4700,-0.000406,0.083809
onnx,-0.0500,0.4800,-0.000224,0.079679
onnx,-0.0500,0.4900,-0.000055,0.075834
onnx,-0.0500,0.5000,0.000103,0.072257
onnx,-0.0500,0.5100,0.000250,0.068929
onnx,-0.0500,0.5200,0.000388,0.065833
onnx,-0.0500,0.5300,0.000516,0.062954
onnx,-0.0500,0.5400,0.000635,0.060277
onnx,-0.0500,0.5500,0.000747,0.057787
onnx,-0.0500,0.5600,0.000851,0.055473
onnx,-0.0500,0.5700,0.000948,0.053321
onnx,-0.0500,0.5800,0.001038,0.051322
onnx,-0.0500,0.5900,0.001123,0.049464
onnx,-0.0500,0.6000,0.001202,0.047737
onnx,-0.0500,0.6100,0.001275,0.046133
onnx,-0.0500,0.6200,0.001344,0.044643
onnx,-0.0500,0.6300,0.001409,0.043259
onnx,-0.0500,0.6400,0.001469,0.041974
onnx,-0.0500,0.6500,0.001525,0.040781
onnx,-0.0500,0.6600,0.001578,0.039673
onnx,-0.0500,0.6700,0.001627,0.038645
onnx,-0.0500,0.6800,0.001673,0.037690
onnx,-0.0500,0.6900,0.001716,0.036805
onnx,-0.0500,0.7000,0.001756,0.035984
onnx,-0.0500,0.7100,0.001794,0.035222
onnx,-0.0500,0.7200,0.001829,0.034516
onnx,-0.0500,0.7300,0.001862,0.033861
onnx,-0.0500,0.7400,0.001894,0.033255
onnx,-0.0500,0.7500,0.001923,0.032693
onnx,-0.0500,0.7600,0.001950,0.032172
onnx,-0.0500,0.7700,0.001976,0.031690
onnx,-0.0500,0.7800,0.002000,0.031244
onnx,-0.0500,0.7900,0.002023,0.030832
onnx,-0.0500,0.8000,0.002044,0.030450
onnx,-0.0500,0.8100,0.002064,0.030097
onnx,-0.0500,0.8200,0.002083,0.029772
onnx,-0.0500,0.8300,0.002101,0.029471
onnx,-0.0500,0.8400,0.002118,0.029193
onnx,-0.0500,0.8500,0.002134,0.028937
onnx,-0.0500,0.8600,0.002149,0.028701
onnx,-0.0500,0.8700,0.002163,0.028484
onnx,-0.0500,0.8800,0.002176,0.028283
onnx,-0.0500,0.8900,0.002189,0.028100
onnx,-0.0500,0.9000,0.002201,0.027931
onnx,-0.0500,0.9100,0.002212,0.027775
onnx,-0.0500,0.9200,0.002223,0.027633
onnx,-0.0500,0.9300,0.002233,0.027503
onnx,-0.0500,0.9400,0.002243,0.027384
onnx,-0.0500,0.9500,0.002252,0.027275
onnx,-0.0500,0.9600,0.002261,0.027176
onnx,-0.0500,0.9700,0.002269,0.027086
onnx,-0.0500,0.9800,0.002277,0.027004
onnx,-0.0500,0.9900,0.002285,0.026930
onnx,-0.0500,1.0000,0.002292,0.026863
onnx,-0.0500,1.0100,0.002299,0.026803
onnx,-0.0500,1.0200,0.002305,0.026748
onnx,-0.0500,1.0300,0.002312,0.026700
onnx,-0.0500,1.0400,0.002318,0.026656
onnx,-0.0500,1.0500,0.002324,0.026618
onnx,-0.0500,1.0600,0.002329,0.026584
onnx,-0.0500,1.0700,0.002335,0.026554
onnx,-0.0500,1.0800,0.002340,0.026528
onnx,-0.0500,1.0900,0.002345,0.026506
onnx,-0.0500,1.1000,0.002350,0.026487
onnx,-0.0500,1.1100,0.002354,0.026471
onnx,-0.0500,1.1200,0.002359,0.026458
onnx,-0.0500,1.1300,0.002363,0.026447
onnx,-0.0500,1.1400,0.002367,0.026439
onnx,-0.0500,1.1500,0.002371,0.026433
onnx,-0.0500,1.1600,0.002375,0.026429
onnx,-0.0500,1.1700,0.002379,0.026427
onnx,-0.0500,1.1800,0.002383,0.026427
onnx,-0.0500,1.1900,0.002386,0.026428
onnx,-0.0500,1.2000,0.002390,0.026431
onnx,-0.0500,1.2100,0.002393,0.026435
onnx,-0.0500,1.2200,0.002397,0.026441
onnx,-0.0500,1.2300,0.002400,0.026447
onnx,-0.0500,1.2400,0.002403,0.026455
onnx,-0.0500,1.2500,0.002406,0.026463
onnx,-0.0500,1.2600,0.002409,0.026472
onnx,-0.0500,1.2700,0.002412,0.026482
onnx,-0.0500,1.2800,0.002415,0.026493
onnx,-0.0500,1.2900,0.002417,0.026504
onnx,-0.0500,1.3000,0.002420,0.026516
onnx,-0.0500,1.3100,0.002423,0.026529
onnx,-0.0500,1.3200,0.002425,0.026541
onnx,-0.0500,1.3300,0.002428,0.026555
onnx,-0.0500,1.3400,0.002430,0.026568
onnx,-0.0500,1.3500,0.002433,0.026582
onnx,-0.0500,1.3600,0.002435,0.026596
onnx,-0.0500,1.3700,0.002437,0.026610
onnx,-0.0500,1.3800,0.002440,0.026625
onnx,-0.0500,1.3900,0.002442,0.026639
onnx,-0.0500,1.4000,0.002444,0.026654
onnx,-0.0500,1.4100,0.002446,0.026669
onnx,-0.0500,1.4200,0.002448,0.026684
onnx,-0.0500,1.4300,0.002450,0.026699
onnx,-0.0500,1.4400,0.002452,0.026714
onnx,-0.0500,1.4500,0.002454,0.026729
onnx,-0.0500,1.4600,0.002456,0.026744
onnx,-0.0500,1.4700,0.002458,0.026759
onnx,-0.0500,1.4800,0.002460,0.026773
onnx,-0.0500,1.4900,0.002461,0.026788
onnx,-0.0500,1.5000,0.002463,0.026803
onnx,-0.0500,1.5100,0.002465,0.026817
onnx,-0.0500,1.5200,0.002467,0.026832
onnx,-0.0500,1.5300,0.002468,0.026846
onnx,-0.0500,1.5400,0.002470,0.026860
onnx,-0.0500,1.5500,0.002471,0.026874
onnx,-0.0500,1.5600,0.002473,0.026888
onnx,-0.0500,1.5700,0.002475,0.026902
onnx,-0.0500,1.5800,0.002476,0.026915
onnx,-0.0500,1.5900,0.002478,0.026928
onnx,-0.0500,1.6000,0.002479,0.026941
onnx,-0.0500,1.6100,0.002480,0.026954
onnx,-0.0500,1.6200,0.002482,0.026967
onnx,-0.0500,1.6300,0.002483,0.026980
onnx,-0.0500,1.6400,0.002484,0.026992
onnx,-0.0500,1.6500,0.002486,0.027004
onnx,-0.0500,1.6600,0.002487,0.027016
onnx,-0.0500,1.6700,0.002488,0.027027
onnx,-0.0500,1.6800,0.002489,0.027038
onnx,-0.0500,1.6900,0.002490,0.027050
onnx,-0.0500,1.7000,0.002492,0.027060
onnx,-0.0500,1.7100,0.002493,0.027071
onnx,-0.0500,1.7200,0.002494,0.027081
onnx,-0.0500,1.7300,0.002495,0.027091
onnx,-0.0500,1.7400,0.002496,0.027101
onnx,-0.0500,1.7500,0.002497,0.027111
onnx,-0.0500,1.7600,0.002498,0.027120
onnx,-0.0500,1.7700,0.002499,0.027129
onnx,-0.0500,1.7800,0.002500,0.027138
onnx,-0.0500,1.7900,0.002500,0.027147
onnx,-0.0500,1.8000,0.002501,0.027155
onnx,-0.0500,1.8100,0.002502,0.027163
onnx,-0.0500,1.8200,0.002503,0.027171
onnx,-0.0500,1.8300,0.002504,0.027178
onnx,-0.0500,1.8400,0.002504,0.027186
onnx,-0.0500,1.8500,0.002505,0.027193
onnx,-0.0500,1.8600,0.002506,0.027199
onnx,-0.0500,1.8700,0.002507,0.027206
onnx,-0.0500,1.8800,0.002507,0.027212
onnx,-0.0500,1.8900,0.002508,0.027218
onnx,-0.0500,1.9000,0.002508,0.027224
onnx,-0.0500,1.9100,0.002509,0.027229
onnx,-0.0500,1.9200,0.002509,0.027234
onnx,-0.0500,1.9300,0.002510,0.027239
onnx,-0.0500,1.9400,0.002510,0.027243
onnx,-0.0500,1.9500,0.002511,0.027248
onnx,-0.0500,1.9600,0.002511,0.027252
onnx,-0.0500,1.9700,0.002512,0.027255
onnx,-0.0500,1.9800,0.002512,0.027259
onnx,-0.0500,1.9900,0.002512,0.027262
onnx,-0.0500,2.0000,0.002513,0.027265
onnx,-0.0500,2.0100,0.002513,0.027268
onnx,-0.0500,2.0200,0.002513,0.027270
onnx,-0.0500,2.0300,0.002514,0.027272
onnx,-0.0500,2.0400,0.002514,0.027274
onnx,-0.0500,2.0500,0.002514,0.027276
onnx,-0.0500,2.0600,0.002514,0.027277
onnx,-0.0500,2.0700,0.002514,0.027278
onnx,-0.0500,2.0800,0.002514,0.027279
onnx,-0.0500,2.0900,0.002515,0.027279
onnx,-0.0500,2.1000,0.002515,0.027279
onnx,-0.0500,2.1100,0.002515,0.027279
onnx,-0.0500,2.1200,0.002515,0.027279
onnx,-0.0500,2.1300,0.002515,0.027279
onnx,-0.0500,2.1400,0.002515,0.027278
onnx,-0.0500,2.1500,0.002515,0.027277
onnx,-0.0500,2.1600,0.002514,0.027275
onnx,-0.0500,2.1700,0.002514,0.027274
onnx,-0.0500,2.1800,0.002514,0.027272
onnx,-0.0500,2.1900,0.002514,0.027269
onnx,-0.0500,2.2000,0.002514,0.027267
onnx,-0.0500,2.2100,0.002514,0.027264
onnx,-0.0500,2.2200,0.002513,0.027261
onnx,-0.0500,2.2300,0.002513,0.027258
onnx,-0.0500,2.2400,0.002513,0.027255
onnx,-0.0500,2.2500,0.002513,0.027251
onnx,-0.0500,2.2600,0.002512,0.027247
onnx,-0.0500,2.2700,0.002512,0.027242
onnx,-0.0500,2.2800,0.002512,0.027238
onnx,-0.0500,2.2900,0.002511,0.027233
onnx,-0.0500,2.3000,0.002511,0.027228
onnx,-0.0500,2.3100,0.002510,0.027223
onnx,-0.0500,2.3200,0.002510,0.027217
onnx,-0.0500,2.3300,0.002509,0.027211
onnx,-0.0500,2.3400,0.002509,0.027205
onnx,-0.0500,2.3500,0.002508,0.027199
onnx,-0.0500,2.3600,0.002508,0.027192
onnx,-0.0500,2.3700,0.002507,0.027185
onnx,-0.0500,2.3800,0.002506,0.027178
onnx,-0.0500,2.3900,0.002506,0.027171
onnx,-0.0500,2.4000,0.002505,0.027163
onnx,-0.0500,2.4100,0.002504,0.027155
onnx,-0.0500,2.4200,0.002504,0.027147
onnx,-0.0500,2.4300,0.002503,0.027138
onnx,-0.0500,2.4400,0.002502,0.027130
onnx,-0.0500,2.4500,0.002501,0.027121
onnx,-0.0500,2.4600,0.002501,0.027112
onnx,-0.0500,2.4700,0.002500,0.027102
onnx,-0.0500,2.4800,0.002499,0.027092
onnx,-0.0500,2.4900,0.002498,0.027083
onnx,-0.0500,2.5000,0.002497,0.027072
onnx,-0.0500,2.5100,0.002496,0.027062
onnx,-0.0500,2.5200,0.002495,0.027051
onnx,-0.0500,2.5300,0.002494,0.027040
onnx,-0.0500,2.5400,0.002493,0.027029
onnx,-0.0500,2.5500,0.002492,0.027018
onnx,-0.0500,2.5600,0.002491,0.027006
onnx,-0.0500,2.5700,0.002490,0.026994
onnx,-0.0500,2.5800,0.002489,0.026982
onnx,-0.0500,2.5900,0.002488,0.026969
onnx,-0.0500,2.6000,0.002487,0.026957
onnx,-0.0500,2.6100,0.002486,0.026944
onnx,-0.0500,2.6200,0.002485,0.026931
onnx,-0.0500,2.6300,0.002483,0.026917
onnx,-0.0500,2.6400,0.002482,0.026904
onnx,-0.0500,2.6500,0.002481,0.026890
onnx,-0.0500,2.6600,0.002480,0.026876
onnx,-0.0500,2.6700,0.002478,0.026861
onnx,-0.0500,2.6800,0.002477,0.026847
onnx,-0.0500,2.6900,0.002476,0.026832
onnx,-0.0500,2.7000,0.002474,0.026817
onnx,-0.0500,2.7100,0.002473,0.026801
onnx,-0.0500,2.7200,0.002472,0.026786
onnx,-0.0500,2.7300,0.002470,0.026770
onnx,-0.0500,2.7400,0.002469,0.026754
onnx,-0.0500,2.7500,0.002467,0.026738
onnx,-0.0500,2.7600,0.002466,0.026721
onnx,-0.0500,2.7700,0.002464,0.026704
onnx,-0.0500,2.7800,0.002463,0.026687
onnx,-0.0500,2.7900,0.002461,0.026670
onnx,-0.0500,2.8000,0.002460,0.026653
onnx,-0.0500,2.8100,0.002458,0.026635
onnx,-0.0500,2.8200,0.002456,0.026617
onnx,-0.0500,2.8300,0.002455,0.026599
onnx,-0.0500,2.8400,0.002453,0.026580
onnx,-0.0500,2.8500,0.002451,0.026562
onnx,-0.0500,2.8600,0.002450,0.026543
onnx,-0.0500,2.8700,0.002448,0.026524
onnx,-0.0500,2.8800,0.002446,0.026504
onnx,-0.0500,2.8900,0.002444,0.026485
onnx,-0.0500,2.9000,0.002443,0.026465
onnx,-0.0500,2.9100,0.002441,0.026445
onnx,-0.0500,2.9200,0.002439,0.026425
onnx,-0.0500,2.9300,0.002437,0.026405
onnx,-0.0500,2.9400,0.002435,0.026384
onnx,-0.0500,2.9500,0.002433,0.026363
onnx,-0.0500,2.9600,0.002431,0.026342
onnx,-0.0500,2.9700,0.002430,0.026320
onnx,-0.0500,2.9800,0.002428,0.026299
onnx,-0.0500,2.9900,0.002426,0.026277
onnx,-0.0500,3.0000,0.002424,0.026255
onnx,-0.0500,3.0100,0.002422,0.026233
onnx,-0.0500,3.0200,0.002420,0.026210
onnx,-0.0500,3.0300,0.002417,0.026188
onnx,-0.0500,3.0400,0.002415,0.026165
onnx,-0.0500,3.0500,0.002413,0.026142
onnx,-0.0500,3.0600,0.002411,0.026118
onnx,-0.0500,3.0700,0.002409,0.026095
onnx,-0.0500,3.0800,0.002407,0.026071
onnx,-0.0500,3.0900,0.002405,0.026047
onnx,-0.0500,3.1000,0.002403,0.026023
onnx,-0.0500,3.1100,0.002400,0.025999
onnx,-0.0500,3.1200,0.002398,0.025974
onnx,-0.0500,3.1300,0.002396,0.025949
onnx,-0.0500,3.1400,0.002394,0.025924
onnx,-0.0500,3.1500,0.002391,0.025899
onnx,-0.0500,3.1600,0.002389,0.025873
onnx,-0.0500,3.1700,0.002387,0.025848
onnx,-0.0500,3.1800,0.002384,0.025822
onnx,-0.0500,3.1900,0.002382,0.025796
onnx,-0.0500,3.2000,0.002379,0.025769
onnx,-0.0500,3.2100,0.002377,0.025743
onnx,-0.0500,3.2200,0.002375,0.025716
onnx,-0.0500,3.2300,0.002372,0.025689
onnx,-0.0500,3.2400,0.002370,0.025662
onnx,-0.0500,3.2500,0.002367,0.025635
onnx,-0.0500,3.2600,0.002365,0.025607
onnx,-0.0500,3.2700,0.002362,0.025579
onnx,-0.0500,3.2800,0.002360,0.025551
onnx,-0.0500,3.2900,0.002357,0.025523
onnx,-0.0500,3.3000,0.002354,0.025495
onnx,-0.0500,3.3100,0.002352,0.025466
onnx,-0.0500,3.3200,0.002349,0.025437
onnx,-0.0500,3.3300,0.002347,0.025408
onnx,-0.0500,3.3400,0.002344,0.025379
onnx,-0.0500,3.3500,0.002341,0.025350
onnx,-0.0500,3.3600,0.002339,0.025320
onnx,-0.0500,3.3700,0.002336,0.025290
onnx,-0.0500,3.3800,0.002333,0.025261
onnx,-0.0500,3.3900,0.002330,0.025230
onnx,-0.0500,3.4000,0.002328,0.025200
onnx,-0.0500,3.4100,0.002325,0.025169
onnx,-0.0500,3.4200,0.002322,0.025139
onnx,-0.0500,3.4300,0.002319,0.025108
onnx,-0.0500,3.4400,0.002316,0.025077
onnx,-0.0500,3.4500,0.002313,0.025045
onnx,-0.0500,3.4600,0.002311,0.025014
onnx,-0.0500,3.4700,0.002308,0.024982
onnx,-0.0500,3.4800,0.002305,0.024950
onnx,-0.0500,3.4900,0.002302,0.024918
onnx,-0.0500,3.5000,0.002299,0.024886
onnx,-0.0500,3.5100,0.002296,0.024853
onnx,-0.0500,3.5200,0.002293,0.024821
onnx,-0.0500,3.5300,0.002290,0.024788
onnx,-0.0500,3.5400,0.002287,0.024755
onnx,-0.0500,3.5500,0.002284,0.024721
onnx,-0.0500,3.5600,0.002281,0.024688
onnx,-0.0500,3.5700,0.002278,0.024654
onnx,-0.0500,3.5800,0.002275,0.024621
onnx,-0.0500,3.5900,0.002272,0.024587
onnx,-0.0500,3.6000,0.002268,0.024553
onnx,-0.0500,3.6100,0.002265,0.024518
onnx,-0.0500,3.6200,0.002262,0.024484
onnx,-0.0500,3.6300,0.002259,0.024449
onnx,-0.0500,3.6400,0.002256,0.024414
onnx,-0.0500,3.6500,0.002253,0.024379
onnx,-0.0500,3.6600,0.002249,0.024344
onnx,-0.0500,3.6700,0.002246,0.024308
onnx,-0.0500,3.6800,0.002243,0.024273
onnx,-0.0500,3.6900,0.002240,0.024237
onnx,-0.0500,3.7000,0.002236,0.024201
onnx,-0.0500,3.7100,0.002233,0.024165
onnx,-0.0500,3.7200,0.002230,0.024129
onnx,-0.0500,3.7300,0.002226,0.024092
onnx,-0.0500,3.7400,0.002223,0.024056
onnx,-0.0500,3.7500,0.002220,0.024019
onnx,-0.0500,3.7600,0.002216,0.023982
onnx,-0.0500,3.7700,0.002213,0.023945
onnx,-0.0500,3.7800,0.002209,0.023907
onnx,-0.0500,3.7900,0.002206,0.023870
onnx,-0.0500,3.8000,0.002203,0.023832
onnx,-0.0500,3.8100,0.002199,0.023794
onnx,-0.0500,3.8200,0.002196,0.023756
onnx,-0.0500,3.8300,0.002192,0.023718
onnx,-0.0500,3.8400,0.002189,0.023680
onnx,-0.0500,3.8500,0.002185,0.023641
onnx,-0.0500,3.8600,0.002182,0.023603
onnx,-0.0500,3.8700,0.002178,0.023564
onnx,-0.0500,3.8800,0.002174,0.023525
onnx,-0.0500,3.8900,0.002171,0.023486
onnx,-0.0500,3.9000,0.002167,0.023446
onnx,-0.0500,3.9100,0.002164,0.023407
onnx,-0.0500,3.9200,0.002160,0.023367
onnx,-0.0500,3.9300,0.002156,0.023327
onnx,-0.0500,3.9400,0.002153,0.023287
onnx,-0.0500,3.9500,0.002149,0.023247
onnx,-0.0500,3.9600,0.002145,0.023207
onnx,-0.0500,3.9700,0.002142,0.023166
onnx,-0.0500,3.9800,0.002138,0.023126
onnx,-0.0500,3.9900,0.002134,0.023085
onnx,-0.0500,4.0000,0.002130,0.023044
onnx,-0.0500,4.0100,0.002127,0.023003
onnx,-0.0500,4.0200,0.002123,0.022962
onnx,-0.0500,4.0300,0.002119,0.022921
onnx,-0.0500,4.0400,0.002115,0.022879
onnx,-0.0500,4.0500,0.002111,0.022837
onnx,-0.0500,4.0600,0.002108,0.022795
onnx,-0.0500,4.0700,0.002104,0.022753
onnx,-0.0500,4.0800,0.002100,0.022711
onnx,-0.0500,4.0900,0.002096,0.022669
onnx,-0.0500,4.1000,0.002092,0.022627
onnx,-0.0500,4.1100,0.002088,0.022584
onnx,-0.0500,4.1200,0.002084,0.022541
onnx,-0.0500,4.1300,0.002080,0.022498
onnx,-0.0500,4.1400,0.002076,0.022455
onnx,-0.0500,4.1500,0.002073,0.022412
onnx,-0.0500,4.1600,0.002069,0.022369
onnx,-0.0500,4.1700,0.002065,0.022325
onnx,-0.0500,4.1800,0.002061,0.022282
onnx,-0.0500,4.1900,0.002057,0.022238
onnx,-0.0500,4.2000,0.002053,0.022194
onnx,-0.0500,4.2100,0.002049,0.022150
onnx,-0.0500,4.2200,0.002044,0.022106
onnx,-0.0500,4.2300,0.002040,0.022062
onnx,-0.0500,4.2400,0.002036,0.022017
onnx,-0.0500,4.2500,0.002032,0.021973
onnx,-0.0500,4.2600,0.002028,0.021928
onnx,-0.0500,4.2700,0.002024,0.021883
onnx,-0.0500,4.2800,0.002020,0.021838
onnx,-0.0500,4.2900,0.002016,0.021793
onnx,-0.0500,4.3000,0.002012,0.021748
onnx,-0.0500,4.3100,0.002007,0.021702
onnx,-0.0500,4.3200,0.002003,0.021657
onnx,-0.0500,4.3300,0.001999,0.021611
onnx,-0.0500,4.3400,0.001995,0.021565
onnx,-0.0500,4.3500,0.001991,0.021519
onnx,-0.0500,4.3600,0.001986,0.021473
onnx,-0.0500,4.3700,0.001982,0.021427
onnx,-0.0500,4.3800,0.001978,0.021381
onnx,-0.0500,4.3900,0.001974,0.021334
onnx,-0.0500,4.4000,0.001969,0.021288
onnx,-0.0500,4.4100,0.001965,0.021241
onnx,-0.0500,4.4200,0.001961,0.021194
onnx,-0.0500,4.4300,0.001956,0.021147
onnx,-0.0500,4.4400,0.001952,0.021100
onnx,-0.0500,4.4500,0.001948,0.021053
onnx,-0.0500,4.4600,0.001943,0.021006
onnx,-0.0500,4.4700,0.001939,0.020958
onnx,-0.0500,4.4800,0.001935,0.020910
onnx,-0.0500,4.4900,0.001930,0.020863
onnx,-0.0500,4.5000,0.001926,0.020815
onnx,-0.0500,4.5100,0.001922,0.020767
onnx,-0.0500,4.5200,0.001917,0.020719
onnx,-0.0500,4.5300,0.001913,0.020671
onnx,-0.0500,4.5400,0.001908,0.020622
onnx,-0.0500,4.5500,0.001904,0.020574
onnx,-0.0500,4.5600,0.001899,0.020525
onnx,-0.0500,4.5700,0.001895,0.020477
onnx,-0.0500,4.5800,0.001890,0.020428
onnx,-0.0500,4.5900,0.001886,0.020379
onnx,-0.0500,4.6000,0.001881,0.020330
onnx,-0.0500,4.6100,0.001877,0.020281
onnx,-0.0500,4.6200,0.001872,0.020232
onnx,-0.0500,4.6300,0.001868,0.020182
onnx,-0.0500,4.6400,0.001863,0.020133
onnx,-0.0500,4.6500,0.001859,0.020083
onnx,-0.0500,4.6600,0.001854,0.020034
onnx,-0.0500,4.6700,0.001850,0.019984
onnx,-0.0500,4.6800,0.001845,0.019934
onnx,-0.0500,4.6900,0.001841,0.019884
onnx,-0.0500,4.7000,0.001836,0.019834
onnx,-0.0500,4.7100,0.001831,0.019784
onnx,-0.0500,4.7200,0.001827,0.019733
onnx,-0.0500,4.7300,0.001822,0.019683
onnx,-0.0500,4.7400,0.001817,0.019633
onnx,-0.0500,4.7500,0.001813,0.019582
onnx,-0.0500,4.7600,0.001808,0.019531
onnx,-0.0500,4.7700,0.001803,0.019480
onnx,-0.0500,4.7800,0.001799,0.019429
onnx,-0.0500,4.7900,0.001794,0.019378
onnx,-0.0500,4.8000,0.001789,0.019327
onnx,-0.0500,4.8100,0.001785,0.019276
onnx,-0.0500,4.8200,0.001780,0.019225
onnx,-0.0500,4.8300,0.001775,0.019173
onnx,-0.0500,4.8400,0.001770,0.019122
onnx,-0.0500,4.8500,0.001766,0.019070
onnx,-0.0500,4.8600,0.001761,0.019018
onnx,-0.0500,4.8700,0.001756,0.018966
onnx,-0.0500,4.8800,0.001751,0.018914
onnx,-0.0500,4.8900,0.001747,0.018862
onnx,-0.0500,4.9000,0.001742,0.018810
onnx,-0.0500,4.9100,0.001737,0.018758
onnx,-0.0500,4.9200,0.001732,0.018706
onnx,-0.0500,4.9300,0.001727,0.018653
onnx,-0.0500,4.9400,0.001723,0.018601
onnx,-0.0500,4.9500,0.001718,0.018548
onnx,-0.0500,4.9600,0.001713,0.018496
onnx,-0.0500,4.9700,0.001708,0.018443
onnx,-0.0500,4.9800,0.001703,0.018390
onnx,-0.0500,4.9900,0.001698,0.018337
onnx,-0.0500,5.0000,0.001693,0.018284
onnx,-0.0500,5.0100,0.001689,0.018231
onnx,-0.0500,5.0200,0.001684,0.018178
onnx,-0.0500,5.0300,0.001679,0.018125
onnx,-0.0500,5.0400,0.001674,0.018071
onnx,-0.0500,5.0500,0.001669,0.018018
onnx,-0.0500,5.0600,0.001664,0.017964
onnx,-0.0500,5.0700,0.001659,0.017911
onnx,-0.0500,5.0800,0.001654,0.017857
onnx,-0.0500,5.0900,0.001649,0.017803
onnx,-0.0500,5.1000,0.001644,0.017750
onnx,-0.0500,5.1100,0.001639,0.017696
onnx,-0.0500,5.1200,0.001634,0.017642
onnx,-0.0500,5.1300,0.001629,0.017588
onnx,-0.0500,5.1400,0.001624,0.017533
onnx,-0.0500,5.1500,0.001619,0.017479
onnx,-0.0500,5.1600,0.001614,0.017425
onnx,-0.0500,5.1700,0.001609,0.017370
onnx,-0.0500,5.1800,0.001604,0.017316
onnx,-0.0500,5.1900,0.001599,0.017261
onnx,-0.0500,5.2000,0.001594,0.017207
onnx,-0.0500,5.2100,0.001589,0.017152
onnx,-0.0500,5.2200,0.001584,0.017097
onnx,-0.0500,5.2300,0.001579,0.017043
onnx,-0.0500,5.2400,0.001574,0.016988
onnx,-0.0500,5.2500,0.001569,0.016933
onnx,-0.0500,5.2600,0.001564,0.016878
onnx,-0.0500,5.2700,0.001559,0.016823
onnx,-0.0500,5.2800,0.001554,0.016767
onnx,-0.0500,5.2900,0.001549,0.016712
onnx,-0.0500,5.3000,0.001544,0.016657
onnx,-0.0500,5.3100,0.001539,0.016602
onnx,-0.0500,5.3200,0.001534,0.016546
onnx,-0.0500,5.3300,0.001529,0.016491
onnx,-0.0500,5.3400,0.001523,0.016435
onnx,-0.0500,5.3500,0.001518,0.016380
onnx,-0.0500,5.3600,0.001513,0.016324
onnx,-0.0500,5.3700,0.001508,0.016268
onnx,-0.0500,5.3800,0.001503,0.016212
onnx,-0.0500,5.3900,0.001498,0.016156
onnx,-0.0500,5.4000,0.001493,0.016101
onnx,-0.0500,5.4100,0.001487,0.016045
onnx,-0.0500,5.4200,0.001482,0.015988
onnx,-0.0500,5.4300,0.001477,0.015932
onnx,-0.0500,5.4400,0.001472,0.015876
onnx,-0.0500,5.4500,0.001467,0.015820
onnx,-0.0500,5.4600,0.001462,0.015764
onnx,-0.0500,5.4700,0.001456,0.015707
onnx,-0.0500,5.4800,0.001451,0.015651
onnx,-0.0500,5.4900,0.001446,0.015595
onnx,-0.0500,5.5000,0.001441,0.015538
onnx,-0.0500,5.5100,0.001436,0.015482
onnx,-0.0500,5.5200,0.001430,0.015425
onnx,-0.0500,5.5300,0.001425,0.015368
onnx,-0.0500,5.5400,0.001420,0.015312
onnx,-0.0500,5.5500,0.001415,0.015255
onnx,-0.0500,5.5600,0.001410,0.015198
onnx,-0.0500,5.5700,0.001404,0.015141
onnx,-0.0500,5.5800,0.001399,0.015084
onnx,-0.0500,5.5900,0.001394,0.015027
onnx,-0.0500,5.6000,0.001389,0.014970
onnx,-0.0500,5.6100,0.001383,0.014913
onnx,-0.0500,5.6200,0.001378,0.014856
onnx,-0.0500,5.6300,0.001373,0.014799
onnx,-0.0500,5.6400,0.001368,0.014742
onnx,-0.0500,5.6500,0.001362,0.014685
onnx,-0.0500,5.6600,0.001357,0.014628
onnx,-0.0500,5.6700,0.001352,0.014570
onnx,-0.0500,5.6800,0.001346,0.014513
onnx,-0.0500,5.6900,0.001341,0.014456
onnx,-0.0500,5.7000,0.001336,0.014398
onnx,-0.0500,5.7100,0.001331,0.014341
onnx,-0.0500,5.7200,0.001325,0.014283
onnx,-0.0500,5.7300,0.001320,0.014226
onnx,-0.0500,5.7400,0.001315,0.014168
onnx,-0.0500,5.7500,0.001309,0.014111
onnx,-0.0500,5.7600,0.001304,0.014053
onnx,-0.0500,5.7700,0.001299,0.013995
onnx,-0.0500,5.7800,0.001294,0.013937
onnx,-0.0500,5.7900,0.001288,0.013880
onnx,-0.0500,5.8000,0.001283,0.013822
onnx,-0.0500,5.8100,0.001278,0.013764
onnx,-0.0500,5.8200,0.001272,0.013706
onnx,-0.0500,5.8300,0.001267,0.013648
onnx,-0.0500,5.8400,0.001262,0.013591
onnx,-0.0500,5.8500,0.001256,0.013533
onnx,-0.0500,5.8600,0.001251,0.013475
onnx,-0.0500,5.8700,0.001246,0.013417
onnx,-0.0500,5.8800,0.001240,0.013359
onnx,-0.0500,5.8900,0.001235,0.013301
onnx,-0.0500,5.9000,0.001229,0.013242
onnx,-0.0500,5.9100,0.001224,0.013184
onnx,-0.0500,5.9200,0.001219,0.013126
onnx,-0.0500,5.9300,0.001213,0.013068
onnx,-0.0500,5.9400,0.001208,0.013010
onnx,-0.0500,5.9500,0.001203,0.012952
onnx,-0.0500,5.9600,0.001197,0.012893
onnx,-0.0500,5.9700,0.001192,0.012835
onnx,-0.0500,5.9800,0.001187,0.012777
onnx,-0.0500,5.9900,0.001181,0.012719
onnx,-0.0500,6.0000,0.001176,0.012660
onnx,-0.0500,6.0100,0.001170,0.012602
onnx,-0.0500,6.0200,0.001165,0.012543
onnx,-0.0500,6.0300,0.001160,0.012485
onnx,-0.0500,6.0400,0.001154,0.012427
onnx,-0.0500,6.0500,0.001149,0.012368
onnx,-0.0500,6.0600,0.001144,0.012310
onnx,-0.0500,6.0700,0.001138,0.012251
onnx,-0.0500,6.0800,0.001133,0.012193
onnx,-0.0500,6.0900,0.001127,0.012134
onnx,-0.0500,6.1000,0.001122,0.012076
onnx,-0.0500,6.1100,0.001117,0.012017
onnx,-0.0500,6.1200,0.001111,0.011959
onnx,-0.0500,6.1300,0.001106,0.011900
onnx,-0.0500,6.1400,0.001100,0.011842
onnx,-0.0500,6.1500,0.001095,0.011783
onnx,-0.0500,6.1600,0.001090,0.011725
onnx,-0.0500,6.1700,0.001084,0.011666
onnx,-0.0500,6.1800,0.001079,0.011607
onnx,-0.0500,6.1900,0.001073,0.011549
onnx,-0.0500,6.2000,0.001068,0.011490
onnx,-0.0500,6.2100,0.001063,0.011432
onnx,-0.0500,6.2200,0.001057,0.011373
onnx,-0.0500,6.2300,0.001052,0.011314
onnx,-0.0500,6.2400,0.001046,0.011256
onnx,-0.0500,6.2500,0.001041,0.011197
onnx,-0.0500,6.2600,0.001036,0.011138
onnx,-0.0500,6.2700,0.001030,0.011080
onnx,-0.0500,6.2800,0.001025,0.011021
onnx,-0.0500,6.2900,0.001019,0.010962
onnx,-0.0500,6.3000,0.001014,0.010904
onnx,-0.0500,6.3100,0.001009,0.010845
onnx,-0.0500,6.3200,0.001003,0.010786
onnx,-0.0500,6.3300,0.000998,0.010728
onnx,-0.0500,6.3400,0.000992,0.010669
onnx,-0.0500,6.3500,0.000987,0.010610
onnx,-0.0500,6.3600,0.000982,0.010551
onnx,-0.0500,6.3700,0.000976,0.010493
onnx,-0.0500,6.3800,0.000971,0.010434
onnx,-0.0500,6.3900,0.000965,0.010375
onnx,-0.0500,6.4000,0.000960,0.010317
onnx,-0.0500,6.4100,0.000954,0.010258
onnx,-0.0500,6.4200,0.000949,0.010199
onnx,-0.0500,6.4300,0.000944,0.010141
onnx,-0.0500,6.4400,0.000938,0.010082
onnx,-0.0500,6.4500,0.000933,0.010023
onnx,-0.0500,6.4600,0.000927,0.009965
onnx,-0.0500,6.4700,0.000922,0.009906
onnx,-0.0500,6.4800,0.000917,0.009847
onnx,-0.0500,6.4900,0.000911,0.009789
onnx,-0.0500,6.5000,0.000906,0.009730
onnx,-0.0500,6.5100,0.000900,0.009672
onnx,-0.0500,6.5200,0.000895,0.009613
onnx,-0.0500,6.5300,0.000890,0.009554
onnx,-0.0500,6.5400,0.000884,0.009496
onnx,-0.0500,6.5500,0.000879,0.009437
onnx,-0.0500,6.5600,0.000873,0.009379
onnx,-0.0500,6.5700,0.000868,0.009320
onnx,-0.0500,6.5800,0.000863,0.009262
onnx,-0.0500,6.5900,0.000857,0.009203
onnx,-0.0500,6.6000,0.000852,0.009145
onnx,-0.0500,6.6100,0.000846,0.009086
onnx,-0.0500,6.6200,0.000841,0.009028
onnx,-0.0500,6.6300,0.000836,0.008969
onnx,-0.0500,6.6400,0.000830,0.008911
onnx,-0.0500,6.6500,0.000825,0.008852
onnx,-0.0500,6.6600,0.000819,0.008794
onnx,-0.0500,6.6700,0.000814,0.008735
onnx,-0.0500,6.6800,0.000809,0.008677
onnx,-0.0500,6.6900,0.000803,0.008619
onnx,-0.0500,6.7000,0.000798,0.008560
onnx,-0.0500,6.7100,0.000793,0.008502
onnx,-0.0500,6.7200,0.000787,0.008444
onnx,-0.0500,6.7300,0.000782,0.008385
onnx,-0.0500,6.7400,0.000776,0.008327
onnx,-0.0500,6.7500,0.000771,0.008269
onnx,-0.0500,6.7600,0.000766,0.008211
onnx,-0.0500,6.7700,0.000760,0.008153
onnx,-0.0500,6.7800,0.000755,0.008094
onnx,-0.0500,6.7900,0.000750,0.008036
onnx,-0.0500,6.8000,0.000744,0.007978
onnx,-0.0500,6.8100,0.000739,0.007920
onnx,-0.0500,6.8200,0.000734,0.007862
onnx,-0.0500,6.8300,0.000728,0.007804
onnx,-0.0500,6.8400,0.000723,0.007746
onnx,-0.0500,6.8500,0.000717,0.007688
onnx,-0.0500,6.8600,0.000712,0.007630
onnx,-0.0500,6.8700,0.000707,0.007572
onnx,-0.0500,6.8800,0.000701,0.007514
onnx,-0.0500,6.8900,0.000696,0.007456
onnx,-0.0500,6.9000,0.000691,0.007399
onnx,-0.0500,6.9100,0.000685,0.007341
onnx,-0.0500,6.9200,0.000680,0.007283
onnx,-0.0500,6.9300,0.000675,0.007225
onnx,-0.0500,6.9400,0.000669,0.007168
onnx,-0.0500,6.9500,0.000664,0.007110
onnx,-0.0500,6.9600,0.000659,0.007052
onnx,-0.0500,6.9700,0.000653,0.006995
onnx,-0.0500,6.9800,0.000648,0.006937
onnx,-0.0500,6.9900,0.000643,0.006880
onnx,-0.0500,7.0000,0.000638,0.006822
onnx,-0.0500,7.0100,0.000632,0.006765
onnx,-0.0500,7.0200,0.000627,0.006707
onnx,-0.0500,7.0300,0.000622,0.006650
onnx,-0.0500,7.0400,0.000616,0.006592
onnx,-0.0500,7.0500,0.000611,0.006535
onnx,-0.0500,7.0600,0.000606,0.006478
onnx,-0.0500,7.0700,0.000601,0.006421
onnx,-0.0500,7.0800,0.000595,0.006363
onnx,-0.0500,7.0900,0.000590,0.006306
onnx,-0.0500,7.1000,0.000585,0.006249
onnx,-0.0500,7.1100,0.000579,0.006192
onnx,-0.0500,7.1200,0.000574,0.006135
onnx,-0.0500,7.1300,0.000569,0.006078
onnx,-0.0500,7.1400,0.000564,0.006021
onnx,-0.0500,7.1500,0.000558,0.005964
onnx,-0.0500,7.1600,0.000553,0.005907
onnx,-0.0500,7.1700,0.000548,0.005850
onnx,-0.0500,7.1800,0.000543,0.005794
onnx,-0.0500,7.1900,0.000537,0.005737
onnx,-0.0500,7.2000,0.000532,0.005680
onnx,-0.0500,7.2100,0.000527,0.005623
onnx,-0.0500,7.2200,0.000522,0.005567
onnx,-0.0500,7.2300,0.000516,0.005510
onnx,-0.0500,7.2400,0.000511,0.005454
onnx,-0.0500,7.2500,0.000506,0.005397
onnx,-0.0500,7.2600,0.000501,0.005341
onnx,-0.0500,7.2700,0.000496,0.005285
onnx,-0.0500,7.2800,0.000490,0.005228
onnx,-0.0500,7.2900,0.000485,0.005172
onnx,-0.0500,7.3000,0.000480,0.005116
onnx,-0.0500,7.3100,0.000475,0.005060
onnx,-0.0500,7.3200,0.000470,0.005004
onnx,-0.0500,7.3300,0.000465,0.004947
onnx,-0.0500,7.3400,0.000459,0.004891
onnx,-0.0500,7.3500,0.000454,0.004836
onnx,-0.0500,7.3600,0.000449,0.004780
onnx,-0.0500,7.3700,0.000444,0.004724
onnx,-0.0500,7.3800,0.000439,0.004668
onnx,-0.0500,7.3900,0.000434,0.004612
onnx,-0.0500,7.4000,0.000428,0.004557
onnx,-0.0500,7.4100,0.000423,0.004501
onnx,-0.0500,7.4200,0.000418,0.004445
onnx,-0.0500,7.4300,0.000413,0.004390
onnx,-0.0500,7.4400,0.000408,0.004334
onnx,-0.0500,7.4500,0.000403,0.004279
onnx,-0.0500,7.4600,0.000398,0.004224
onnx,-0.0500,7.4700,0.000393,0.004168
onnx,-0.0500,7.4800,0.000387,0.004113
onnx,-0.0500,7.4900,0.000382,0.004058
onnx,-0.0500,7.5000,0.000377,0.004003
onnx,-0.0500,7.5100,0.000372,0.003948
onnx,-0.0500,7.5200,0.000367,0.003893
onnx,-0.0500,7.5300,0.000362,0.003838
onnx,-0.0500,7.5400,0.000357,0.003783
onnx,-0.0500,7.5500,0.000352,0.003728
onnx,-0.0500,7.5600,0.000347,0.003673
onnx,-0.0500,7.5700,0.000342,0.003619
onnx,-0.0500,7.5800,0.000337,0.003564
onnx,-0.0500,7.5900,0.000332,0.003509
onnx,-0.0500,7.6000,0.000327,0.003455
onnx,-0.0500,7.6100,0.000322,0.003401
onnx,-0.0500,7.6200,0.000317,0.003346
onnx,-0.0500,7.6300,0.000312,0.003292
onnx,-0.0500,7.6400,0.000307,0.003238
onnx,-0.0500,7.6500,0.000302,0.003183
onnx,-0.0500,7.6600,0.000297,0.003129
onnx,-0.0500,7.6700,0.000292,0.003075
onnx,-0.0500,7.6800,0.000287,0.003021
onnx,-0.0500,7.6900,0.000282,0.002967
onnx,-0.0500,7.7000,0.000277,0.002914
onnx,-0.0500,7.7100,0.000272,0.002860
onnx,-0.0500,7.7200,0.000267,0.002806
onnx,-0.0500,7.7300,0.000262,0.002752
onnx,-0.0500,7.7400,0.000257,0.002699
onnx,-0.0500,7.7500,0.000252,0.002645
onnx,-0.0500,7.7600,0.000247,0.002592
onnx,-0.0500,7.7700,0.000242,0.002539
onnx,-0.0500,7.7800,0.000237,0.002485
onnx,-0.0500,7.7900,0.000232,0.002432
onnx,-0.0500,7.8000,0.000227,0.002379
onnx,-0.0500,7.8100,0.000222,0.002326
onnx,-0.0500,7.8200,0.000218,0.002273
onnx,-0.0500,7.8300,0.000213,0.002220
onnx,-0.0500,7.8400,0.000208,0.002167
onnx,-0.0500,7.8500,0.000203,0.002114
onnx,-0.0500,7.8600,0.000198,0.002062
onnx,-0.0500,7.8700,0.000193,0.002009
onnx,-0.0500,7.8800,0.000188,0.001956
onnx,-0.0500,7.8900,0.000183,0.001904
onnx,-0.0500,7.9000,0.000179,0.001851
onnx,-0.0500,7.9100,0.000174,0.001799
onnx,-0.0500,7.9200,0.000169,0.001747
onnx,-0.0500,7.9300,0.000164,0.001695
onnx,-0.0500,7.9400,0.000159,0.001643
onnx,-0.0500,7.9500,0.000154,0.001591
onnx,-0.0500,7.9600,0.000150,0.001539
onnx,-0.0500,7.9700,0.000145,0.001487
onnx,-0.0500,7.9800,0.000140,0.001435
onnx,-0.0500,7.9900,0.000135,0.001383
onnx,-0.0500,8.0000,0.000131,0.001332
onnx,-0.0500,8.0100,0.000126,0.001280
onnx,-0.0500,8.0200,0.000121,0.001229
onnx,-0.0500,8.0300,0.000116,0.001177
onnx,-0.0500,8.0400,0.000112,0.001126
onnx,-0.0500,8.0500,0.000107,0.001075
onnx,-0.0500,8.0600,0.000102,0.001024
onnx,-0.0500,8.0700,0.000097,0.000973
onnx,-0.0500,8.0800,0.000093,0.000922
onnx,-0.0500,8.0900,0.000088,0.000871
onnx,-0.0500,8.1000,0.000083,0.000820
onnx,-0.0500,8.1100,0.000079,0.000769
onnx,-0.0500,8.1200,0.000074,0.000718
onnx,-0.0500,8.1300,0.000069,0.000668
onnx,-0.0500,8.1400,0.000065,0.000617
onnx,-0.0500,8.1500,0.000060,0.000567
onnx,-0.0500,8.1600,0.000055,0.000517
onnx,-0.0500,8.1700,0.000051,0.000466
onnx,-0.0500,8.1800,0.000046,0.000416
onnx,-0.0500,8.1900,0.000041,0.000366
onnx,-0.0500,8.2000,0.000037,0.000316
onnx,-0.0500,8.2100,0.000032,0.000266
onnx,-0.0500,8.2200,0.000027,0.000217
onnx,-0.0500,8.2300,0.000023,0.000167
onnx,-0.0500,8.2400,0.000018,0.000117
onnx,-0.0500,8.2500,0.000014,0.000068
onnx,-0.0500,8.2600,0.000009,0.000018
onnx,-0.0500,8.2700,0.000005,-0.000031
onnx,-0.0500,8.2800,0.000000,-0.000080
onnx,-0.0500,8.2900,-0.000005,-0.000129
onnx,-0.0500,8.3000,-0.000009,-0.000179
onnx,-0.0500,8.3100,-0.000014,-0.000228
onnx,-0.0500,8.3200,-0.000018,-0.000276
onnx,-0.0500,8.3300,-0.000023,-0.000325
onnx,-0.0500,8.3400,-0.000027,-0.000374
onnx,-0.0500,8.3500,-0.000032,-0.000423
onnx,-0.0500,8.3600,-0.000036,-0.000471
onnx,-0.0500,8.3700,-0.000041,-0.000520
onnx,-0.0500,8.3800,-0.000045,-0.000568
onnx,-0.0500,8.3900,-0.000050,-0.000616
onnx,-0.0500,8.4000,-0.000054,-0.000664
onnx,-0.0500,8.4100,-0.000058,-0.000712
onnx,-0.0500,8.4200,-0.000063,-0.000760
onnx,-0.0500,8.4300,-0.000067,-0.000808
onnx,-0.0500,8.4400,-0.000072,-0.000856
onnx,-0.0500,8.4500,-0.000076,-0.000904
onnx,-0.0500,8.4600,-0.000081,-0.000951
onnx,-0.0500,8.4700,-0.000085,-0.000999
onnx,-0.0500,8.4800,-0.000089,-0.001046
onnx,-0.0500,8.4900,-0.000094,-0.001094
onnx,-0.0500,8.5000,-0.000098,-0.001141
onnx,-0.0500,8.5100,-0.000102,-0.001188
onnx,-0.0500,8.5200,-0.000107,-0.001235
onnx,-0.0500,8.5300,-0.000111,-0.001282
onnx,-0.0500,8.5400,-0.000115,-0.001329
onnx,-0.0500,8.5500,-0.000120,-0.001375
onnx,-0.0500,8.5600,-0.000124,-0.001422
onnx,-0.0500,8.5700,-0.000128,-0.001469
onnx,-0.0500,8.5800,-0.000133,-0.001515
onnx,-0.0500,8.5900,-0.000137,-0.001561
onnx,-0.0500,8.6000,-0.000141,-0.001608
onnx,-0.0500,8.6100,-0.000145,-0.001654
onnx,-0.0500,8.6200,-0.000150,-0.001700
onnx,-0.0500,8.6300,-0.000154,-0.001746
onnx,-0.0500,8.6400,-0.000158,-0.001792
onnx,-0.0500,8.6500,-0.000162,-0.001837
onnx,-0.0500,8.6600,-0.000167,-0.001883
onnx,-0.0500,8.6700,-0.000171,-0.001928
onnx,-0.0500,8.6800,-0.000175,-0.001974
onnx,-0.0500,8.6900,-0.000179,-0.002019
onnx,-0.0500,8.7000,-0.000183,-0.002065
onnx,-0.0500,8.7100,-0.000188,-0.002110
onnx,-0.0500,8.7200,-0.000192,-0.002155
onnx,-0.0500,8.7300,-0.000196,-0.002200
onnx,-0.0500,8.7400,-0.000200,-0.002244
onnx,-0.0500,8.7500,-0.000204,-0.002289
onnx,-0.0500,8.7600,-0.000208,-0.002334
onnx,-0.0500,8.7700,-0.000213,-0.002378
onnx,-0.0500,8.7800,-0.000217,-0.002423
onnx,-0.0500,8.7900,-0.000221,-0.002467
onnx,-0.0500,8.8000,-0.000225,-0.002511
onnx,-0.0500,8.8100,-0.000229,-0.002555
onnx,-0.0500,8.8200,-0.000233,-0.002599
onnx,-0.0500,8.8300,-0.000237,-0.002643
onnx,-0.0500,8.8400,-0.000241,-0.002687
onnx,-0.0500,8.8500,-0.000245,-0.002731
onnx,-0.0500,8.8600,-0.000249,-0.002774
onnx,-0.0500,8.8700,-0.000253,-0.002818
onnx,-0.0500,8.8800,-0.000257,-0.002861
onnx,-0.0500,8.8900,-0.000261,-0.002904
onnx,-0.0500,8.9000,-0.000265,-0.002947
onnx,-0.0500,8.9100,-0.000269,-0.002990
onnx,-0.0500,8.9200,-0.000273,-0.003033
onnx,-0.0500,8.9300,-0.000277,-0.003076
onnx,-0.0500,8.9400,-0.000281,-0.003119
onnx,-0.0500,8.9500,-0.000285,-0.003162
onnx,-0.0500,8.9600,-0.000289,-0.003204
onnx,-0.0500,8.9700,-0.000293,-0.003246
onnx,-0.0500,8.9800,-0.000297,-0.003289
onnx,-0.0500,8.9900,-0.000301,-0.003331
onnx,-0.0500,9.0000,-0.000305,-0.003373
onnx,-0.0500,9.0100,-0.000308,-0.003415
onnx,-0.0500,9.0200,-0.000312,-0.003457
onnx,-0.0500,9.0300,-0.000316,-0.003499
onnx,-0.0500,9.0400,-0.000320,-0.003540
onnx,-0.0500,9.0500,-0.000324,-0.003582
onnx,-0.0500,9.0600,-0.000328,-0.003623
onnx,-0.0500,9.0700,-0.000332,-0.003664
onnx,-0.0500,9.0800,-0.000335,-0.003706
onnx,-0.0500,9.0900,-0.000339,-0.003747
onnx,-0.0500,9.1000,-0.000343,-0.003788
onnx,-0.0500,9.1100,-0.000347,-0.003828
onnx,-0.0500,9.1200,-0.000351,-0.003869
onnx,-0.0500,9.1300,-0.000354,-0.003910
onnx,-0.0500,9.1400,-0.000358,-0.003950
onnx,-0.0500,9.1500,-0.000362,-0.003991
onnx,-0.0500,9.1600,-0.000366,-0.004031
onnx,-0.0500,9.1700,-0.000369,-0.004071
onnx,-0.0500,9.1800,-0.000373,-0.004111
onnx,-0.0500,9.1900,-0.000377,-0.004151
onnx,-0.0500,9.2000,-0.000380,-0.004191
onnx,-0.0500,9.2100,-0.000384,-0.004231
onnx,-0.0500,9.2200,-0.000388,-0.004270
onnx,-0.0500,9.2300,-0.000391,-0.004310
onnx,-0.0500,9.2400,-0.000395,-0.004349
onnx,-0.0500,9.2500,-0.000399,-0.004389
onnx,-0.0500,9.2600,-0.000402,-0.004428
onnx,-0.0500,9.2700,-0.000406,-0.004467
onnx,-0.0500,9.2800,-0.000409,-0.004506
onnx,-0.0500,9.2900,-0.000413,-0.004545
onnx,-0.0500,9.3000,-0.000417,-0.004583
onnx,-0.0500,9.3100,-0.000420,-0.004622
onnx,-0.0500,9.3200,-0.000424,-0.004660
onnx,-0.0500,9.3300,-0.000427,-0.004699
onnx,-0.0500,9.3400,-0.000431,-0.004737
onnx,-0.0500,9.3500,-0.000434,-0.004775
onnx,-0.0500,9.3600,-0.000438,-0.004813
onnx,-0.0500,9.3700,-0.000441,-0.004851
onnx,-0.0500,9.3800,-0.000445,-0.004889
onnx,-0.0500,9.3900,-0.000448,-0.004926
onnx,-0.0500,9.4000,-0.000452,-0.004964
onnx,-0.0500,9.4100,-0.000455,-0.005001
onnx,-0.0500,9.4200,-0.000459,-0.005039
onnx,-0.0500,9.4300,-0.000462,-0.005076
onnx,-0.0500,9.4400,-0.000466,-0.005113
onnx,-0.0500,9.4500,-0.000469,-0.005150
onnx,-0.0500,9.4600,-0.000473,-0.005187
onnx,-0.0500,9.4700,-0.000476,-0.005223
onnx,-0.0500,9.4800,-0.000479,-0.005260
onnx,-0.0500,9.4900,-0.000483,-0.005296
onnx,-0.0500,9.5000,-0.000486,-0.005333
onnx,-0.0500,9.5100,-0.000489,-0.005369
onnx,-0.0500,9.5200,-0.000493,-0.005405
onnx,-0.0500,9.5300,-0.000496,-0.005441
onnx,-0.0500,9.5400,-0.000499,-0.005477
onnx,-0.0500,9.5500,-0.000503,-0.005513
onnx,-0.0500,9.5600,-0.000506,-0.005548
onnx,-0.0500,9.5700,-0.000509,-0.005584
onnx,-0.0500,9.5800,-0.000513,-0.005619
onnx,-0.0500,9.5900,-0.000516,-0.005655
onnx,-0.0500,9.6000,-0.000519,-0.005690
onnx,-0.0500,9.6100,-0.000522,-0.005725
onnx,-0.0500,9.6200,-0.000526,-0.005760
onnx,-0.0500,9.6300,-0.000529,-0.005795
onnx,-0.0500,9.6400,-0.000532,-0.005829
onnx,-0.0500,9.6500,-0.000535,-0.005864
onnx,-0.0500,9.6600,-0.000539,-0.005898
onnx,-0.0500,9.6700,-0.000542,-0.005933
onnx,-0.0500,9.6800,-0.000545,-0.005967
onnx,-0.0500,9.6900,-0.000548,-0.006001
onnx,-0.0500,9.7000,-0.000551,-0.006035
onnx,-0.0500,9.7100,-0.000554,-0.006069
onnx,-0.0500,9.7200,-0.000557,-0.006103
onnx,-0.0500,9.7300,-0.000561,-0.006136
onnx,-0.0500,9.7400,-0.000564,-0.006170
onnx,-0.0500,9.7500,-0.000567,-0.006203
onnx,-0.0500,9.7600,-0.000570,-0.006236
onnx,-0.0500,9.7700,-0.000573,-0.006269
onnx,-0.0500,9.7800,-0.000576,-0.006302
onnx,-0.0500,9.7900,-0.000579,-0.006335
onnx,-0.0500,9.8000,-0.000582,-0.006368
onnx,-0.0500,9.8100,-0.000585,-0.006401
onnx,-0.0500,9.8200,-0.000588,-0.006433
onnx,-0.0500,9.8300,-0.000591,-0.006465
onnx,-0.0500,9.8400,-0.000594,-0.006498
onnx,-0.0500,9.8500,-0.000597,-0.006530
onnx,-0.0500,9.8600,-0.000600,-0.006562
onnx,-0.0500,9.8700,-0.000603,-0.006594
onnx,-0.0500,9.8800,-0.000606,-0.006626
onnx,-0.0500,9.8900,-0.000609,-0.006657
onnx,-0.0500,9.9000,-0.000612,-0.006689
onnx,-0.0500,9.9100,-0.000615,-0.006720
onnx,-0.0500,9.9200,-0.000618,-0.006751
onnx,-0.0500,9.9300,-0.000621,-0.006783
onnx,-0.0500,9.9400,-0.000623,-0.006814
onnx,-0.0500,9.9500,-0.000626,-0.006844
onnx,-0.0500,9.9600,-0.000629,-0.006875
onnx,-0.0500,9.9700,-0.000632,-0.006906
onnx,-0.0500,9.9800,-0.000635,-0.006936
onnx,-0.0500,9.9900,-0.000638,-0.006967
onnx,-0.0500,10.0000,-0.000640,0.000000
pd,0.1000,0.0000,0.100000,12.000000
pd,0.1000,0.0100,0.099206,8.959512
pd,0.1000,0.0200,0.097042,6.576078
pd,0.1000,0.0300,0.093900,4.714300
pd,0.1000,0.0400,0.090085,3.266418
pd,0.1000,0.0500,0.085829,2.146570
pd,0.1000,0.0600,0.081314,1.286298
pd,0.1000,0.0700,0.076677,0.631021
pd,0.1000,0.0800,0.072021,0.137239
pd,0.1000,0.0900,0.067422,-0.229692
pd,0.1000,0.1000,0.062936,-0.497333
pd,0.1000,0.1100,0.058602,-0.687577
pd,0.1000,0.1200,0.054447,-0.817793
pd,0.1000,0.1300,0.050488,-0.901731
pd,0.1000,0.1400,0.046734,-0.950256
pd,0.1000,0.1500,0.043189,-0.971932
pd,0.1000,0.1600,0.039853,-0.973488
pd,0.1000,0.1700,0.036722,-0.960201
pd,0.1000,0.1800,0.033790,-0.936188
pd,0.1000,0.1900,0.031049,-0.904648
pd,0.1000,0.2000,0.028493,-0.868057
pd,0.1000,0.2100,0.026111,-0.828315
pd,0.1000,0.2200,0.023895,-0.786871
pd,0.1000,0.2300,0.021834,-0.744817
pd,0.1000,0.2400,0.019920,-0.702968
pd,0.1000,0.2500,0.018143,-0.661921
pd,0.1000,0.2600,0.016494,-0.622101
pd,0.1000,0.2700,0.014966,-0.583803
pd,0.1000,0.2800,0.013549,-0.547220
pd,0.1000,0.2900,0.012237,-0.512468
pd,0.1000,0.3000,0.011021,-0.479604
pd,0.1000,0.3100,0.009895,-0.448640
pd,0.1000,0.3200,0.008853,-0.419556
pd,0.1000,0.3300,0.007889,-0.392307
pd,0.1000,0.3400,0.006996,-0.366833
pd,0.1000,0.3500,0.006170,-0.343062
pd,0.1000,0.3600,0.005405,-0.320912
pd,0.1000,0.3700,0.004698,-0.300302
pd,0.1000,0.3800,0.004044,-0.281145
pd,0.1000,0.3900,0.003438,-0.263355
pd,0.1000,0.4000,0.002878,-0.246849
pd,0.1000,0.4100,0.002359,-0.231544
pd,0.1000,0.4200,0.001880,-0.217363
pd,0.1000,0.4300,0.001436,-0.204229
pd,0.1000,0.4400,0.001025,-0.192071
pd,0.1000,0.4500,0.000645,-0.180820
pd,0.1000,0.4600,0.000293,-0.170413
pd,0.1000,0.4700,-0.000033,-0.160790
pd,0.1000,0.4800,-0.000334,-0.151893
pd,0.1000,0.4900,-0.000613,-0.143671
pd,0.1000,0.5000,-0.000872,-0.136074
pd,0.1000,0.5100,-0.001111,-0.129055
pd,0.1000,0.5200,-0.001333,-0.122572
pd,0.1000,0.5300,-0.001538,-0.116585
pd,0.1000,0.5400,-0.001728,-0.111057
pd,0.1000,0.5500,-0.001905,-0.105954
pd,0.1000,0.5600,-0.002068,-0.101244
pd,0.1000,0.5700,-0.002220,-0.096897
pd,0.1000,0.5800,-0.002360,-0.092887
pd,0.1000,0.5900,-0.002491,-0.089186
pd,0.1000,0.6000,-0.002612,-0.085773
pd,0.1000,0.6100,-0.002724,-0.082625
pd,0.1000,0.6200,-0.002829,-0.079722
pd,0.1000,0.6300,-0.002926,-0.077045
pd,0.1000,0.6400,-0.003016,-0.074578
pd,0.1000,0.6500,-0.003099,-0.072304
pd,0.1000,0.6600,-0.003177,-0.070209
pd,0.1000,0.6700,-0.003250,-0.068279
pd,0.1000,0.6800,-0.003317,-0.066502
pd,0.1000,0.6900,-0.003380,-0.064865
pd,0.1000,0.7000,-0.003439,-0.063358
pd,0.1000,0.7100,-0.003493,-0.061972
pd,0.1000,0.7200,-0.003544,-0.060697
pd,0.1000,0.7300,-0.003592,-0.059523
pd,0.1000,0.7400,-0.003636,-0.058445
pd,0.1000,0.7500,-0.003677,-0.057454
pd,0.1000,0.7600,-0.003716,-0.056544
pd,0.1000,0.7700,-0.003753,-0.055708
pd,0.1000,0.7800,-0.003787,-0.054941
pd,0.1000,0.7900,-0.003819,-0.054237
pd,0.1000,0.8000,-0.003849,-0.053593
pd,0.1000,0.8100,-0.003877,-0.053002
pd,0.1000,0.8200,-0.003903,-0.052461
pd,0.1000,0.8300,-0.003928,-0.051966
pd,0.1000,0.8400,-0.003952,-0.051514
pd,0.1000,0.8500,-0.003974,-0.051101
pd,0.1000,0.8600,-0.003995,-0.050725
pd,0.1000,0.8700,-0.004014,-0.050382
pd,0.1000,0.8800,-0.004033,-0.050069
pd,0.1000,0.8900,-0.004051,-0.049785
pd,0.1000,0.9000,-0.004067,-0.049528
pd,0.1000,0.9100,-0.004083,-0.049294
pd,0.1000,0.9200,-0.004099,-0.049083
pd,0.1000,0.9300,-0.004113,-0.048893
pd,0.1000,0.9400,-0.004127,-0.048721
pd,0.1000,0.9500,-0.004140,-0.048567
pd,0.1000,0.9600,-0.004152,-0.048429
pd,0.1000,0.9700,-0.004164,-0.048306
pd,0.1000,0.9800,-0.004176,-0.048197
pd,0.1000,0.9900,-0.004187,-0.048100
pd,0.1000,1.0000,-0.004197,-0.048015
pd,0.1000,1.0100,-0.004207,-0.047940
pd,0.1000,1.0200,-0.004217,-0.047875
pd,0.1000,1.0300,-0.004226,-0.047820
pd,0.1000,1.0400,-0.004235,-0.047772
pd,0.1000,1.0500,-0.004244,-0.047732
pd,0.1000,1.0600,-0.004252,-0.047699
pd,0.1000,1.0700,-0.004261,-0.047673
pd,0.1000,1.0800,-0.004268,-0.047653
pd,0.1000,1.0900,-0.004276,-0.047637
pd,0.1000,1.1000,-0.004284,-0.047627
pd,0.1000,1.1100,-0.004291,-0.047622
pd,0.1000,1.1200,-0.004298,-0.047620
pd,0.1000,1.1300,-0.004305,-0.047623
pd,0.1000,1.1400,-0.004311,-0.047628
pd,0.1000,1.1500,-0.004318,-0.047637
pd,0.1000,1.1600,-0.004324,-0.047649
pd,0.1000,1.1700,-0.004330,-0.047664
pd,0.1000,1.1800,-0.004336,-0.047681
pd,0.1000,1.1900,-0.004342,-0.047700
pd,0.1000,1.2000,-0.004348,-0.047721
pd,0.1000,1.2100,-0.004354,-0.047743
pd,0.1000,1.2200,-0.004359,-0.047768
pd,0.1000,1.2300,-0.004364,-0.047793
pd,0.1000,1.2400,-0.004370,-0.047820
pd,0.1000,1.2500,-0.004375,-0.047849
pd,0.1000,1.2600,-0.004380,-0.047878
pd,0.1000,1.2700,-0.004385,-0.047908
pd,0.1000,1.2800,-0.004390,-0.047939
pd,0.1000,1.2900,-0.004395,-0.047971
pd,0.1000,1.3000,-0.004400,-0.048003
pd,0.1000,1.3100,-0.004404,-0.048035
pd,0.1000,1.3200,-0.004409,-0.048069
pd,0.1000,1.3300,-0.004413,-0.048102
pd,0.1000,1.3400,-0.004418,-0.048136
pd,0.1000,1.3500,-0.004422,-0.048170
pd,0.1000,1.3600,-0.004426,-0.048204
pd,0.1000,1.3700,-0.004431,-0.048239
pd,0.1000,1.3800,-0.004435,-0.048273
pd,0.1000,1.3900,-0.004439,-0.048308
pd,0.1000,1.4000,-0.004443,-0.048342
pd,0.1000,1.4100,-0.004447,-0.048376
pd,0.1000,1.4200,-0.004451,-0.048411
pd,0.1000,1.4300,-0.004455,-0.048445
pd,0.1000,1.4400,-0.004458,-0.048479
pd,0.1000,1.4500,-0.004462,-0.048513
pd,0.1000,1.4600,-0.004466,-0.048547
pd,0.1000,1.4700,-0.004469,-0.048580
pd,0.1000,1.4800,-0.004473,-0.048613
pd,0.1000,1.4900,-0.004476,-0.048646
pd,0.1000,1.5000,-0.004480,-0.048679
pd,0.1000,1.5100,-0.004483,-0.048711
pd,0.1000,1.5200,-0.004486,-0.048743
pd,0.1000,1.5300,-0.004490,-0.048775
pd,0.1000,1.5400,-0.004493,-0.048807
pd,0.1000,1.5500,-0.004496,-0.048838
pd,0.1000,1.5600,-0.004499,-0.048868
pd,0.1000,1.5700,-0.004502,-0.048899
pd,0.1000,1.5800,-0.004505,-0.048928
pd,0.1000,1.5900,-0.004508,-0.048958
pd,0.1000,1.6000,-0.004511,-0.048987
pd,0.1000,1.6100,-0.004514,-0.049016
pd,0.1000,1.6200,-0.004517,-0.049044
pd,0.1000,1.6300,-0.004520,-0.049072
pd,0.1000,1.6400,-0.004522,-0.049099
pd,0.1000,1.6500,-0.004525,-0.049126
pd,0.1000,1.6600,-0.004528,-0.049153
pd,0.1000,1.6700,-0.004530,-0.049179
pd,0.1000,1.6800,-0.004533,-0.049205
pd,0.1000,1.6900,-0.004535,-0.049230
pd,0.1000,1.7000,-0.004538,-0.049255
pd,0.1000,1.7100,-0.004540,-0.049279
pd,0.1000,1.7200,-0.004542,-0.049303
pd,0.1000,1.7300,-0.004545,-0.049326
pd,0.1000,1.7400,-0.004547,-0.049349
pd,0.1000,1.7500,-0.004549,-0.049372
pd,0.1000,1.7600,-0.004551,-0.049394
pd,0.1000,1.7700,-0.004553,-0.049415
pd,0.1000,1.7800,-0.004555,-0.049436
pd,0.1000,1.7900,-0.004557,-0.049457
pd,0.1000,1.8000,-0.004559,-0.049477
pd,0.1000,1.8100,-0.004561,-0.049496
pd,0.1000,1.8200,-0.004563,-0.049516
pd,0.1000,1.8300,-0.004565,-0.049534
pd,0.1000,1.8400,-0.004567,-0.049553
pd,0.1000,1.8500,-0.004568,-0.049570
pd,0.1000,1.8600,-0.004570,-0.049587
pd,0.1000,1.8700,-0.004572,-0.049604
pd,0.1000,1.8800,-0.004573,-0.049621
pd,0.1000,1.8900,-0.004575,-0.049636
pd,0.1000,1.9000,-0.004576,-0.049652
pd,0.1000,1.9100,-0.004578,-0.049666
pd,0.1000,1.9200,-0.004579,-0.049681
pd,0.1000,1.9300,-0.004581,-0.049695
pd,0.1000,1.9400,-0.004582,-0.049708
pd,0.1000,1.9500,-0.004583,-0.049721
pd,0.1000,1.9600,-0.004584,-0.049734
pd,0.1000,1.9700,-0.004586,-0.049746
pd,0.1000,1.9800,-0.004587,-0.049757
pd,0.1000,1.9900,-0.004588,-0.049768
pd,0.1000,2.0000,-0.004589,-0.049779
pd,0.1000,2.0100,-0.004590,-0.049789
pd,0.1000,2.0200,-0.004591,-0.049798
pd,0.1000,2.0300,-0.004592,-0.049807
pd,0.1000,2.0400,-0.004593,-0.049816
pd,0.1000,2.0500,-0.004593,-0.049824
pd,0.1000,2.0600,-0.004594,-0.049832
pd,0.1000,2.0700,-0.004595,-0.049839
pd,0.1000,2.0800,-0.004596,-0.049846
pd,0.1000,2.0900,-0.004596,-0.049852
pd,0.1000,2.1000,-0.004597,-0.049858
pd,0.1000,2.1100,-0.004598,-0.049863
pd,0.1000,2.1200,-0.004598,-0.049868
pd,0.1000,2.1300,-0.004599,-0.049873
pd,0.1000,2.1400,-0.004599,-0.049876
pd,0.1000,2.1500,-0.004599,-0.049880
pd,0.1000,2.1600,-0.004600,-0.049883
pd,0.1000,2.1700,-0.004600,-0.049885
pd,0.1000,2.1800,-0.004600,-0.049887
pd,0.1000,2.1900,-0.004600,-0.049889
pd,0.1000,2.2000,-0.004601,-0.049890
pd,0.1000,2.2100,-0.004601,-0.049891
pd,0.1000,2.2200,-0.004601,-0.049891
pd,0.1000,2.2300,-0.004601,-0.049891
pd,0.1000,2.2400,-0.004601,-0.049890
pd,0.1000,2.2500,-0.004601,-0.049889
pd,0.1000,2.2600,-0.004601,-0.049887
pd,0.1000,2.2700,-0.004601,-0.049885
pd,0.1000,2.2800,-0.004600,-0.049882
pd,0.1000,2.2900,-0.004600,-0.049879
pd,0.1000,2.3000,-0.004600,-0.049876
pd,0.1000,2.3100,-0.004600,-0.049872
pd,0.1000,2.3200,-0.004599,-0.049867
pd,0.1000,2.3300,-0.004599,-0.049863
pd,0.1000,2.3400,-0.004599,-0.049857
pd,0.1000,2.3500,-0.004598,-0.049851
pd,0.1000,2.3600,-0.004598,-0.049845
pd,0.1000,2.3700,-0.004597,-0.049839
pd,0.1000,2.3800,-0.004596,-0.049831
pd,0.1000,2.3900,-0.004596,-0.049824
pd,0.1000,2.4000,-0.004595,-0.049816
pd,0.1000,2.4100,-0.004594,-0.049807
pd,0.1000,2.4200,-0.004594,-0.049798
pd,0.1000,2.4300,-0.004593,-0.049789
pd,0.1000,2.4400,-0.004592,-0.049779
pd,0.1000,2.4500,-0.004591,-0.049769
pd,0.1000,2.4600,-0.004590,-0.049758
pd,0.1000,2.4700,-0.004589,-0.049747
pd,0.1000,2.4800,-0.004588,-0.049735
pd,0.1000,2.4900,-0.004587,-0.049723
pd,0.1000,2.5000,-0.004586,-0.049711
pd,0.1000,2.5100,-0.004585,-0.049698
pd,0.1000,2.5200,-0.004584,-0.049685
pd,0.1000,2.5300,-0.004583,-0.049671
pd,0.1000,2.5400,-0.004581,-0.049657
pd,0.1000,2.5500,-0.004580,-0.049642
pd,0.1000,2.5600,-0.004579,-0.049627
pd,0.1000,2.5700,-0.004577,-0.049611
pd,0.1000,2.5800,-0.004576,-0.049595
pd,0.1000,2.5900,-0.004574,-0.049579
pd,0.1000,2.6000,-0.004573,-0.049562
pd,0.1000,2.6100,-0.004571,-0.049545
pd,0.1000,2.6200,-0.004570,-0.049527
pd,0.1000,2.6300,-0.004568,-0.049509
pd,0.1000,2.6400,-0.004567,-0.049490
pd,0.1000,2.6500,-0.004565,-0.049471
pd,0.1000,2.6600,-0.004563,-0.049452
pd,0.1000,2.6700,-0.004561,-0.049432
pd,0.1000,2.6800,-0.004560,-0.049412
pd,0.1000,2.6900,-0.004558,-0.049391
pd,0.1000,2.7000,-0.004556,-0.049370
pd,0.1000,2.7100,-0.004554,-0.049348
pd,0.1000,2.7200,-0.004552,-0.049326
pd,0.1000,2.7300,-0.004550,-0.049304
pd,0.1000,2.7400,-0.004548,-0.049281
pd,0.1000,2.7500,-0.004546,-0.049258
pd,0.1000,2.7600,-0.004544,-0.049234
pd,0.1000,2.7700,-0.004542,-0.049210
pd,0.1000,2.7800,-0.004539,-0.049185
pd,0.1000,2.7900,-0.004537,-0.049161
pd,0.1000,2.8000,-0.004535,-0.049135
pd,0.1000,2.8100,-0.004533,-0.049109
pd,0.1000,2.8200,-0.004530,-0.049083
pd,0.1000,2.8300,-0.004528,-0.049057
pd,0.1000,2.8400,-0.004525,-0.049030
pd,0.1000,2.8500,-0.004523,-0.049002
pd,0.1000,2.8600,-0.004520,-0.048975
pd,0.1000,2.8700,-0.004518,-0.048946
pd,0.1000,2.8800,-0.004515,-0.048918
pd,0.1000,2.8900,-0.004513,-0.048889
pd,0.1000,2.9000,-0.004510,-0.048859
pd,0.1000,2.9100,-0.004507,-0.048829
pd,0.1000,2.9200,-0.004505,-0.048799
pd,0.1000,2.9300,-0.004502,-0.048769
pd,0.1000,2.9400,-0.004499,-0.048738
pd,0.1000,2.9500,-0.004496,-0.048706
pd,0.1000,2.9600,-0.004493,-0.048674
pd,0.1000,2.9700,-0.004490,-0.048642
pd,0.1000,2.9800,-0.004487,-0.048609
pd,0.1000,2.9900,-0.004484,-0.048576
pd,0.1000,3.0000,-0.004481,-0.048543
pd,0.1000,3.0100,-0.004478,-0.048509
pd,0.1000,3.0200,-0.004475,-0.048475
pd,0.1000,3.0300,-0.004472,-0.048440
pd,0.1000,3.0400,-0.004469,-0.048405
pd,0.1000,3.0500,-0.004466,-0.048370
pd,0.1000,3.0600,-0.004463,-0.048334
pd,0.1000,3.0700,-0.004459,-0.048298
pd,0.1000,3.0800,-0.004456,-0.048262
pd,0.1000,3.0900,-0.004453,-0.048225
pd,0.1000,3.1000,-0.004449,-0.048187
pd,0.1000,3.1100,-0.004446,-0.048150
pd,0.1000,3.1200,-0.004442,-0.048111
pd,0.1000,3.1300,-0.004439,-0.048073
pd,0.1000,3.1400,-0.004435,-0.048034
pd,0.1000,3.1500,-0.004432,-0.047995
pd,0.1000,3.1600,-0.004428,-0.047955
pd,0.1000,3.1700,-0.004424,-0.047915
pd,0.1000,3.1800,-0.004421,-0.047875
pd,0.1000,3.1900,-0.004417,-0.047834
pd,0.1000,3.2000,-0.004413,-0.047793
pd,0.1000,3.2100,-0.004410,-0.047752
pd,0.1000,3.2200,-0.004406,-0.047710
pd,0.1000,3.2300,-0.004402,-0.047667
pd,0.1000,3.2400,-0.004398,-0.047625
pd,0.1000,3.2500,-0.004394,-0.047582
pd,0.1000,3.2600,-0.004390,-0.047538
pd,0.1000,3.2700,-0.004386,-0.047495
pd,0.1000,3.2800,-0.004382,-0.047451
pd,0.1000,3.2900,-0.004378,-0.047406
pd,0.1000,3.3000,-0.004374,-0.047361
pd,0.1000,3.3100,-0.004370,-0.047316
pd,0.1000,3.3200,-0.004366,-0.047271
pd,0.1000,3.3300,-0.004362,-0.047225
pd,0.1000,3.3400,-0.004357,-0.047178
pd,0.1000,3.3500,-0.004353,-0.047132
pd,0.1000,3.3600,-0.004349,-0.047085
pd,0.1000,3.3700,-0.004345,-0.047038
pd,0.1000,3.3800,-0.004340,-0.046990
pd,0.1000,3.3900,-0.004336,-0.046942
pd,0.1000,3.4000,-0.004331,-0.046893
pd,0.1000,3.4100,-0.004327,-0.046845
pd,0.1000,3.4200,-0.004323,-0.046795
pd,0.1000,3.4300,-0.004318,-0.046746
pd,0.1000,3.4400,-0.004313,-0.046696
pd,0.1000,3.4500,-0.004309,-0.046646
pd,0.1000,3.4600,-0.004304,-0.046595
pd,0.1000,3.4700,-0.004300,-0.046545
pd,0.1000,3.4800,-0.004295,-0.046493
pd,0.1000,3.4900,-0.004290,-0.046442
pd,0.1000,3.5000,-0.004286,-0.046390
pd,0.1000,3.5100,-0.004281,-0.046338
pd,0.1000,3.5200,-0.004276,-0.046285
pd,0.1000,3.5300,-0.004271,-0.046232
pd,0.1000,3.5400,-0.004266,-0.046179
pd,0.1000,3.5500,-0.004261,-0.046125
pd,0.1000,3.5600,-0.004256,-0.046071
pd,0.1000,3.5700,-0.004252,-0.046017
pd,0.1000,3.5800,-0.004247,-0.045962
pd,0.1000,3.5900,-0.004242,-0.045907
pd,0.1000,3.6000,-0.004236,-0.045852
pd,0.1000,3.6100,-0.004231,-0.045797
pd,0.1000,3.6200,-0.004226,-0.045741
pd,0.1000,3.6300,-0.004221,-0.045684
pd,0.1000,3.6400,-0.004216,-0.045628
pd,0.1000,3.6500,-0.004211,-0.045571
pd,0.1000,3.6600,-0.004206,-0.045513
pd,0.1000,3.6700,-0.004200,-0.045456
pd,0.1000,3.6800,-0.004195,-0.045398
pd,0.1000,3.6900,-0.004190,-0.045340
pd,0.1000,3.7000,-0.004184,-0.045281
pd,0.1000,3.7100,-0.004179,-0.045222
pd,0.1000,3.7200,-0.004173,-0.045163
pd,0.1000,3.7300,-0.004168,-0.045104
pd,0.1000,3.7400,-0.004163,-0.045044
pd,0.1000,3.7500,-0.004157,-0.044984
pd,0.1000,3.7600,-0.004152,-0.044923
pd,0.1000,3.7700,-0.004146,-0.044862
pd,0.1000,3.7800,-0.004140,-0.044801
pd,0.1000,3.7900,-0.004135,-0.044740
pd,0.1000,3.8000,-0.004129,-0.044678
pd,0.1000,3.8100,-0.004123,-0.044616
pd,0.1000,3.8200,-0.004118,-0.044554
pd,0.1000,3.8300,-0.004112,-0.044491
pd,0.1000,3.8400,-0.004106,-0.044428
pd,0.1000,3.8500,-0.004100,-0.044365
pd,0.1000,3.8600,-0.004095,-0.044301
pd,0.1000,3.8700,-0.004089,-0.044237
pd,0.1000,3.8800,-0.004083,-0.044173
pd,0.1000,3.8900,-0.004077,-0.044109
pd,0.1000,3.9000,-0.004071,-0.044044
pd,0.1000,3.9100,-0.004065,-0.043979
pd,0.1000,3.9200,-0.004059,-0.043913
pd,0.1000,3.9300,-0.004053,-0.043848
pd,0.1000,3.9400,-0.004047,-0.043782
pd,0.1000,3.9500,-0.004041,-0.043715
pd,0.1000,3.9600,-0.004035,-0.043649
pd,0.1000,3.9700,-0.004029,-0.043582
pd,0.1000,3.9800,-0.004023,-0.043515
pd,0.1000,3.9900,-0.004016,-0.043447
pd,0.1000,4.0000,-0.004010,-0.043380
pd,0.1000,4.0100,-0.004004,-0.043312
pd,0.1000,4.0200,-0.003998,-0.043243
pd,0.1000,4.0300,-0.003991,-0.043175
pd,0.1000,4.0400,-0.003985,-0.043106
pd,0.1000,4.0500,-0.003979,-0.043037
pd,0.1000,4.0600,-0.003972,-0.042967
pd,0.1000,4.0700,-0.003966,-0.042897
pd,0.1000,4.0800,-0.003960,-0.042827
pd,0.1000,4.0900,-0.003953,-0.042757
pd,0.1000,4.1000,-0.003947,-0.042687
pd,0.1000,4.1100,-0.003940,-0.042616
pd,0.1000,4.1200,-0.003934,-0.042545
pd,0.1000,4.1300,-0.003927,-0.042473
pd,0.1000,4.1400,-0.003921,-0.042402
pd,0.1000,4.1500,-0.003914,-0.042330
pd,0.1000,4.1600,-0.003907,-0.042257
pd,0.1000,4.1700,-0.003901,-0.042185
pd,0.1000,4.1800,-0.003894,-0.042112
pd,0.1000,4.1900,-0.003887,-0.042039
pd,0.1000,4.2000,-0.003881,-0.041966
pd,0.1000,4.2100,-0.003874,-0.041892
pd,0.1000,4.2200,-0.003867,-0.041819
pd,0.1000,4.2300,-0.003860,-0.041744
pd,0.1000,4.2400,-0.003854,-0.041670
pd,0.1000,4.2500,-0.003847,-0.041596
pd,0.1000,4.2600,-0.003840,-0.041521
pd,0.1000,4.2700,-0.003833,-0.041446
pd,0.1000,4.2800,-0.003826,-0.041370
pd,0.1000,4.2900,-0.003819,-0.041295
pd,0.1000,4.3000,-0.003812,-0.041219
pd,0.1000,4.3100,-0.003805,-0.041142
pd,0.1000,4.3200,-0.003798,-0.041066
pd,0.1000,4.3300,-0.003791,-0.040989
pd,0.1000,4.3400,-0.003784,-0.040913
pd,0.1000,4.3500,-0.003777,-0.040835
pd,0.1000,4.3600,-0.003770,-0.040758
pd,0.1000,4.3700,-0.003763,-0.040680
pd,0.1000,4.3800,-0.003756,-0.040602
pd,0.1000,4.3900,-0.003748,-0.040524
pd,0.1000,4.4000,-0.003741,-0.040446
pd,0.1000,4.4100,-0.003734,-0.040367
pd,0.1000,4.4200,-0.003727,-0.040288
pd,0.1000,4.4300,-0.003720,-0.040209
pd,0.1000,4.4400,-0.003712,-0.040130
pd,0.1000,4.4500,-0.003705,-0.040050
pd,0.1000,4.4600,-0.003698,-0.039971
pd,0.1000,4.4700,-0.003690,-0.039890
pd,0.1000,4.4800,-0.003683,-0.039810
pd,0.1000,4.4900,-0.003676,-0.039730
pd,0.1000,4.5000,-0.003668,-0.039649
pd,0.1000,4.5100,-0.003661,-0.039568
pd,0.1000,4.5200,-0.003653,-0.039487
pd,0.1000,4.5300,-0.003646,-0.039405
pd,0.1000,4.5400,-0.003638,-0.039324
pd,0.1000,4.5500,-0.003631,-0.039242
pd,0.1000,4.5600,-0.003623,-0.039159
pd,0.1000,4.5700,-0.003616,-0.039077
pd,0.1000,4.5800,-0.003608,-0.038995
pd,0.1000,4.5900,-0.003600,-0.038912
pd,0.1000,4.6000,-0.003593,-0.038829
pd,0.1000,4.6100,-0.003585,-0.038745
pd,0.1000,4.6200,-0.003577,-0.038662
pd,0.1000,4.6300,-0.003570,-0.038578
pd,0.1000,4.6400,-0.003562,-0.038494
pd,0.1000,4.6500,-0.003554,-0.038410
pd,0.1000,4.6600,-0.003547,-0.038326
pd,0.1000,4.6700,-0.003539,-0.038241
pd,0.1000,4.6800,-0.003531,-0.038157
pd,0.1000,4.6900,-0.003523,-0.038072
pd,0.1000,4.7000,-0.003515,-0.037987
pd,0.1000,4.7100,-0.003508,-0.037901
pd,0.1000,4.7200,-0.003500,-0.037816
pd,0.1000,4.7300,-0.003492,-0.037730
pd,0.1000,4.7400,-0.003484,-0.037644
pd,0.1000,4.7500,-0.003476,-0.037558
pd,0.1000,4.7600,-0.003468,-0.037471
pd,0.1000,4.7700,-0.003460,-0.037385
pd,0.1000,4.7800,-0.003452,-0.037298
pd,0.1000,4.7900,-0.003444,-0.037211
pd,0.1000,4.8000,-0.003436,-0.037123
pd,0.1000,4.8100,-0.003428,-0.037036
pd,0.1000,4.8200,-0.003420,-0.036948
pd,0.1000,4.8300,-0.003412,-0.036861
pd,0.1000,4.8400,-0.003404,-0.036773
pd,0.1000,4.8500,-0.003396,-0.036684
pd,0.1000,4.8600,-0.003388,-0.036596
pd,0.1000,4.8700,-0.003380,-0.036508
pd,0.1000,4.8800,-0.003371,-0.036419
pd,0.1000,4.8900,-0.003363,-0.036330
pd,0.1000,4.9000,-0.003355,-0.036241
pd,0.1000,4.9100,-0.003347,-0.036151
pd,0.1000,4.9200,-0.003339,-0.036062
pd,0.1000,4.9300,-0.003330,-0.035972
pd,0.1000,4.9400,-0.003322,-0.035882
pd,0.1000,4.9500,-0.003314,-0.035792
pd,0.1000,4.9600,-0.003305,-0.035702
pd,0.1000,4.9700,-0.003297,-0.035612
pd,0.1000,4.9800,-0.003289,-0.035521
pd,0.1000,4.9900,-0.003281,-0.035430
pd,0.1000,5.0000,-0.003272,-0.035339
pd,0.1000,5.0100,-0.003264,-0.035248
pd,0.1000,5.0200,-0.003255,-0.035157
pd,0.1000,5.0300,-0.003247,-0.035066
pd,0.1000,5.0400,-0.003239,-0.034974
pd,0.1000,5.0500,-0.003230,-0.034882
pd,0.1000,5.0600,-0.003222,-0.034790
pd,0.1000,5.0700,-0.003213,-0.034698
pd,0.1000,5.0800,-0.003205,-0.034606
pd,0.1000,5.0900,-0.003196,-0.034513
pd,0.1000,5.1000,-0.003188,-0.034421
pd,0.1000,5.1100,-0.003179,-0.034328
pd,0.1000,5.1200,-0.003171,-0.034235
pd,0.1000,5.1300,-0.003162,-0.034142
pd,0.1000,5.1400,-0.003153,-0.034048
pd,0.1000,5.1500,-0.003145,-0.033955
pd,0.1000,5.1600,-0.003136,-0.033861
pd,0.1000,5.1700,-0.003128,-0.033768
pd,0.1000,5.1800,-0.003119,-0.033674
pd,0.1000,5.1900,-0.003110,-0.033580
pd,0.1000,5.2000,-0.003102,-0.033486
pd,0.1000,5.2100,-0.003093,-0.033391
pd,0.1000,5.2200,-0.003084,-0.033297
pd,0.1000,5.2300,-0.003076,-0.033202
pd,0.1000,5.2400,-0.003067,-0.033107
pd,0.1000,5.2500,-0.003058,-0.033012
pd,0.1000,5.2600,-0.003049,-0.032917
pd,0.1000,5.2700,-0.003041,-0.032822
pd,0.1000,5.2800,-0.003032,-0.032727
pd,0.1000,5.2900,-0.003023,-0.032631
pd,0.1000,5.3000,-0.003014,-0.032535
pd,0.1000,5.3100,-0.003005,-0.032440
pd,0.1000,5.3200,-0.002997,-0.032344
pd,0.1000,5.3300,-0.002988,-0.032248
pd,0.1000,5.3400,-0.002979,-0.032151
pd,0.1000,5.3500,-0.002970,-0.032055
pd,0.1000,5.3600,-0.002961,-0.031958
pd,0.1000,5.3700,-0.002952,-0.031862
pd,0.1000,5.3800,-0.002943,-0.031765
pd,0.1000,5.3900,-0.002934,-0.031668
pd,0.1000,5.4000,-0.002926,-0.031571
pd,0.1000,5.4100,-0.002917,-0.031474
pd,0.1000,5.4200,-0.002908,-0.031377
pd,0.1000,5.4300,-0.002899,-0.031279
pd,0.1000,5.4400,-0.002890,-0.031182
pd,0.1000,5.4500,-0.002881,-0.031084
pd,0.1000,5.4600,-0.002872,-0.030986
pd,0.1000,5.4700,-0.002863,-0.030888
pd,0.1000,5.4800,-0.002854,-0.030790
pd,0.1000,5.4900,-0.002845,-0.030692
pd,0.1000,5.5000,-0.002836,-0.030594
pd,0.1000,5.5100,-0.002827,-0.030496
pd,0.1000,5.5200,-0.002817,-0.030397
pd,0.1000,5.5300,-0.002808,-0.030299
pd,0.1000,5.5400,-0.002799,-0.030200
pd,0.1000,5.5500,-0.002790,-0.030101
pd,0.1000,5.5600,-0.002781,-0.030002
pd,0.1000,5.5700,-0.002772,-0.029903
pd,0.1000,5.5800,-0.002763,-0.029804
pd,0.1000,5.5900,-0.002754,-0.029705
pd,0.1000,5.6000,-0.002745,-0.029605
pd,0.1000,5.6100,-0.002735,-0.029506
pd,0.1000,5.6200,-0.002726,-0.029406
pd,0.1000,5.6300,-0.002717,-0.029306
pd,0.1000,5.6400,-0.002708,-0.029207
pd,0.1000,5.6500,-0.002699,-0.029107
pd,0.1000,5.6600,-0.002689,-0.029007
pd,0.1000,5.6700,-0.002680,-0.028907
pd,0.1000,5.6800,-0.002671,-0.028806
pd,0.1000,5.6900,-0.002662,-0.028706
pd,0.1000,5.7000,-0.002653,-0.028606
pd,0.1000,5.7100,-0.002643,-0.028505
pd,0.1000,5.7200,-0.002634,-0.028405
pd,0.1000,5.7300,-0.002625,-0.028304
pd,0.1000,5.7400,-0.002615,-0.028203
pd,0.1000,5.7500,-0.002606,-0.028102
pd,0.1000,5.7600,-0.002597,-0.028001
pd,0.1000,5.7700,-0.002588,-0.027900
pd,0.1000,5.7800,-0.002578,-0.027799
pd,0.1000,5.7900,-0.002569,-0.027698
pd,0.1000,5.8000,-0.002560,-0.027597
pd,0.1000,5.8100,-0.002550,-0.027495
pd,0.1000,5.8200,-0.002541,-0.027394
pd,0.1000,5.8300,-0.002532,-0.027292
pd,0.1000,5.8400,-0.002522,-0.027190
pd,0.1000,5.8500,-0.002513,-0.027089
pd,0.1000,5.8600,-0.002503,-0.026987
pd,0.1000,5.8700,-0.002494,-0.026885
pd,0.1000,5.8800,-0.002485,-0.026783
pd,0.1000,5.8900,-0.002475,-0.026681
pd,0.1000,5.9000,-0.002466,-0.026579
pd,0.1000,5.9100,-0.002456,-0.026477
pd,0.1000,5.9200,-0.002447,-0.026374
pd,0.1000,5.9300,-0.002438,-0.026272
pd,0.1000,5.9400,-0.002428,-0.026170
pd,0.1000,5.9500,-0.002419,-0.026067
pd,0.1000,5.9600,-0.002409,-0.025965
pd,0.1000,5.9700,-0.002400,-0.025862
pd,0.1000,5.9800,-0.002390,-0.025760
pd,0.1000,5.9900,-0.002381,-0.025657
pd,0.1000,6.0000,-0.002371,-0.025554
pd,0.1000,6.0100,-0.002362,-0.025451
pd,0.1000,6.0200,-0.002353,-0.025348
pd,0.1000,6.0300,-0.002343,-0.025245
pd,0.1000,6.0400,-0.002334,-0.025142
pd,0.1000,6.0500,-0.002324,-0.025039
pd,0.1000,6.0600,-0.002315,-0.024936
pd,0.1000,6.0700,-0.002305,-0.024833
pd,0.1000,6.0800,-0.002295,-0.024729
pd,0.1000,6.0900,-0.002286,-0.024626
pd,0.1000,6.1000,-0.002276,-0.024523
pd,0.1000,6.1100,-0.002267,-0.024419
pd,0.1000,6.1200,-0.002257,-0.024316
pd,0.1000,6.1300,-0.002248,-0.024212
pd,0.1000,6.1400,-0.002238,-0.024109
pd,0.1000,6.1500,-0.002229,-0.024005
pd,0.1000,6.1600,-0.002219,-0.023901
pd,0.1000,6.1700,-0.002210,-0.023798
pd,0.1000,6.1800,-0.002200,-0.023694
pd,0.1000,6.1900,-0.002191,-0.023590
pd,0.1000,6.2000,-0.002181,-0.023486
pd,0.1000,6.2100,-0.002171,-0.023382
pd,0.1000,6.2200,-0.002162,-0.023278
pd,0.1000,6.2300,-0.002152,-0.023174
pd,0.1000,6.2400,-0.002143,-0.023070
pd,0.1000,6.2500,-0.002133,-0.022966
pd,0.1000,6.2600,-0.002123,-0.022862
pd,0.1000,6.2700,-0.002114,-0.022758
pd,0.1000,6.2800,-0.002104,-0.022654
pd,0.1000,6.2900,-0.002095,-0.022550
pd,0.1000,6.3000,-0.002085,-0.022445
pd,0.1000,6.3100,-0.002075,-0.022341
pd,0.1000,6.3200,-0.002066,-0.022237
pd,0.1000,6.3300,-0.002056,-0.022132
pd,0.1000,6.3400,-0.002047,-0.022028
pd,0.1000,6.3500,-0.002037,-0.021924
pd,0.1000,6.3600,-0.002027,-0.021819
pd,0.1000,6.3700,-0.002018,-0.021715
pd,0.1000,6.3800,-0.002008,-0.021610
pd,0.1000,6.3900,-0.001998,-0.021506
pd,0.1000,6.4000,-0.001989,-0.021401
pd,0.1000,6.4100,-0.001979,-0.021297
pd,0.1000,6.4200,-0.001969,-0.021192
pd,0.1000,6.4300,-0.001960,-0.021088
pd,0.1000,6.4400,-0.001950,-0.020983
pd,0.1000,6.4500,-0.001941,-0.020879
pd,0.1000,6.4600,-0.001931,-0.020774
pd,0.1000,6.4700,-0.001921,-0.020669
pd,0.1000,6.4800,-0.001912,-0.020565
pd,0.1000,6.4900,-0.001902,-0.020460
pd,0.1000,6.5000,-0.001892,-0.020355
pd,0.1000,6.5100,-0.001883,-0.020251
pd,0.1000,6.5200,-0.001873,-0.020146
pd,0.1000,6.5300,-0.001863,-0.020041
pd,0.1000,6.5400,-0.001854,-0.019936
pd,0.1000,6.5500,-0.001844,-0.019832
pd,0.1000,6.5600,-0.001834,-0.019727
pd,0.1000,6.5700,-0.001825,-0.019622
pd,0.1000,6.5800,-0.001815,-0.019517
pd,0.1000,6.5900,-0.001805,-0.019413
pd,0.1000,6.6000,-0.001796,-0.019308
pd,0.1000,6.6100,-0.001786,-0.019203
pd,0.1000,6.6200,-0.001776,-0.019098
pd,0.1000,6.6300,-0.001767,-0.018994
pd,0.1000,6.6400,-0.001757,-0.018889
pd,0.1000,6.6500,-0.001747,-0.018784
pd,0.1000,6.6600,-0.001738,-0.018679
pd,0.1000,6.6700,-0.001728,-0.018575
pd,0.1000,6.6800,-0.001718,-0.018470
pd,0.1000,6.6900,-0.001709,-0.018365
pd,0.1000,6.7000,-0.001699,-0.018261
pd,0.1000,6.7100,-0.001689,-0.018156
pd,0.1000,6.7200,-0.001680,-0.018051
pd,0.1000,6.7300,-0.001670,-0.017946
pd,0.1000,6.7400,-0.001661,-0.017842
pd,0.1000,6.7500,-0.001651,-0.017737
pd,0.1000,6.7600,-0.001641,-0.017632
pd,0.1000,6.7700,-0.001632,-0.017528
pd,0.1000,6.7800,-0.001622,-0.017423
pd,0.1000,6.7900,-0.001612,-0.017318
pd,0.1000,6.8000,-0.001603,-0.017214
pd,0.1000,6.8100,-0.001593,-0.017109
pd,0.1000,6.8200,-0.001583,-0.017005
pd,0.1000,6.8300,-0.001574,-0.016900
pd,0.1000,6.8400,-0.001564,-0.016796
pd,0.1000,6.8500,-0.001554,-0.016691
pd,0.1000,6.8600,-0.001545,-0.016587
pd,0.1000,6.8700,-0.001535,-0.016482
pd,0.1000,6.8800,-0.001525,-0.016378
pd,0.1000,6.8900,-0.001516,-0.016273
pd,0.1000,6.9000,-0.001506,-0.016169
pd,0.1000,6.9100,-0.001497,-0.016065
pd,0.1000,6.9200,-0.001487,-0.015960
pd,0.1000,6.9300,-0.001477,-0.015856
pd,0.1000,6.9400,-0.001468,-0.015752
pd,0.1000,6.9500,-0.001458,-0.015647
pd,0.1000,6.9600,-0.001448,-0.015543
pd,0.1000,6.9700,-0.001439,-0.015439
pd,0.1000,6.9800,-0.001429,-0.015335
pd,0.1000,6.9900,-0.001420,-0.015231
pd,0.1000,7.0000,-0.001410,-0.015127
pd,0.1000,7.0100,-0.001400,-0.015023
pd,0.1000,7.0200,-0.001391,-0.014919
pd,0.1000,7.0300,-0.001381,-0.014815
pd,0.1000,7.0400,-0.001372,-0.014711
pd,0.1000,7.0500,-0.001362,-0.014607
pd,0.1000,7.0600,-0.001352,-0.014503
pd,0.1000,7.0700,-0.001343,-0.014399
pd,0.1000,7.0800,-0.001333,-0.014295
pd,0.1000,7.0900,-0.001324,-0.014192
pd,0.1000,7.1000,-0.001314,-0.014088
pd,0.1000,7.1100,-0.001305,-0.013984
pd,0.1000,7.1200,-0.001295,-0.013881
pd,0.1000,7.1300,-0.001286,-0.013777
pd,0.1000,7.1400,-0.001276,-0.013674
pd,0.1000,7.1500,-0.001266,-0.013570
pd,0.1000,7.1600,-0.001257,-0.013467
pd,0.1000,7.1700,-0.001247,-0.013363
pd,0.1000,7.1800,-0.001238,-0.013260
pd,0.1000,7.1900,-0.001228,-0.013157
pd,0.1000,7.2000,-0.001219,-0.013054
pd,0.1000,7.2100,-0.001209,-0.012951
pd,0.1000,7.2200,-0.001200,-0.012847
pd,0.1000,7.2300,-0.001190,-0.012744
pd,0.1000,7.2400,-0.001181,-0.012641
pd,0.1000,7.2500,-0.001171,-0.012539
pd,0.1000,7.2600,-0.001162,-0.012436
pd,0.1000,7.2700,-0.001152,-0.012333
pd,0.1000,7.2800,-0.001143,-0.012230
pd,0.1000,7.2900,-0.001133,-0.012127
pd,0.1000,7.3000,-0.001124,-0.012025
pd,0.1000,7.3100,-0.001114,-0.011922
pd,0.1000,7.3200,-0.001105,-0.011820
pd,0.1000,7.3300,-0.001095,-0.011717
pd,0.1000,7.3400,-0.001086,-0.011615
pd,0.1000,7.3500,-0.001077,-0.011513
pd,0.1000,7.3600,-0.001067,-0.011410
pd,0.1000,7.3700,-0.001058,-0.011308
pd,0.1000,7.3800,-0.001048,-0.011206
pd,0.1000,7.3900,-0.001039,-0.011104
pd,0.1000,7.4000,-0.001029,-0.011002
pd,0.1000,7.4100,-0.001020,-0.010900
pd,0.1000,7.4200,-0.001011,-0.010799
pd,0.1000,7.4300,-0.001001,-0.010697
pd,0.1000,7.4400,-0.000992,-0.010595
pd,0.1000,7.4500,-0.000982,-0.010494
pd,0.1000,7.4600,-0.000973,-0.010392
pd,0.1000,7.4700,-0.000964,-0.010291
pd,0.1000,7.4800,-0.000954,-0.010189
pd,0.1000,7.4900,-0.000945,-0.010088
pd,0.1000,7.5000,-0.000936,-0.009987
pd,0.1000,7.5100,-0.000926,-0.009886
pd,0.1000,7.5200,-0.000917,-0.009784
pd,0.1000,7.5300,-0.000908,-0.009683
pd,0.1000,7.5400,-0.000898,-0.009583
pd,0.1000,7.5500,-0.000889,-0.009482
pd,0.1000,7.5600,-0.000880,-0.009381
pd,0.1000,7.5700,-0.000870,-0.009280
pd,0.1000,7.5800,-0.000861,-0.009180
pd,0.1000,7.5900,-0.000852,-0.009079
pd,0.1000,7.6000,-0.000843,-0.008979
pd,0.1000,7.6100,-0.000833,-0.008879
pd,0.1000,7.6200,-0.000824,-0.008778
pd,0.1000,7.6300,-0.000815,-0.008678
pd,0.1000,7.6400,-0.000806,-0.008578
pd,0.1000,7.6500,-0.000796,-0.008478
pd,0.1000,7.6600,-0.000787,-0.008378
pd,0.1000,7.6700,-0.000778,-0.008279
pd,0.1000,7.6800,-0.000769,-0.008179
pd,0.1000,7.6900,-0.000760,-0.008079
pd,0.1000,7.7000,-0.000750,-0.007980
pd,0.1000,7.7100,-0.000741,-0.007881
pd,0.1000,7.7200,-0.000732,-0.007781
pd,0.1000,7.7300,-0.000723,-0.007682
pd,0.1000,7.7400,-0.000714,-0.007583
pd,0.1000,7.7500,-0.000705,-0.007484
pd,0.1000,7.7600,-0.000695,-0.007385
pd,0.1000,7.7700,-0.000686,-0.007286
pd,0.1000,7.7800,-0.000677,-0.007188
pd,0.1000,7.7900,-0.000668,-0.007089
pd,0.1000,7.8000,-0.000659,-0.006990
pd,0.1000,7.8100,-0.000650,-0.006892
pd,0.1000,7.8200,-0.000641,-0.006794
pd,0.1000,7.8300,-0.000632,-0.006696
pd,0.1000,7.8400,-0.000623,-0.006597
pd,0.1000,7.8500,-0.000614,-0.006499
pd,0.1000,7.8600,-0.000605,-0.006402
pd,0.1000,7.8700,-0.000595,-0.006304
pd,0.1000,7.8800,-0.000586,-0.006206
pd,0.1000,7.8900,-0.000577,-0.006109
pd,0.1000,7.9000,-0.000568,-0.006011
pd,0.1000,7.9100,-0.000559,-0.005914
pd,0.1000,7.9200,-0.000550,-0.005816
pd,0.1000,7.9300,-0.000542,-0.005719
pd,0.1000,7.9400,-0.000533,-0.005622
pd,0.1000,7.9500,-0.000524,-0.005525
pd,0.1000,7.9600,-0.000515,-0.005429
pd,0.1000,7.9700,-0.000506,-0.005332
pd,0.1000,7.9800,-0.000497,-0.005235
pd,0.1000,7.9900,-0.000488,-0.005139
pd,0.1000,8.0000,-0.000479,-0.005043
pd,0.1000,8.0100,-0.000470,-0.004946
pd,0.1000,8.0200,-0.000461,-0.004850
pd,0.1000,8.0300,-0.000452,-0.004754
pd,0.1000,8.0400,-0.000443,-0.004659
pd,0.1000,8.0500,-0.000435,-0.004563
pd,0.1000,8.0600,-0.000426,-0.004467
pd,0.1000,8.0700,-0.000417,-0.004372
pd,0.1000,8.0800,-0.000408,-0.004276
pd,0.1000,8.0900,-0.000399,-0.004181
pd,0.1000,8.1000,-0.000391,-0.004086
pd,0.1000,8.1100,-0.000382,-0.003991
pd,0.1000,8.1200,-0.000373,-0.003896
pd,0.1000,8.1300,-0.000364,-0.003801
pd,0.1000,8.1400,-0.000356,-0.003707
pd,0.1000,8.1500,-0.000347,-0.003612
pd,0.1000,8.1600,-0.000338,-0.003518
pd,0.1000,8.1700,-0.000329,-0.003423
pd,0.1000,8.1800,-0.000321,-0.003329
pd,0.1000,8.1900,-0.000312,-0.003235
pd,0.1000,8.2000,-0.000303,-0.003141
pd,0.1000,8.2100,-0.000295,-0.003048
pd,0.1000,8.2200,-0.000286,-0.002954
pd,0.1000,8.2300,-0.000277,-0.002861
pd,0.1000,8.2400,-0.000269,-0.002767
pd,0.1000,8.2500,-0.000260,-0.002674
pd,0.1000,8.2600,-0.000252,-0.002581
pd,0.1000,8.2700,-0.000243,-0.002488
pd,0.1000,8.2800,-0.000234,-0.002395
pd,0.1000,8.2900,-0.000226,-0.002303
pd,0.1000,8.3000,-0.000217,-0.002210
pd,0.1000,8.3100,-0.000209,-0.002118
pd,0.1000,8.3200,-0.000200,-0.002025
pd,0.1000,8.3300,-0.000192,-0.001933
pd,0.1000,8.3400,-0.000183,-0.001841
pd,0.1000,8.3500,-0.000175,-0.001749
pd,0.1000,8.3600,-0.000166,-0.001658
pd,0.1000,8.3700,-0.000158,-0.001566
pd,0.1000,8.3800,-0.000149,-0.001475
pd,0.1000,8.3900,-0.000141,-0.001383
pd,0.1000,8.4000,-0.000132,-0.001292
pd,0.1000,8.4100,-0.000124,-0.001201
pd,0.1000,8.4200,-0.000116,-0.001110
pd,0.1000,8.4300,-0.000107,-0.001020
pd,0.1000,8.4400,-0.000099,-0.000929
pd,0.1000,8.4500,-0.000090,-0.000839
pd,0.1000,8.4600,-0.000082,-0.000748
pd,0.1000,8.4700,-0.000074,-0.000658
pd,0.1000,8.4800,-0.000065,-0.000568
pd,0.1000,8.4900,-0.000057,-0.000478
pd,0.1000,8.5000,-0.000049,-0.000389
pd,0.1000,8.5100,-0.000041,-0.000299
pd,0.1000,8.5200,-0.000032,-0.000210
pd,0.1000,8.5300,-0.000024,-0.000120
pd,0.1000,8.5400,-0.000016,-0.000031
pd,0.1000,8.5500,-0.000008,0.000058
pd,0.1000,8.5600,0.000001,0.000146
pd,0.1000,8.5700,0.000009,0.000235
pd,0.1000,8.5800,0.000017,0.000324
pd,0.1000,8.5900,0.000025,0.000412
pd,0.1000,8.6000,0.000033,0.000500
pd,0.1000,8.6100,0.000041,0.000588
pd,0.1000,8.6200,0.000050,0.000676
pd,0.1000,8.6300,0.000058,0.000764
pd,0.1000,8.6400,0.000066,0.000851
pd,0.1000,8.6500,0.000074,0.000939
pd,0.1000,8.6600,0.000082,0.001026
pd,0.1000,8.6700,0.000090,0.001113
pd,0.1000,8.6800,0.000098,0.001200
pd,0.1000,8.6900,0.000106,0.001287
pd,0.1000,8.7000,0.000114,0.001373
pd,0.1000,8.7100,0.000122,0.001460
pd,0.1000,8.7200,0.000130,0.001546
pd,0.1000,8.7300,0.000138,0.001632
pd,0.1000,8.7400,0.000146,0.001718
pd,0.1000,8.7500,0.000154,0.001804
pd,0.1000,8.7600,0.000162,0.001890
pd,0.1000,8.7700,0.000170,0.001975
pd,0.1000,8.7800,0.000178,0.002060
pd,0.1000,8.7900,0.000186,0.002146
pd,0.1000,8.8000,0.000193,0.002231
pd,0.1000,8.8100,0.000201,0.002315
pd,0.1000,8.8200,0.000209,0.002400
pd,0.1000,8.8300,0.000217,0.002485
pd,0.1000,8.8400,0.000225,0.002569
pd,0.1000,8.8500,0.000232,0.002653
pd,0.1000,8.8600,0.000240,0.002737
pd,0.1000,8.8700,0.000248,0.002821
pd,0.1000,8.8800,0.000256,0.002905
pd,0.1000,8.8900,0.000263,0.002988
pd,0.1000,8.9000,0.000271,0.003071
pd,0.1000,8.9100,0.000279,0.003155
pd,0.1000,8.9200,0.000287,0.003238
pd,0.1000,8.9300,0.000294,0.003320
pd,0.1000,8.9400,0.000302,0.003403
pd,0.1000,8.9500,0.000309,0.003486
pd,0.1000,8.9600,0.000317,0.003568
pd,0.1000,8.9700,0.000325,0.003650
pd,0.1000,8.9800,0.000332,0.003732
pd,0.1000,8.9900,0.000340,0.003814
pd,0.1000,9.0000,0.000347,0.003895
pd,0.1000,9.0100,0.000355,0.003977
pd,0.1000,9.0200,0.000362,0.004058
pd,0.1000,9.0300,0.000370,0.004139
pd,0.1000,9.0400,0.000377,0.004220
pd,0.1000,9.0500,0.000385,0.004301
pd,0.1000,9.0600,0.000392,0.004381
pd,0.1000,9.0700,0.000400,0.004462
pd,0.1000,9.0800,0.000407,0.004542
pd,0.1000,9.0900,0.000415,0.004622
pd,0.1000,9.1000,0.000422,0.004702
pd,0.1000,9.1100,0.000429,0.004781
pd,0.1000,9.1200,0.000437,0.004861
pd,0.1000,9.1300,0.000444,0.004940
pd,0.1000,9.1400,0.000451,0.005019
pd,0.1000,9.1500,0.000459,0.005098
pd,0.1000,9.1600,0.000466,0.005177
pd,0.1000,9.1700,0.000473,0.005256
pd,0.1000,9.1800,0.000481,0.005334
pd,0.1000,9.1900,0.000488,0.005412
pd,0.1000,9.2000,0.000495,0.005490
pd,0.1000,9.2100,0.000502,0.005568
pd,0.1000,9.2200,0.000509,0.005646
pd,0.1000,9.2300,0.000517,0.005723
pd,0.1000,9.2400,0.000524,0.005801
pd,0.1000,9.2500,0.000531,0.005878
pd,0.1000,9.2600,0.000538,0.005955
pd,0.1000,9.2700,0.000545,0.006031
pd,0.1000,9.2800,0.000552,0.006108
pd,0.1000,9.2900,0.000559,0.006184
pd,0.1000,9.3000,0.000566,0.006260
pd,0.1000,9.3100,0.000573,0.006336
pd,0.1000,9.3200,0.000580,0.006412
pd,0.1000,9.3300,0.000587,0.006488
pd,0.1000,9.3400,0.000594,0.006563
pd,0.1000,9.3500,0.000601,0.006638
pd,0.1000,9.3600,0.000608,0.006714
pd,0.1000,9.3700,0.000615,0.006788
pd,0.1000,9.3800,0.000622,0.006863
pd,0.1000,9.3900,0.000629,0.006938
pd,0.1000,9.4000,0.000636,0.007012
pd,0.1000,9.4100,0.000643,0.007086
pd,0.1000,9.4200,0.000650,0.007160
pd,0.1000,9.4300,0.000656,0.007234
pd,0.1000,9.4400,0.000663,0.007307
pd,0.1000,9.4500,0.000670,0.007380
pd,0.1000,9.4600,0.000677,0.007454
pd,0.1000,9.4700,0.000684,0.007526
pd,0.1000,9.4800,0.000690,0.007599
pd,0.1000,9.4900,0.000697,0.007672
pd,0.1000,9.5000,0.000704,0.007744
pd,0.1000,9.5100,0.000710,0.007816
pd,0.1000,9.5200,0.000717,0.007888
pd,0.1000,9.5300,0.000724,0.007960
pd,0.1000,9.5400,0.000730,0.008032
pd,0.1000,9.5500,0.000737,0.008103
pd,0.1000,9.5600,0.000744,0.008174
pd,0.1000,9.5700,0.000750,0.008245
pd,0.1000,9.5800,0.000757,0.008316
pd,0.1000,9.5900,0.000763,0.008387
pd,0.1000,9.6000,0.000770,0.008457
pd,0.1000,9.6100,0.000776,0.008527
pd,0.1000,9.6200,0.000783,0.008597
pd,0.1000,9.6300,0.000789,0.008667
pd,0.1000,9.6400,0.000796,0.008737
pd,0.1000,9.6500,0.000802,0.008806
pd,0.1000,9.6600,0.000808,0.008875
pd,0.1000,9.6700,0.000815,0.008944
pd,0.1000,9.6800,0.000821,0.009013
pd,0.1000,9.6900,0.000828,0.009082
pd,0.1000,9.7000,0.000834,0.009150
pd,0.1000,9.7100,0.000840,0.009218
pd,0.1000,9.7200,0.000847,0.009286
pd,0.1000,9.7300,0.000853,0.009354
pd,0.1000,9.7400,0.000859,0.009422
pd,0.1000,9.7500,0.000865,0.009489
pd,0.1000,9.7600,0.000872,0.009556
pd,0.1000,9.7700,0.000878,0.009623
pd,0.1000,9.7800,0.000884,0.009690
pd,0.1000,9.7900,0.000890,0.009757
pd,0.1000,9.8000,0.000896,0.009823
pd,0.1000,9.8100,0.000902,0.009889
pd,0.1000,9.8200,0.000909,0.009955
pd,0.1000,9.8300,0.000915,0.010021
pd,0.1000,9.8400,0.000921,0.010086
pd,0.1000,9.8500,0.000927,0.010152
pd,0.1000,9.8600,0.000933,0.010217
pd,0.1000,9.8700,0.000939,0.010282
pd,0.1000,9.8800,0.000945,0.010347
pd,0.1000,9.8900,0.000951,0.010411
pd,0.1000,9.9000,0.000957,0.010476
pd,0.1000,9.9100,0.000963,0.010540
pd,0.1000,9.9200,0.000969,0.010604
pd,0.1000,9.9300,0.000975,0.010667
pd,0.1000,9.9400,0.000980,0.010731
pd,0.1000,9.9500,0.000986,0.010794
pd,0.1000,9.9600,0.000992,0.010857
pd,0.1000,9.9700,0.000998,0.010920
pd,0.1000,9.9800,0.001004,0.010983
pd,0.1000,9.9900,0.001010,0.011045
pd,0.1000,10.0000,0.001015,0.000000
onnx,0.1000,0.0000,0.100000,11.377077
onnx,0.1000,0.0100,0.099251,8.516053
onnx,0.1000,0.0200,0.097210,6.280968
onnx,0.1000,0.0300,0.094246,4.539967
onnx,0.1000,0.0400,0.090642,3.188818
onnx,0.1000,0.0500,0.086617,2.145024
onnx,0.1000,0.0600,0.082341,1.343261
onnx,0.1000,0.0700,0.077939,0.731781
onnx,0.1000,0.0800,0.073509,0.269610
onnx,0.1000,0.0900,0.069122,-0.075682
onnx,0.1000,0.1000,0.064829,-0.329741
onnx,0.1000,0.1100,0.060669,-0.512829
onnx,0.1000,0.1200,0.056665,-0.640933
onnx,0.1000,0.1300,0.052834,-0.726649
onnx,0.1000,0.1400,0.049187,-0.779885
onnx,0.1000,0.1500,0.045728,-0.808418
onnx,0.1000,0.1600,0.042456,-0.818344
onnx,0.1000,0.1700,0.039371,-0.814425
onnx,0.1000,0.1800,0.036467,-0.800370
onnx,0.1000,0.1900,0.033738,-0.779060
onnx,0.1000,0.2000,0.031179,-0.752721
onnx,0.1000,0.2100,0.028780,-0.723067
onnx,0.1000,0.2200,0.026535,-0.691406
onnx,0.1000,0.2300,0.024435,-0.658731
onnx,0.1000,0.2400,0.022472,-0.625787
onnx,0.1000,0.2500,0.020639,-0.593127
onnx,0.1000,0.2600,0.018928,-0.561153
onnx,0.1000,0.2700,0.017331,-0.530150
onnx,0.1000,0.2800,0.015841,-0.500314
onnx,0.1000,0.2900,0.014451,-0.471775
onnx,0.1000,0.3000,0.013155,-0.444604
onnx,0.1000,0.3100,0.011948,-0.418839
onnx,0.1000,0.3200,0.010822,-0.394482
onnx,0.1000,0.3300,0.009773,-0.371519
onnx,0.1000,0.3400,0.008795,-0.349916
onnx,0.1000,0.3500,0.007884,-0.329629
onnx,0.1000,0.3600,0.007035,-0.310608
onnx,0.1000,0.3700,0.006244,-0.292795
onnx,0.1000,0.3800,0.005507,-0.276132
onnx,0.1000,0.3900,0.004820,-0.260559
onnx,0.1000,0.4000,0.004181,-0.246015
onnx,0.1000,0.4100,0.003584,-0.232441
onnx,0.1000,0.4200,0.003029,-0.219779
onnx,0.1000,0.4300,0.002512,-0.207975
onnx,0.1000,0.4400,0.002029,-0.196974
onnx,0.1000,0.4500,0.001580,-0.186725
onnx,0.1000,0.4600,0.001161,-0.177179
onnx,0.1000,0.4700,0.000771,-0.168292
onnx,0.1000,0.4800,0.000407,-0.160019
onnx,0.1000,0.4900,0.000067,-0.152320
onnx,0.1000,0.5000,-0.000249,-0.145156
onnx,0.1000,0.5100,-0.000544,-0.138491
onnx,0.1000,0.5200,-0.000819,-0.132291
onnx,0.1000,0.5300,-0.001075,-0.126525
onnx,0.1000,0.5400,-0.001314,-0.121164
onnx,0.1000,0.5500,-0.001538,-0.116178
onnx,0.1000,0.5600,-0.001746,-0.111544
onnx,0.1000,0.5700,-0.001940,-0.107236
onnx,0.1000,0.5800,-0.002122,-0.103232
onnx,0.1000,0.5900,-0.002291,-0.099511
onnx,0.1000,0.6000,-0.002449,-0.096054
onnx,0.1000,0.6100,-0.002597,-0.092842
onnx,0.1000,0.6200,-0.002735,-0.089858
onnx,0.1000,0.6300,-0.002863,-0.087087
onnx,0.1000,0.6400,-0.002984,-0.084513
onnx,0.1000,0.6500,-0.003096,-0.082124
onnx,0.1000,0.6600,-0.003202,-0.079905
onnx,0.1000,0.6700,-0.003300,-0.077846
onnx,0.1000,0.6800,-0.003392,-0.075936
onnx,0.1000,0.6900,-0.003479,-0.074163
onnx,0.1000,0.7000,-0.003559,-0.072518
onnx,0.1000,0.7100,-0.003635,-0.070993
onnx,0.1000,0.7200,-0.003706,-0.069579
onnx,0.1000,0.7300,-0.003772,-0.068268
onnx,0.1000,0.7400,-0.003834,-0.067053
onnx,0.1000,0.7500,-0.003893,-0.065928
onnx,0.1000,0.7600,-0.003948,-0.064885
onnx,0.1000,0.7700,-0.003999,-0.063920
onnx,0.1000,0.7800,-0.004048,-0.063027
onnx,0.1000,0.7900,-0.004093,-0.062201
onnx,0.1000,0.8000,-0.004136,-0.061437
onnx,0.1000,0.8100,-0.004176,-0.060731
onnx,0.1000,0.8200,-0.004214,-0.060078
onnx,0.1000,0.8300,-0.004250,-0.059476
onnx,0.1000,0.8400,-0.004283,-0.058920
onnx,0.1000,0.8500,-0.004315,-0.058407
onnx,0.1000,0.8600,-0.004345,-0.057934
onnx,0.1000,0.8700,-0.004373,-0.057499
onnx,0.1000,0.8800,-0.004400,-0.057098
onnx,0.1000,0.8900,-0.004425,-0.056730
onnx,0.1000,0.9000,-0.004449,-0.056391
onnx,0.1000,0.9100,-0.004472,-0.056081
onnx,0.1000,0.9200,-0.004494,-0.055796
onnx,0.1000,0.9300,-0.004514,-0.055535
onnx,0.1000,0.9400,-0.004533,-0.055297
onnx,0.1000,0.9500,-0.004552,-0.055079
onnx,0.1000,0.9600,-0.004569,-0.054880
onnx,0.1000,0.9700,-0.004586,-0.054700
onnx,0.1000,0.9800,-0.004602,-0.054536
onnx,0.1000,0.9900,-0.004617,-0.054387
onnx,0.1000,1.0000,-0.004632,-0.054253
onnx,0.1000,1.0100,-0.004646,-0.054131
onnx,0.1000,1.0200,-0.004659,-0.054023
onnx,0.1000,1.0300,-0.004672,-0.053925
onnx,0.1000,1.0400,-0.004684,-0.053838
onnx,0.1000,1.0500,-0.004696,-0.053761
onnx,0.1000,1.0600,-0.004707,-0.053693
onnx,0.1000,1.0700,-0.004718,-0.053633
onnx,0.1000,1.0800,-0.004728,-0.053581
onnx,0.1000,1.0900,-0.004738,-0.053536
onnx,0.1000,1.1000,-0.004748,-0.053498
onnx,0.1000,1.1100,-0.004757,-0.053465
onnx,0.1000,1.1200,-0.004766,-0.053439
onnx,0.1000,1.1300,-0.004774,-0.053418
onnx,0.1000,1.1400,-0.004783,-0.053401
onnx,0.1000,1.1500,-0.004791,-0.053389
onnx,0.1000,1.1600,-0.004799,-0.053381
onnx,0.1000,1.1700,-0.004806,-0.053377
onnx,0.1000,1.1800,-0.004814,-0.053376
onnx,0.1000,1.1900,-0.004821,-0.053379
onnx,0.1000,1.2000,-0.004828,-0.053384
onnx,0.1000,1.2100,-0.004835,-0.053392
onnx,0.1000,1.2200,-0.004841,-0.053403
onnx,0.1000,1.2300,-0.004848,-0.053416
onnx,0.1000,1.2400,-0.004854,-0.053430
onnx,0.1000,1.2500,-0.004860,-0.053447
onnx,0.1000,1.2600,-0.004866,-0.053465
onnx,0.1000,1.2700,-0.004872,-0.053485
onnx,0.1000,1.2800,-0.004877,-0.053506
onnx,0.1000,1.2900,-0.004883,-0.053529
onnx,0.1000,1.3000,-0.004888,-0.053552
onnx,0.1000,1.3100,-0.004893,-0.053577
onnx,0.1000,1.3200,-0.004898,-0.053602
onnx,0.1000,1.3300,-0.004903,-0.053628
onnx,0.1000,1.3400,-0.004908,-0.053655
onnx,0.1000,1.3500,-0.004913,-0.053683
onnx,0.1000,1.3600,-0.004918,-0.053711
onnx,0.1000,1.3700,-0.004922,-0.053739
onnx,0.1000,1.3800,-0.004927,-0.053768
onnx,0.1000,1.3900,-0.004931,-0.053797
onnx,0.1000,1.4000,-0.004935,-0.053826
onnx,0.1000,1.4100,-0.004940,-0.053855
onnx,0.1000,1.4200,-0.004944,-0.053885
onnx,0.1000,1.4300,-0.004948,-0.053915
onnx,0.1000,1.4400,-0.004952,-0.053944
onnx,0.1000,1.4500,-0.004956,-0.053974
onnx,0.1000,1.4600,-0.004959,-0.054003
onnx,0.1000,1.4700,-0.004963,-0.054033
onnx,0.1000,1.4800,-0.004967,-0.054062
onnx,0.1000,1.4900,-0.004970,-0.054091
onnx,0.1000,1.5000,-0.004974,-0.054120
onnx,0.1000,1.5100,-0.004977,-0.054149
onnx,0.1000,1.5200,-0.004981,-0.054178
onnx,0.1000,1.5300,-0.004984,-0.054206
onnx,0.1000,1.5400,-0.004987,-0.054234
onnx,0.1000,1.5500,-0.004990,-0.054262
onnx,0.1000,1.5600,-0.004993,-0.054289
onnx,0.1000,1.5700,-0.004996,-0.054316
onnx,0.1000,1.5800,-0.004999,-0.054342
onnx,0.1000,1.5900,-0.005002,-0.054369
onnx,0.1000,1.6000,-0.005005,-0.054395
onnx,0.1000,1.6100,-0.005008,-0.054420
onnx,0.1000,1.6200,-0.005011,-0.054445
onnx,0.1000,1.6300,-0.005013,-0.054470
onnx,0.1000,1.6400,-0.005016,-0.054494
onnx,0.1000,1.6500,-0.005018,-0.054517
onnx,0.1000,1.6600,-0.005021,-0.054541
onnx,0.1000,1.6700,-0.005023,-0.054563
onnx,0.1000,1.6800,-0.005026,-0.054586
onnx,0.1000,1.6900,-0.005028,-0.054607
onnx,0.1000,1.7000,-0.005030,-0.054629
onnx,0.1000,1.7100,-0.005032,-0.054650
onnx,0.1000,1.7200,-0.005034,-0.054670
onnx,0.1000,1.7300,-0.005036,-0.054690
onnx,0.1000,1.7400,-0.005038,-0.054709
onnx,0.1000,1.7500,-0.005040,-0.054728
onnx,0.1000,1.7600,-0.005042,-0.054746
onnx,0.1000,1.7700,-0.005044,-0.054764
onnx,0.1000,1.7800,-0.005046,-0.054781
onnx,0.1000,1.7900,-0.005048,-0.054798
onnx,0.1000,1.8000,-0.005049,-0.054814
onnx,0.1000,1.8100,-0.005051,-0.054830
onnx,0.1000,1.8200,-0.005052,-0.054845
onnx,0.1000,1.8300,-0.005054,-0.054860
onnx,0.1000,1.8400,-0.005055,-0.054874
onnx,0.1000,1.8500,-0.005057,-0.054887
onnx,0.1000,1.8600,-0.005058,-0.054900
onnx,0.1000,1.8700,-0.005059,-0.054913
onnx,0.1000,1.8800,-0.005061,-0.054924
onnx,0.1000,1.8900,-0.005062,-0.054936
onnx,0.1000,1.9000,-0.005063,-0.054947
onnx,0.1000,1.9100,-0.005064,-0.054957
onnx,0.1000,1.9200,-0.005065,-0.054967
onnx,0.1000,1.9300,-0.005066,-0.054976
onnx,0.1000,1.9400,-0.005067,-0.054984
onnx,0.1000,1.9500,-0.005068,-0.054993
onnx,0.1000,1.9600,-0.005068,-0.055000
onnx,0.1000,1.9700,-0.005069,-0.055007
onnx,0.1000,1.9800,-0.005070,-0.055013
onnx,0.1000,1.9900,-0.005071,-0.055019
onnx,0.1000,2.0000,-0.005071,-0.055025
onnx,0.1000,2.0100,-0.005072,-0.055030
onnx,0.1000,2.0200,-0.005072,-0.055034
onnx,0.1000,2.0300,-0.005073,-0.055038
onnx,0.1000,2.0400,-0.005073,-0.055041
onnx,0.1000,2.0500,-0.005073,-0.055043
onnx,0.1000,2.0600,-0.005074,-0.055045
onnx,0.1000,2.0700,-0.005074,-0.055047
onnx,0.1000,2.0800,-0.005074,-0.055048
onnx,0.1000,2.0900,-0.005074,-0.055048
onnx,0.1000,2.1000,-0.005074,-0.055048
onnx,0.1000,2.1100,-0.005074,-0.055048
onnx,0.1000,2.1200,-0.005074,-0.055047
onnx,0.1000,2.1300,-0.005074,-0.055045
onnx,0.1000,2.1400,-0.005074,-0.055043
onnx,0.1000,2.1500,-0.005074,-0.055040
onnx,0.1000,2.1600,-0.005074,-0.055036
onnx,0.1000,2.1700,-0.005073,-0.055033
onnx,0.1000,2.1800,-0.005073,-0.055028
onnx,0.1000,2.1900,-0.005073,-0.055023
onnx,0.1000,2.2000,-0.005072,-0.055018
onnx,0.1000,2.2100,-0.005072,-0.055012
onnx,0.1000,2.2200,-0.005071,-0.055005
onnx,0.1000,2.2300,-0.005071,-0.054998
onnx,0.1000,2.2400,-0.005070,-0.054991
onnx,0.1000,2.2500,-0.005070,-0.054982
onnx,0.1000,2.2600,-0.005069,-0.054974
onnx,0.1000,2.2700,-0.005068,-0.054965
onnx,0.1000,2.2800,-0.005067,-0.054955
onnx,0.1000,2.2900,-0.005066,-0.054945
onnx,0.1000,2.3000,-0.005065,-0.054934
onnx,0.1000,2.3100,-0.005065,-0.054923
onnx,0.1000,2.3200,-0.005064,-0.054911
onnx,0.1000,2.3300,-0.005062,-0.054898
onnx,0.1000,2.3400,-0.005061,-0.054885
onnx,0.1000,2.3500,-0.005060,-0.054872
onnx,0.1000,2.3600,-0.005059,-0.054858
onnx,0.1000,2.3700,-0.005058,-0.054844
onnx,0.1000,2.3800,-0.005056,-0.054829
onnx,0.1000,2.3900,-0.005055,-0.054813
onnx,0.1000,2.4000,-0.005054,-0.054797
onnx,0.1000,2.4100,-0.005052,-0.054781
onnx,0.1000,2.4200,-0.005051,-0.054764
onnx,0.1000,2.4300,-0.005049,-0.054746
onnx,0.1000,2.4400,-0.005048,-0.054728
onnx,0.1000,2.4500,-0.005046,-0.054710
onnx,0.1000,2.4600,-0.005044,-0.054691
onnx,0.1000,2.4700,-0.005043,-0.054671
onnx,0.1000,2.4800,-0.005041,-0.054651
onnx,0.1000,2.4900,-0.005039,-0.054631
onnx,0.1000,2.5000,-0.005037,-0.054609
onnx,0.1000,2.5100,-0.005035,-0.054588
onnx,0.1000,2.5200,-0.005033,-0.054566
onnx,0.1000,2.5300,-0.005031,-0.054543
onnx,0.1000,2.5400,-0.005029,-0.054520
onnx,0.1000,2.5500,-0.005027,-0.054496
onnx,0.1000,2.5600,-0.005025,-0.054472
onnx,0.1000,2.5700,-0.005023,-0.054448
onnx,0.1000,2.5800,-0.005021,-0.054423
onnx,0.1000,2.5900,-0.005018,-0.054397
onnx,0.1000,2.6000,-0.005016,-0.054371
onnx,0.1000,2.6100,-0.005014,-0.054344
onnx,0.1000,2.6200,-0.005011,-0.054317
onnx,0.1000,2.6300,-0.005009,-0.054290
onnx,0.1000,2.6400,-0.005006,-0.054262
onnx,0.1000,2.6500,-0.005004,-0.054233
onnx,0.1000,2.6600,-0.005001,-0.054204
onnx,0.1000,2.6700,-0.004998,-0.054175
onnx,0.1000,2.6800,-0.004996,-0.054145
onnx,0.1000,2.6900,-0.004993,-0.054114
onnx,0.1000,2.7000,-0.004990,-0.054083
onnx,0.1000,2.7100,-0.004987,-0.054052
onnx,0.1000,2.7200,-0.004984,-0.054020
onnx,0.1000,2.7300,-0.004982,-0.053988
onnx,0.1000,2.7400,-0.004979,-0.053955
onnx,0.1000,2.7500,-0.004976,-0.053921
onnx,0.1000,2.7600,-0.004973,-0.053888
onnx,0.1000,2.7700,-0.004969,-0.053853
onnx,0.1000,2.7800,-0.004966,-0.053819
onnx,0.1000,2.7900,-0.004963,-0.053783
onnx,0.1000,2.8000,-0.004960,-0.053748
onnx,0.1000,2.8100,-0.004957,-0.053711
onnx,0.1000,2.8200,-0.004953,-0.053675
onnx,0.1000,2.8300,-0.004950,-0.053638
onnx,0.1000,2.8400,-0.004947,-0.053600
onnx,0.1000,2.8500,-0.004943,-0.053562
onnx,0.1000,2.8600,-0.004940,-0.053523
onnx,0.1000,2.8700,-0.004936,-0.053485
onnx,0.1000,2.8800,-0.004933,-0.053445
onnx,0.1000,2.8900,-0.004929,-0.053405
onnx,0.1000,2.9000,-0.004925,-0.053365
onnx,0.1000,2.9100,-0.004922,-0.053324
onnx,0.1000,2.9200,-0.004918,-0.053283
onnx,0.1000,2.9300,-0.004914,-0.053241
onnx,0.1000,2.9400,-0.004910,-0.053199
onnx,0.1000,2.9500,-0.004906,-0.053156
onnx,0.1000,2.9600,-0.004903,-0.053113
onnx,0.1000,2.9700,-0.004899,-0.053070
onnx,0.1000,2.9800,-0.004895,-0.053026
onnx,0.1000,2.9900,-0.004891,-0.052981
onnx,0.1000,3.0000,-0.004887,-0.052936
onnx,0.1000,3.0100,-0.004882,-0.052891
onnx,0.1000,3.0200,-0.004878,-0.052845
onnx,0.1000,3.0300,-0.004874,-0.052799
onnx,0.1000,3.0400,-0.004870,-0.052753
onnx,0.1000,3.0500,-0.004866,-0.052705
onnx,0.1000,3.0600,-0.004861,-0.052658
onnx,0.1000,3.0700,-0.004857,-0.052610
onnx,0.1000,3.0800,-0.004853,-0.052562
onnx,0.1000,3.0900,-0.004848,-0.052513
onnx,0.1000,3.1000,-0.004844,-0.052464
onnx,0.1000,3.1100,-0.004839,-0.052414
onnx,0.1000,3.1200,-0.004835,-0.052364
onnx,0.1000,3.1300,-0.004830,-0.052313
onnx,0.1000,3.1400,-0.004825,-0.052262
onnx,0.1000,3.1500,-0.004821,-0.052211
onnx,0.1000,3.1600,-0.004816,-0.052159
onnx,0.1000,3.1700,-0.004811,-0.052107
onnx,0.1000,3.1800,-0.004806,-0.052054
onnx,0.1000,3.1900,-0.004802,-0.052001
onnx,0.1000,3.2000,-0.004797,-0.051947
onnx,0.1000,3.2100,-0.004792,-0.051893
onnx,0.1000,3.2200,-0.004787,-0.051839
onnx,0.1000,3.2300,-0.004782,-0.051784
onnx,0.1000,3.2400,-0.004777,-0.051729
onnx,0.1000,3.2500,-0.004772,-0.051673
onnx,0.1000,3.2600,-0.004767,-0.051617
onnx,0.1000,3.2700,-0.004761,-0.051561
onnx,0.1000,3.2800,-0.004756,-0.051504
onnx,0.1000,3.2900,-0.004751,-0.051447
onnx,0.1000,3.3000,-0.004746,-0.051389
onnx,0.1000,3.3100,-0.004741,-0.051331
onnx,0.1000,3.3200,-0.004735,-0.051273
onnx,0.1000,3.3300,-0.004730,-0.051214
onnx,0.1000,3.3400,-0.004724,-0.051155
onnx,0.1000,3.3500,-0.004719,-0.051095
onnx,0.1000,3.3600,-0.004714,-0.051035
onnx,0.1000,3.3700,-0.004708,-0.050974
onnx,0.1000,3.3800,-0.004702,-0.050913
onnx,0.1000,3.3900,-0.004697,-0.050852
onnx,0.1000,3.4000,-0.004691,-0.050790
onnx,0.1000,3.4100,-0.004686,-0.050728
onnx,0.1000,3.4200,-0.004680,-0.050666
onnx,0.1000,3.4300,-0.004674,-0.050603
onnx,0.1000,3.4400,-0.004668,-0.050540
onnx,0.1000,3.4500,-0.004663,-0.050476
onnx,0.1000,3.4600,-0.004657,-0.050412
onnx,0.1000,3.4700,-0.004651,-0.050348
onnx,0.1000,3.4800,-0.004645,-0.050283
onnx,0.1000,3.4900,-0.004639,-0.050218
onnx,0.1000,3.5000,-0.004633,-0.050152
onnx,0.1000,3.5100,-0.004627,-0.050086
onnx,0.1000,3.5200,-0.004621,-0.050020
onnx,0.1000,3.5300,-0.004615,-0.049953
onnx,0.1000,3.5400,-0.004609,-0.049886
onnx,0.1000,3.5500,-0.004603,-0.049819
onnx,0.1000,3.5600,-0.004596,-0.049751
onnx,0.1000,3.5700,-0.004590,-0.049683
onnx,0.1000,3.5800,-0.004584,-0.049614
onnx,0.1000,3.5900,-0.004578,-0.049546
onnx,0.1000,3.6000,-0.004571,-0.049476
onnx,0.1000,3.6100,-0.004565,-0.049407
onnx,0.1000,3.6200,-0.004559,-0.049337
onnx,0.1000,3.6300,-0.004552,-0.049266
onnx,0.1000,3.6400,-0.004546,-0.049195
onnx,0.1000,3.6500,-0.004539,-0.049124
onnx,0.1000,3.6600,-0.004533,-0.049053
onnx,0.1000,3.6700,-0.004526,-0.048981
onnx,0.1000,3.6800,-0.004519,-0.048909
onnx,0.1000,3.6900,-0.004513,-0.048836
onnx,0.1000,3.7000,-0.004506,-0.048763
onnx,0.1000,3.7100,-0.004499,-0.048690
onnx,0.1000,3.7200,-0.004493,-0.048617
onnx,0.1000,3.7300,-0.004486,-0.048543
onnx,0.1000,3.7400,-0.004479,-0.048468
onnx,0.1000,3.7500,-0.004472,-0.048394
onnx,0.1000,3.7600,-0.004465,-0.048319
onnx,0.1000,3.7700,-0.004459,-0.048243
onnx,0.1000,3.7800,-0.004452,-0.048168
onnx,0.1000,3.7900,-0.004445,-0.048092
onnx,0.1000,3.8000,-0.004438,-0.048015
onnx,0.1000,3.8100,-0.004431,-0.047939
onnx,0.1000,3.8200,-0.004424,-0.047862
onnx,0.1000,3.8300,-0.004417,-0.047784
onnx,0.1000,3.8400,-0.004409,-0.047707
onnx,0.1000,3.8500,-0.004402,-0.047629
onnx,0.1000,3.8600,-0.004395,-0.047550
onnx,0.1000,3.8700,-0.004388,-0.047472
onnx,0.1000,3.8800,-0.004381,-0.047392
onnx,0.1000,3.8900,-0.004373,-0.047313
onnx,0.1000,3.9000,-0.004366,-0.047233
onnx,0.1000,3.9100,-0.004359,-0.047153
onnx,0.1000,3.9200,-0.004351,-0.047073
onnx,0.1000,3.9300,-0.004344,-0.046992
onnx,0.1000,3.9400,-0.004337,-0.046911
onnx,0.1000,3.9500,-0.004329,-0.046830
onnx,0.1000,3.9600,-0.004322,-0.046749
onnx,0.1000,3.9700,-0.004314,-0.046667
onnx,0.1000,3.9800,-0.004307,-0.046584
onnx,0.1000,3.9900,-0.004299,-0.046502
onnx,0.1000,4.0000,-0.004291,-0.046419
onnx,0.1000,4.0100,-0.004284,-0.046336
onnx,0.1000,4.0200,-0.004276,-0.046252
onnx,0.1000,4.0300,-0.004269,-0.046168
onnx,0.1000,4.0400,-0.004261,-0.046084
onnx,0.1000,4.0500,-0.004253,-0.046000
onnx,0.1000,4.0600,-0.004245,-0.045915
onnx,0.1000,4.0700,-0.004238,-0.045830
onnx,0.1000,4.0800,-0.004230,-0.045745
onnx,0.1000,4.0900,-0.004222,-0.045659
onnx,0.1000,4.1000,-0.004214,-0.045573
onnx,0.1000,4.1100,-0.004206,-0.045487
onnx,0.1000,4.1200,-0.004198,-0.045400
onnx,0.1000,4.1300,-0.004190,-0.045314
onnx,0.1000,4.1400,-0.004182,-0.045226
onnx,0.1000,4.1500,-0.004174,-0.045139
onnx,0.1000,4.1600,-0.004166,-0.045051
onnx,0.1000,4.1700,-0.004158,-0.044963
onnx,0.1000,4.1800,-0.004150,-0.044875
onnx,0.1000,4.1900,-0.004142,-0.044787
onnx,0.1000,4.2000,-0.004134,-0.044698
onnx,0.1000,4.2100,-0.004126,-0.044609
onnx,0.1000,4.2200,-0.004117,-0.044519
onnx,0.1000,4.2300,-0.004109,-0.044429
onnx,0.1000,4.2400,-0.004101,-0.044339
onnx,0.1000,4.2500,-0.004093,-0.044249
onnx,0.1000,4.2600,-0.004084,-0.044159
onnx,0.1000,4.2700,-0.004076,-0.044068
onnx,0.1000,4.2800,-0.004068,-0.043977
onnx,0.1000,4.2900,-0.004059,-0.043885
onnx,0.1000,4.3000,-0.004051,-0.043794
onnx,0.1000,4.3100,-0.004042,-0.043702
onnx,0.1000,4.3200,-0.004034,-0.043610
onnx,0.1000,4.3300,-0.004025,-0.043517
onnx,0.1000,4.3400,-0.004017,-0.043425
onnx,0.1000,4.3500,-0.004008,-0.043332
onnx,0.1000,4.3600,-0.004000,-0.043238
onnx,0.1000,4.3700,-0.003991,-0.043145
onnx,0.1000,4.3800,-0.003983,-0.043051
onnx,0.1000,4.3900,-0.003974,-0.042957
onnx,0.1000,4.4000,-0.003965,-0.042863
onnx,0.1000,4.4100,-0.003957,-0.042768
onnx,0.1000,4.4200,-0.003948,-0.042674
onnx,0.1000,4.4300,-0.003939,-0.042579
onnx,0.1000,4.4400,-0.003931,-0.042483
onnx,0.1000,4.4500,-0.003922,-0.042388
onnx,0.1000,4.4600,-0.003913,-0.042292
onnx,0.1000,4.4700,-0.003904,-0.042196
onnx,0.1000,4.4800,-0.003895,-0.042100
onnx,0.1000,4.4900,-0.003887,-0.042003
onnx,0.1000,4.5000,-0.003878,-0.041906
onnx,0.1000,4.5100,-0.003869,-0.041809
onnx,0.1000,4.5200,-0.003860,-0.041712
onnx,0.1000,4.5300,-0.003851,-0.041615
onnx,0.1000,4.5400,-0.003842,-0.041517
onnx,0.1000,4.5500,-0.003833,-0.041419
onnx,0.1000,4.5600,-0.003824,-0.041321
onnx,0.1000,4.5700,-0.003815,-0.041222
onnx,0.1000,4.5800,-0.003806,-0.041124
onnx,0.1000,4.5900,-0.003797,-0.041025
onnx,0.1000,4.6000,-0.003788,-0.040926
onnx,0.1000,4.6100,-0.003778,-0.040826
onnx,0.1000,4.6200,-0.003769,-0.040727
onnx,0.1000,4.6300,-0.003760,-0.040627
onnx,0.1000,4.6400,-0.003751,-0.040527
onnx,0.1000,4.6500,-0.003742,-0.040427
onnx,0.1000,4.6600,-0.003733,-0.040326
onnx,0.1000,4.6700,-0.003723,-0.040226
onnx,0.1000,4.6800,-0.003714,-0.040125
onnx,0.1000,4.6900,-0.003705,-0.040024
onnx,0.1000,4.7000,-0.003695,-0.039922
onnx,0.1000,4.7100,-0.003686,-0.039821
onnx,0.1000,4.7200,-0.003677,-0.039719
onnx,0.1000,4.7300,-0.003667,-0.039617
onnx,0.1000,4.7400,-0.003658,-0.039515
onnx,0.1000,4.7500,-0.003649,-0.039412
onnx,0.1000,4.7600,-0.003639,-0.039310
onnx,0.1000,4.7700,-0.003630,-0.039207
onnx,0.1000,4.7800,-0.003620,-0.039104
onnx,0.1000,4.7900,-0.003611,-0.039001
onnx,0.1000,4.8000,-0.003601,-0.038898
onnx,0.1000,4.8100,-0.003592,-0.038794
onnx,0.1000,4.8200,-0.003582,-0.038690
onnx,0.1000,4.8300,-0.003573,-0.038586
onnx,0.1000,4.8400,-0.003563,-0.038482
onnx,0.1000,4.8500,-0.003553,-0.038377
onnx,0.1000,4.8600,-0.003544,-0.038273
onnx,0.1000,4.8700,-0.003534,-0.038168
onnx,0.1000,4.8800,-0.003525,-0.038063
onnx,0.1000,4.8900,-0.003515,-0.037958
onnx,0.1000,4.9000,-0.003505,-0.037853
onnx,0.1000,4.9100,-0.003496,-0.037747
onnx,0.1000,4.9200,-0.003486,-0.037641
onnx,0.1000,4.9300,-0.003476,-0.037536
onnx,0.1000,4.9400,-0.003466,-0.037429
onnx,0.1000,4.9500,-0.003457,-0.037323
onnx,0.1000,4.9600,-0.003447,-0.037217
onnx,0.1000,4.9700,-0.003437,-0.037110
onnx,0.1000,4.9800,-0.003427,-0.037003
onnx,0.1000,4.9900,-0.003417,-0.036896
onnx,0.1000,5.0000,-0.003407,-0.036789
onnx,0.1000,5.0100,-0.003398,-0.036682
onnx,0.1000,5.0200,-0.003388,-0.036574
onnx,0.1000,5.0300,-0.003378,-0.036467
onnx,0.1000,5.0400,-0.003368,-0.036359
onnx,0.1000,5.0500,-0.003358,-0.036251
onnx,0.1000,5.0600,-0.003348,-0.036143
onnx,0.1000,5.0700,-0.003338,-0.036034
onnx,0.1000,5.0800,-0.003328,-0.035926
onnx,0.1000,5.0900,-0.003318,-0.035817
onnx,0.1000,5.1000,-0.003308,-0.035709
onnx,0.1000,5.1100,-0.003298,-0.035600
onnx,0.1000,5.1200,-0.003288,-0.035490
onnx,0.1000,5.1300,-0.003278,-0.035381
onnx,0.1000,5.1400,-0.003268,-0.035272
onnx,0.1000,5.1500,-0.003258,-0.035162
onnx,0.1000,5.1600,-0.003248,-0.035052
onnx,0.1000,5.1700,-0.003238,-0.034943
onnx,0.1000,5.1800,-0.003228,-0.034833
onnx,0.1000,5.1900,-0.003217,-0.034722
onnx,0.1000,5.2000,-0.003207,-0.034612
onnx,0.1000,5.2100,-0.003197,-0.034501
onnx,0.1000,5.2200,-0.003187,-0.034391
onnx,0.1000,5.2300,-0.003177,-0.034280
onnx,0.1000,5.2400,-0.003167,-0.034169
onnx,0.1000,5.2500,-0.003156,-0.034058
onnx,0.1000,5.2600,-0.003146,-0.033947
onnx,0.1000,5.2700,-0.003136,-0.033836
onnx,0.1000,5.2800,-0.003126,-0.033724
onnx,0.1000,5.2900,-0.003115,-0.033613
onnx,0.1000,5.3000,-0.003105,-0.033501
onnx,0.1000,5.3100,-0.003095,-0.033389
onnx,0.1000,5.3200,-0.003084,-0.033277
onnx,0.1000,5.3300,-0.003074,-0.033165
onnx,0.1000,5.3400,-0.003064,-0.033053
onnx,0.1000,5.3500,-0.003053,-0.032940
onnx,0.1000,5.3600,-0.003043,-0.032828
onnx,0.1000,5.3700,-0.003033,-0.032715
onnx,0.1000,5.3800,-0.003022,-0.032603
onnx,0.1000,5.3900,-0.003012,-0.032490
onnx,0.1000,5.4000,-0.003002,-0.032377
onnx,0.1000,5.4100,-0.002991,-0.032264
onnx,0.1000,5.4200,-0.002981,-0.032150
onnx,0.1000,5.4300,-0.002970,-0.032037
onnx,0.1000,5.4400,-0.002960,-0.031924
onnx,0.1000,5.4500,-0.002949,-0.031810
onnx,0.1000,5.4600,-0.002939,-0.031696
onnx,0.1000,5.4700,-0.002929,-0.031583
onnx,0.1000,5.4800,-0.002918,-0.031469
onnx,0.1000,5.4900,-0.002908,-0.031355
onnx,0.1000,5.5000,-0.002897,-0.031241
onnx,0.1000,5.5100,-0.002887,-0.031126
onnx,0.1000,5.5200,-0.002876,-0.031012
onnx,0.1000,5.5300,-0.002865,-0.030898
onnx,0.1000,5.5400,-0.002855,-0.030783
onnx,0.1000,5.5500,-0.002844,-0.030669
onnx,0.1000,5.5600,-0.002834,-0.030554
onnx,0.1000,5.5700,-0.002823,-0.030439
onnx,0.1000,5.5800,-0.002813,-0.030324
onnx,0.1000,5.5900,-0.002802,-0.030209
onnx,0.1000,5.6000,-0.002792,-0.030094
onnx,0.1000,5.6100,-0.002781,-0.029979
onnx,0.1000,5.6200,-0.002770,-0.029864
onnx,0.1000,5.6300,-0.002760,-0.029748
onnx,0.1000,5.6400,-0.002749,-0.029633
onnx,0.1000,5.6500,-0.002738,-0.029517
onnx,0.1000,5.6600,-0.002728,-0.029402
onnx,0.1000,5.6700,-0.002717,-0.029286
onnx,0.1000,5.6800,-0.002706,-0.029170
onnx,0.1000,5.6900,-0.002696,-0.029054
onnx,0.1000,5.7000,-0.002685,-0.028939
onnx,0.1000,5.7100,-0.002674,-0.028823
onnx,0.1000,5.7200,-0.002664,-0.028706
onnx,0.1000,5.7300,-0.002653,-0.028590
onnx,0.1000,5.7400,-0.002642,-0.028474
onnx,0.1000,5.7500,-0.002632,-0.028358
onnx,0.1000,5.7600,-0.002621,-0.028241
onnx,0.1000,5.7700,-0.002610,-0.028125
onnx,0.1000,5.7800,-0.002599,-0.028008
onnx,0.1000,5.7900,-0.002589,-0.027892
onnx,0.1000,5.8000,-0.002578,-0.027775
onnx,0.1000,5.8100,-0.002567,-0.027658
onnx,0.1000,5.8200,-0.002556,-0.027542
onnx,0.1000,5.8300,-0.002546,-0.027425
onnx,0.1000,5.8400,-0.002535,-0.027308
onnx,0.1000,5.8500,-0.002524,-0.027191
onnx,0.1000,5.8600,-0.002513,-0.027074
onnx,0.1000,5.8700,-0.002503,-0.026957
onnx,0.1000,5.8800,-0.002492,-0.026839
onnx,0.1000,5.8900,-0.002481,-0.026722
onnx,0.1000,5.9000,-0.002470,-0.026605
onnx,0.1000,5.9100,-0.002459,-0.026488
onnx,0.1000,5.9200,-0.002449,-0.026370
onnx,0.1000,5.9300,-0.002438,-0.026253
onnx,0.1000,5.9400,-0.002427,-0.026135
onnx,0.1000,5.9500,-0.002416,-0.026018
onnx,0.1000,5.9600,-0.002405,-0.025900
onnx,0.1000,5.9700,-0.002394,-0.025783
onnx,0.1000,5.9800,-0.002384,-0.025665
onnx,0.1000,5.9900,-0.002373,-0.025547
onnx,0.1000,6.0000,-0.002362,-0.025430
onnx,0.1000,6.0100,-0.002351,-0.025312
onnx,0.1000,6.0200,-0.002340,-0.025194
onnx,0.1000,6.0300,-0.002329,-0.025076
onnx,0.1000,6.0400,-0.002319,-0.024958
onnx,0.1000,6.0500,-0.002308,-0.024840
onnx,0.1000,6.0600,-0.002297,-0.024722
onnx,0.1000,6.0700,-0.002286,-0.024604
onnx,0.1000,6.0800,-0.002275,-0.024486
onnx,0.1000,6.0900,-0.002264,-0.024368
onnx,0.1000,6.1000,-0.002253,-0.024250
onnx,0.1000,6.1100,-0.002242,-0.024132
onnx,0.1000,6.1200,-0.002231,-0.024014
onnx,0.1000,6.1300,-0.002221,-0.023896
onnx,0.1000,6.1400,-0.002210,-0.023778
onnx,0.1000,6.1500,-0.002199,-0.023659
onnx,0.1000,6.1600,-0.002188,-0.023541
onnx,0.1000,6.1700,-0.002177,-0.023423
onnx,0.1000,6.1800,-0.002166,-0.023305
onnx,0.1000,6.1900,-0.002155,-0.023186
onnx,0.1000,6.2000,-0.002144,-0.023068
onnx,0.1000,6.2100,-0.002133,-0.022950
onnx,0.1000,6.2200,-0.002123,-0.022831
onnx,0.1000,6.2300,-0.002112,-0.022713
onnx,0.1000,6.2400,-0.002101,-0.022595
onnx,0.1000,6.2500,-0.002090,-0.022476
onnx,0.1000,6.2600,-0.002079,-0.022358
onnx,0.1000,6.2700,-0.002068,-0.022239
onnx,0.1000,6.2800,-0.002057,-0.022121
onnx,0.1000,6.2900,-0.002046,-0.022003
onnx,0.1000,6.3000,-0.002035,-0.021884
onnx,0.1000,6.3100,-0.002024,-0.021766
onnx,0.1000,6.3200,-0.002013,-0.021647
onnx,0.1000,6.3300,-0.002002,-0.021529
onnx,0.1000,6.3400,-0.001992,-0.021410
onnx,0.1000,6.3500,-0.001981,-0.021292
onnx,0.1000,6.3600,-0.001970,-0.021174
onnx,0.1000,6.3700,-0.001959,-0.021055
onnx,0.1000,6.3800,-0.001948,-0.020937
onnx,0.1000,6.3900,-0.001937,-0.020818
onnx,0.1000,6.4000,-0.001926,-0.020700
onnx,0.1000,6.4100,-0.001915,-0.020582
onnx,0.1000,6.4200,-0.001904,-0.020463
onnx,0.1000,6.4300,-0.001893,-0.020345
onnx,0.1000,6.4400,-0.001882,-0.020226
onnx,0.1000,6.4500,-0.001871,-0.020108
onnx,0.1000,6.4600,-0.001861,-0.019990
onnx,0.1000,6.4700,-0.001850,-0.019871
onnx,0.1000,6.4800,-0.001839,-0.019753
onnx,0.1000,6.4900,-0.001828,-0.019635
onnx,0.1000,6.5000,-0.001817,-0.019516
onnx,0.1000,6.5100,-0.001806,-0.019398
onnx,0.1000,6.5200,-0.001795,-0.019280
onnx,0.1000,6.5300,-0.001784,-0.019162
onnx,0.1000,6.5400,-0.001773,-0.019044
onnx,0.1000,6.5500,-0.001762,-0.018925
onnx,0.1000,6.5600,-0.001752,-0.018807
onnx,0.1000,6.5700,-0.001741,-0.018689
onnx,0.1000,6.5800,-0.001730,-0.018571
onnx,0.1000,6.5900,-0.001719,-0.018453
onnx,0.1000,6.6000,-0.001708,-0.018335
onnx,0.1000,6.6100,-0.001697,-0.018217
onnx,0.1000,6.6200,-0.001686,-0.018099
onnx,0.1000,6.6300,-0.001675,-0.017981
onnx,0.1000,6.6400,-0.001664,-0.017863
onnx,0.1000,6.6500,-0.001654,-0.017745
onnx,0.1000,6.6600,-0.001643,-0.017627
onnx,0.1000,6.6700,-0.001632,-0.017510
onnx,0.1000,6.6800,-0.001621,-0.017392
onnx,0.1000,6.6900,-0.001610,-0.017274
onnx,0.1000,6.7000,-0.001599,-0.017156
onnx,0.1000,6.7100,-0.001588,-0.017039
onnx,0.1000,6.7200,-0.001578,-0.016921
onnx,0.1000,6.7300,-0.001567,-0.016804
onnx,0.1000,6.7400,-0.001556,-0.016686
onnx,0.1000,6.7500,-0.001545,-0.016569
onnx,0.1000,6.7600,-0.001534,-0.016451
onnx,0.1000,6.7700,-0.001523,-0.016334
onnx,0.1000,6.7800,-0.001513,-0.016217
onnx,0.1000,6.7900,-0.001502,-0.016099
onnx,0.1000,6.8000,-0.001491,-0.015982
onnx,0.1000,6.8100,-0.001480,-0.015865
onnx,0.1000,6.8200,-0.001469,-0.015748
onnx,0.1000,6.8300,-0.001459,-0.015631
onnx,0.1000,6.8400,-0.001448,-0.015514
onnx,0.1000,6.8500,-0.001437,-0.015397
onnx,0.1000,6.8600,-0.001426,-0.015280
onnx,0.1000,6.8700,-0.001415,-0.015163
onnx,0.1000,6.8800,-0.001405,-0.015046
onnx,0.1000,6.8900,-0.001394,-0.014930
onnx,0.1000,6.9000,-0.001383,-0.014813
onnx,0.1000,6.9100,-0.001372,-0.014697
onnx,0.1000,6.9200,-0.001362,-0.014580
onnx,0.1000,6.9300,-0.001351,-0.014464
onnx,0.1000,6.9400,-0.001340,-0.014347
onnx,0.1000,6.9500,-0.001329,-0.014231
onnx,0.1000,6.9600,-0.001319,-0.014115
onnx,0.1000,6.9700,-0.001308,-0.013998
onnx,0.1000,6.9800,-0.001297,-0.013882
onnx,0.1000,6.9900,-0.001287,-0.013766
onnx,0.1000,7.0000,-0.001276,-0.013650
onnx,0.1000,7.0100,-0.001265,-0.013534
onnx,0.1000,7.0200,-0.001254,-0.013419
onnx,0.1000,7.0300,-0.001244,-0.013303
onnx,0.1000,7.0400,-0.001233,-0.013187
onnx,0.1000,7.0500,-0.001222,-0.013072
onnx,0.1000,7.0600,-0.001212,-0.012956
onnx,0.1000,7.0700,-0.001201,-0.012841
onnx,0.1000,7.0800,-0.001190,-0.012725
onnx,0.1000,7.0900,-0.001180,-0.012610
onnx,0.1000,7.1000,-0.001169,-0.012495
onnx,0.1000,7.1100,-0.001159,-0.012380
onnx,0.1000,7.1200,-0.001148,-0.012265
onnx,0.1000,7.1300,-0.001137,-0.012150
onnx,0.1000,7.1400,-0.001127,-0.012035
onnx,0.1000,7.1500,-0.001116,-0.011920
onnx,0.1000,7.1600,-0.001106,-0.011806
onnx,0.1000,7.1700,-0.001095,-0.011691
onnx,0.1000,7.1800,-0.001084,-0.011576
onnx,0.1000,7.1900,-0.001074,-0.011462
onnx,0.1000,7.2000,-0.001063,-0.011348
onnx,0.1000,7.2100,-0.001053,-0.011234
onnx,0.1000,7.2200,-0.001042,-0.011119
onnx,0.1000,7.2300,-0.001032,-0.011005
onnx,0.1000,7.2400,-0.001021,-0.010891
onnx,0.1000,7.2500,-0.001011,-0.010778
onnx,0.1000,7.2600,-0.001000,-0.010664
onnx,0.1000,7.2700,-0.000990,-0.010550
onnx,0.1000,7.2800,-0.000979,-0.010437
onnx,0.1000,7.2900,-0.000969,-0.010323
onnx,0.1000,7.3000,-0.000958,-0.010210
onnx,0.1000,7.3100,-0.000948,-0.010097
onnx,0.1000,7.3200,-0.000937,-0.009984
onnx,0.1000,7.3300,-0.000927,-0.009871
onnx,0.1000,7.3400,-0.000917,-0.009758
onnx,0.1000,7.3500,-0.000906,-0.009645
onnx,0.1000,7.3600,-0.000896,-0.009532
onnx,0.1000,7.3700,-0.000885,-0.009420
onnx,0.1000,7.3800,-0.000875,-0.009307
onnx,0.1000,7.3900,-0.000865,-0.009195
onnx,0.1000,7.4000,-0.000854,-0.009082
onnx,0.1000,7.4100,-0.000844,-0.008970
onnx,0.1000,7.4200,-0.000833,-0.008858
onnx,0.1000,7.4300,-0.000823,-0.008746
onnx,0.1000,7.4400,-0.000813,-0.008635
onnx,0.1000,7.4500,-0.000803,-0.008523
onnx,0.1000,7.4600,-0.000792,-0.008411
onnx,0.1000,7.4700,-0.000782,-0.008300
onnx,0.1000,7.4800,-0.000772,-0.008188
onnx,0.1000,7.4900,-0.000761,-0.008077
onnx,0.1000,7.5000,-0.000751,-0.007966
onnx,0.1000,7.5100,-0.000741,-0.007855
onnx,0.1000,7.5200,-0.000731,-0.007744
onnx,0.1000,7.5300,-0.000720,-0.007634
onnx,0.1000,7.5400,-0.000710,-0.007523
onnx,0.1000,7.5500,-0.000700,-0.007412
onnx,0.1000,7.5600,-0.000690,-0.007302
onnx,0.1000,7.5700,-0.000680,-0.007192
onnx,0.1000,7.5800,-0.000669,-0.007082
onnx,0.1000,7.5900,-0.000659,-0.006972
onnx,0.1000,7.6000,-0.000649,-0.006862
onnx,0.1000,7.6100,-0.000639,-0.006752
onnx,0.1000,7.6200,-0.000629,-0.006643
onnx,0.1000,7.6300,-0.000619,-0.006533
onnx,0.1000,7.6400,-0.000609,-0.006424
onnx,0.1000,7.6500,-0.000599,-0.006315
onnx,0.1000,7.6600,-0.000589,-0.006206
onnx,0.1000,7.6700,-0.000578,-0.006097
onnx,0.1000,7.6800,-0.000568,-0.005988
onnx,0.1000,7.6900,-0.000558,-0.005879
onnx,0.1000,7.7000,-0.000548,-0.005771
onnx,0.1000,7.7100,-0.000538,-0.005662
onnx,0.1000,7.7200,-0.000528,-0.005554
onnx,0.1000,7.7300,-0.000518,-0.005446
onnx,0.1000,7.7400,-0.000508,-0.005338
onnx,0.1000,7.7500,-0.000498,-0.005230
onnx,0.1000,7.7600,-0.000488,-0.005123
onnx,0.1000,7.7700,-0.000479,-0.005015
onnx,0.1000,7.7800,-0.000469,-0.004908
onnx,0.1000,7.7900,-0.000459,-0.004800
onnx,0.1000,7.8000,-0.000449,-0.004693
onnx,0.1000,7.8100,-0.000439,-0.004586
onnx,0.1000,7.8200,-0.000429,-0.004480
onnx,0.1000,7.8300,-0.000419,-0.004373
onnx,0.1000,7.8400,-0.000409,-0.004266
onnx,0.1000,7.8500,-0.000400,-0.004160
onnx,0.1000,7.8600,-0.000390,-0.004054
onnx,0.1000,7.8700,-0.000380,-0.003948
onnx,0.1000,7.8800,-0.000370,-0.003842
onnx,0.1000,7.8900,-0.000360,-0.003736
onnx,0.1000,7.9000,-0.000351,-0.003630
onnx,0.1000,7.9100,-0.000341,-0.003525
onnx,0.1000,7.9200,-0.000331,-0.003420
onnx,0.1000,7.9300,-0.000321,-0.003315
onnx,0.1000,7.9400,-0.000312,-0.003210
onnx,0.1000,7.9500,-0.000302,-0.003105
onnx,0.1000,7.9600,-0.000292,-0.003000
onnx,0.1000,7.9700,-0.000283,-0.002896
onnx,0.1000,7.9800,-0.000273,-0.002791
onnx,0.1000,7.9900,-0.000263,-0.002687
onnx,0.1000,8.0000,-0.000254,-0.002583
onnx,0.1000,8.0100,-0.000244,-0.002479
onnx,0.1000,8.0200,-0.000235,-0.002376
onnx,0.1000,8.0300,-0.000225,-0.002272
onnx,0.1000,8.0400,-0.000216,-0.002169
onnx,0.1000,8.0500,-0.000206,-0.002065
onnx,0.1000,8.0600,-0.000196,-0.001962
onnx,0.1000,8.0700,-0.000187,-0.001860
onnx,0.1000,8.0800,-0.000177,-0.001757
onnx,0.1000,8.0900,-0.000168,-0.001654
onnx,0.1000,8.1000,-0.000159,-0.001552
onnx,0.1000,8.1100,-0.000149,-0.001450
onnx,0.1000,8.1200,-0.000140,-0.001348
onnx,0.1000,8.1300,-0.000130,-0.001246
onnx,0.1000,8.1400,-0.000121,-0.001144
onnx,0.1000,8.1500,-0.000111,-0.001043
onnx,0.1000,8.1600,-0.000102,-0.000941
onnx,0.1000,8.1700,-0.000093,-0.000840
onnx,0.1000,8.1800,-0.000083,-0.000739
onnx,0.1000,8.1900,-0.000074,-0.000638
onnx,0.1000,8.2000,-0.000065,-0.000538
onnx,0.1000,8.2100,-0.000055,-0.000437
onnx,0.1000,8.2200,-0.000046,-0.000337
onnx,0.1000,8.2300,-0.000037,-0.000237
onnx,0.1000,8.2400,-0.000028,-0.000137
onnx,0.1000,8.2500,-0.000018,-0.000037
onnx,0.1000,8.2600,-0.000009,0.000063
onnx,0.1000,8.2700,-0.000000,0.000162
onnx,0.1000,8.2800,0.000009,0.000261
onnx,0.1000,8.2900,0.000018,0.000360
onnx,0.1000,8.3000,0.000027,0.000459
onnx,0.1000,8.3100,0.000037,0.000558
onnx,0.1000,8.3200,0.000046,0.000656
onnx,0.1000,8.3300,0.000055,0.000755
onnx,0.1000,8.3400,0.000064,0.000853
onnx,0.1000,8.3500,0.000073,0.000951
onnx,0.1000,8.3600,0.000082,0.001048
onnx,0.1000,8.3700,0.000091,0.001146
onnx,0.1000,8.3800,0.000100,0.001243
onnx,0.1000,8.3900,0.000109,0.001341
onnx,0.1000,8.4000,0.000118,0.001438
onnx,0.1000,8.4100,0.000127,0.001534
onnx,0.1000,8.4200,0.000136,0.001631
onnx,0.1000,8.4300,0.000145,0.001727
onnx,0.1000,8.4400,0.000154,0.001824
onnx,0.1000,8.4500,0.000162,0.001920
onnx,0.1000,8.4600,0.000171,0.002016
onnx,0.1000,8.4700,0.000180,0.002111
onnx,0.1000,8.4800,0.000189,0.002207
onnx,0.1000,8.4900,0.000198,0.002302
onnx,0.1000,8.5000,0.000207,0.002397
onnx,0.1000,8.5100,0.000215,0.002492
onnx,0.1000,8.5200,0.000224,0.002587
onnx,0.1000,8.5300,0.000233,0.002681
onnx,0.1000,8.5400,0.000242,0.002776
onnx,0.1000,8.5500,0.000250,0.002870
onnx,0.1000,8.5600,0.000259,0.002964
onnx,0.1000,8.5700,0.000268,0.003057
onnx,0.1000,8.5800,0.000276,0.003151
onnx,0.1000,8.5900,0.000285,0.003244
onnx,0.1000,8.6000,0.000294,0.003337
onnx,0.1000,8.6100,0.000302,0.003430
onnx,0.1000,8.6200,0.000311,0.003523
onnx,0.1000,8.6300,0.000319,0.003615
onnx,0.1000,8.6400,0.000328,0.003708
onnx,0.1000,8.6500,0.000336,0.003800
onnx,0.1000,8.6600,0.000345,0.003892
onnx,0.1000,8.6700,0.000353,0.003983
onnx,0.1000,8.6800,0.000362,0.004075
onnx,0.1000,8.6900,0.000370,0.004166
onnx,0.1000,8.7000,0.000379,0.004257
onnx,0.1000,8.7100,0.000387,0.004348
onnx,0.1000,8.7200,0.000395,0.004439
onnx,0.1000,8.7300,0.000404,0.004529
onnx,0.1000,8.7400,0.000412,0.004619
onnx,0.1000,8.7500,0.000421,0.004709
onnx,0.1000,8.7600,0.000429,0.004799
onnx,0.1000,8.7700,0.000437,0.004889
onnx,0.1000,8.7800,0.000445,0.004978
onnx,0.1000,8.7900,0.000454,0.005067
onnx,0.1000,8.8000,0.000462,0.005156
onnx,0.1000,8.8100,0.000470,0.005245
onnx,0.1000,8.8200,0.000478,0.005334
onnx,0.1000,8.8300,0.000486,0.005422
onnx,0.1000,8.8400,0.000495,0.005510
onnx,0.1000,8.8500,0.000503,0.005598
onnx,0.1000,8.8600,0.000511,0.005686
onnx,0.1000,8.8700,0.000519,0.005773
onnx,0.1000,8.8800,0.000527,0.005861
onnx,0.1000,8.8900,0.000535,0.005948
onnx,0.1000,8.9000,0.000543,0.006035
onnx,0.1000,8.9100,0.000551,0.006121
onnx,0.1000,8.9200,0.000559,0.006208
onnx,0.1000,8.9300,0.000567,0.006294
onnx,0.1000,8.9400,0.000575,0.006380
onnx,0.1000,8.9500,0.000583,0.006466
onnx,0.1000,8.9600,0.000591,0.006551
onnx,0.1000,8.9700,0.000599,0.006636
onnx,0.1000,8.9800,0.000607,0.006722
onnx,0.1000,8.9900,0.000615,0.006806
onnx,0.1000,9.0000,0.000622,0.006891
onnx,0.1000,9.0100,0.000630,0.006976
onnx,0.1000,9.0200,0.000638,0.007060
onnx,0.1000,9.0300,0.000646,0.007144
onnx,0.1000,9.0400,0.000654,0.007228
onnx,0.1000,9.0500,0.000661,0.007311
onnx,0.1000,9.0600,0.000669,0.007394
onnx,0.1000,9.0700,0.000677,0.007478
onnx,0.1000,9.0800,0.000684,0.007561
onnx,0.1000,9.0900,0.000692,0.007643
onnx,0.1000,9.1000,0.000700,0.007726
onnx,0.1000,9.1100,0.000707,0.007808
onnx,0.1000,9.1200,0.000715,0.007890
onnx,0.1000,9.1300,0.000722,0.007972
onnx,0.1000,9.1400,0.000730,0.008053
onnx,0.1000,9.1500,0.000738,0.008134
onnx,0.1000,9.1600,0.000745,0.008215
onnx,0.1000,9.1700,0.000753,0.008296
onnx,0.1000,9.1800,0.000760,0.008377
onnx,0.1000,9.1900,0.000767,0.008457
onnx,0.1000,9.2000,0.000775,0.008538
onnx,0.1000,9.2100,0.000782,0.008617
onnx,0.1000,9.2200,0.000790,0.008697
onnx,0.1000,9.2300,0.000797,0.008777
onnx,0.1000,9.2400,0.000804,0.008856
onnx,0.1000,9.2500,0.000812,0.008935
onnx,0.1000,9.2600,0.000819,0.009014
onnx,0.1000,9.2700,0.000826,0.009092
onnx,0.1000,9.2800,0.000834,0.009171
onnx,0.1000,9.2900,0.000841,0.009249
onnx,0.1000,9.3000,0.000848,0.009326
onnx,0.1000,9.3100,0.000855,0.009404
onnx,0.1000,9.3200,0.000862,0.009482
onnx,0.1000,9.3300,0.000869,0.009559
onnx,0.1000,9.3400,0.000877,0.009636
onnx,0.1000,9.3500,0.000884,0.009712
onnx,0.1000,9.3600,0.000891,0.009789
onnx,0.1000,9.3700,0.000898,0.009865
onnx,0.1000,9.3800,0.000905,0.009941
onnx,0.1000,9.3900,0.000912,0.010017
onnx,0.1000,9.4000,0.000919,0.010092
onnx,0.1000,9.4100,0.000926,0.010168
onnx,0.1000,9.4200,0.000933,0.010243
onnx,0.1000,9.4300,0.000940,0.010317
onnx,0.1000,9.4400,0.000947,0.010392
onnx,0.1000,9.4500,0.000954,0.010466
onnx,0.1000,9.4600,0.000960,0.010540
onnx,0.1000,9.4700,0.000967,0.010614
onnx,0.1000,9.4800,0.000974,0.010688
onnx,0.1000,9.4900,0.000981,0.010761
onnx,0.1000,9.5000,0.000988,0.010834
onnx,0.1000,9.5100,0.000994,0.010907
onnx,0.1000,9.5200,0.001001,0.010980
onnx,0.1000,9.5300,0.001008,0.011052
onnx,0.1000,9.5400,0.001015,0.011124
onnx,0.1000,9.5500,0.001021,0.011196
onnx,0.1000,9.5600,0.001028,0.011268
onnx,0.1000,9.5700,0.001035,0.011340
onnx,0.1000,9.5800,0.001041,0.011411
onnx,0.1000,9.5900,0.001048,0.011482
onnx,0.1000,9.6000,0.001054,0.011552
onnx,0.1000,9.6100,0.001061,0.011623
onnx,0.1000,9.6200,0.001067,0.011693
onnx,0.1000,9.6300,0.001074,0.011763
onnx,0.1000,9.6400,0.001080,0.011833
onnx,0.1000,9.6500,0.001087,0.011903
onnx,0.1000,9.6600,0.001093,0.011972
onnx,0.1000,9.6700,0.001100,0.012041
onnx,0.1000,9.6800,0.001106,0.012110
onnx,0.1000,9.6900,0.001112,0.012178
onnx,0.1000,9.7000,0.001119,0.012246
onnx,0.1000,9.7100,0.001125,0.012314
onnx,0.1000,9.7200,0.001131,0.012382
onnx,0.1000,9.7300,0.001137,0.012450
onnx,0.1000,9.7400,0.001144,0.012517
onnx,0.1000,9.7500,0.001150,0.012584
onnx,0.1000,9.7600,0.001156,0.012651
onnx,0.1000,9.7700,0.001162,0.012718
onnx,0.1000,9.7800,0.001168,0.012784
onnx,0.1000,9.7900,0.001175,0.012850
onnx,0.1000,9.8000,0.001181,0.012916
onnx,0.1000,9.8100,0.001187,0.012982
onnx,0.1000,9.8200,0.001193,0.013047
onnx,0.1000,9.8300,0.001199,0.013112
onnx,0.1000,9.8400,0.001205,0.013177
onnx,0.1000,9.8500,0.001211,0.013241
onnx,0.1000,9.8600,0.001217,0.013306
onnx,0.1000,9.8700,0.001223,0.013370
onnx,0.1000,9.8800,0.001229,0.013434
onnx,0.1000,9.8900,0.001235,0.013497
onnx,0.1000,9.9000,0.001240,0.013561
onnx,0.1000,9.9100,0.001246,0.013624
onnx,0.1000,9.9200,0.001252,0.013687
onnx,0.1000,9.9300,0.001258,0.013749
onnx,0.1000,9.9400,0.001264,0.013812
onnx,0.1000,9.9500,0.001270,0.013874
onnx,0.1000,9.9600,0.001275,0.013936
onnx,0.1000,9.9700,0.001281,0.013997
onnx,0.1000,9.9800,0.001287,0.014059
onnx,0.1000,9.9900,0.001292,0.014120
onnx,0.1000,10.0000,0.001298,0.000000
pd,-0.1000,0.0000,-0.100000,-12.000000
pd,-0.1000,0.0100,-0.099206,-8.959512
pd,-0.1000,0.0200,-0.097042,-6.576078
pd,-0.1000,0.0300,-0.093900,-4.714300
pd,-0.1000,0.0400,-0.090085,-3.266418
pd,-0.1000,0.0500,-0.085829,-2.146570
pd,-0.1000,0.0600,-0.081314,-1.286298
pd,-0.1000,0.0700,-0.076677,-0.631021
pd,-0.1000,0.0800,-0.072021,-0.137239
pd,-0.1000,0.0900,-0.067422,0.229692
pd,-0.1000,0.1000,-0.062936,0.497333
pd,-0.1000,0.1100,-0.058602,0.687577
pd,-0.1000,0.1200,-0.054447,0.817793
pd,-0.1000,0.1300,-0.050488,0.901731
pd,-0.1000,0.1400,-0.046734,0.950256
pd,-0.1000,0.1500,-0.043189,0.971932
pd,-0.1000,0.1600,-0.039853,0.973488
pd,-0.1000,0.1700,-0.036722,0.960201
pd,-0.1000,0.1800,-0.033790,0.936188
pd,-0.1000,0.1900,-0.031049,0.904648
pd,-0.1000,0.2000,-0.028493,0.868057
pd,-0.1000,0.2100,-0.026111,0.828315
pd,-0.1000,0.2200,-0.023895,0.786871
pd,-0.1000,0.2300,-0.021834,0.744817
pd,-0.1000,0.2400,-0.019920,0.702968
pd,-0.1000,0.2500,-0.018143,0.661921
pd,-0.1000,0.2600,-0.016494,0.622101
pd,-0.1000,0.2700,-0.014966,0.583803
pd,-0.1000,0.2800,-0.013549,0.547220
pd,-0.1000,0.2900,-0.012237,0.512468
pd,-0.1000,0.3000,-0.011021,0.479604
pd,-0.1000,0.3100,-0.009895,0.448640
pd,-0.1000,0.3200,-0.008853,0.419556
pd,-0.1000,0.3300,-0.007889,0.392307
pd,-0.1000,0.3400,-0.006996,0.366833
pd,-0.1000,0.3500,-0.006170,0.343062
pd,-0.1000,0.3600,-0.005405,0.320912
pd,-0.1000,0.3700,-0.004698,0.300302
pd,-0.1000,0.3800,-0.004044,0.281145
pd,-0.1000,0.3900,-0.003438,0.263355
pd,-0.1000,0.4000,-0.002878,0.246849
pd,-0.1000,0.4100,-0.002359,0.231544
pd,-0.1000,0.4200,-0.001880,0.217363
pd,-0.1000,0.4300,-0.001436,0.204229
pd,-0.1000,0.4400,-0.001025,0.192071
pd,-0.1000,0.4500,-0.000645,0.180820
pd,-0.1000,0.4600,-0.000293,0.170413
pd,-0.1000,0.4700,0.000033,0.160790
pd,-0.1000,0.4800,0.000334,0.151893
pd,-0.1000,0.4900,0.000613,0.143671
pd,-0.1000,0.5000,0.000872,0.136074
pd,-0.1000,0.5100,0.001111,0.129055
pd,-0.1000,0.5200,0.001333,0.122572
pd,-0.1000,0.5300,0.001538,0.116585
pd,-0.1000,0.5400,0.001728,0.111057
pd,-0.1000,0.5500,0.001905,0.105954
pd,-0.1000,0.5600,0.002068,0.101244
pd,-0.1000,0.5700,0.002220,0.096897
pd,-0.1000,0.5800,0.002360,0.092887
pd,-0.1000,0.5900,0.002491,0.089186
pd,-0.1000,0.6000,0.002612,0.085773
pd,-0.1000,0.6100,0.002724,0.082625
pd,-0.1000,0.6200,0.002829,0.079722
pd,-0.1000,0.6300,0.002926,0.077045
pd,-0.1000,0.6400,0.003016,0.074578
pd,-0.1000,0.6500,0.003099,0.072304
pd,-0.1000,0.6600,0.003177,0.070209
pd,-0.1000,0.6700,0.003250,0.068279
pd,-0.1000,0.6800,0.003317,0.066502
pd,-0.1000,0.6900,0.003380,0.064865
pd,-0.1000,0.7000,0.003439,0.063358
pd,-0.1000,0.7100,0.003493,0.061972
pd,-0.1000,0.7200,0.003544,0.060697
pd,-0.1000,0.7300,0.003592,0.059523
pd,-0.1000,0.7400,0.003636,0.058445
pd,-0.1000,0.7500,0.003677,0.057454
pd,-0.1000,0.7600,0.003716,0.056544
pd,-0.1000,0.7700,0.003753,0.055708
pd,-0.1000,0.7800,0.003787,0.054941
pd,-0.1000,0.7900,0.003819,0.054237
pd,-0.1000,0.8000,0.003849,0.053593
pd,-0.1000,0.8100,0.003877,0.053002
pd,-0.1000,0.8200,0.003903,0.052461
pd,-0.1000,0.8300,0.003928,0.051966
pd,-0.1000,0.8400,0.003952,0.051514
pd,-0.1000,0.8500,0.003974,0.051101
pd,-0.1000,0.8600,0.003995,0.050725
pd,-0.1000,0.8700,0.004014,0.050382
pd,-0.1000,0.8800,0.004033,0.050069
pd,-0.1000,0.8900,0.004051,0.049785
pd,-0.1000,0.9000,0.004067,0.049528
pd,-0.1000,0.9100,0.004083,0.049294
pd,-0.1000,0.9200,0.004099,0.049083
pd,-0.1000,0.9300,0.004113,0.048893
pd,-0.1000,0.9400,0.004127,0.048721
pd,-0.1000,0.9500,0.004140,0.048567
pd,-0.1000,0.9600,0.004152,0.048429
pd,-0.1000,0.9700,0.004164,0.048306
pd,-0.1000,0.9800,0.004176,0.048197
pd,-0.1000,0.9900,0.004187,0.048100
pd,-0.1000,1.0000,0.004197,0.048015
pd,-0.1000,1.0100,0.004207,0.047940
pd,-0.1000,1.0200,0.004217,0.047875
pd,-0.1000,1.0300,0.004226,0.047820
pd,-0.1000,1.0400,0.004235,0.047772
pd,-0.1000,1.0500,0.004244,0.047732
pd,-0.1000,1.0600,0.004252,0.047699
pd,-0.1000,1.0700,0.004261,0.047673
pd,-0.1000,1.0800,0.004268,0.047653
pd,-0.1000,1.0900,0.004276,0.047637
pd,-0.1000,1.1000,0.004284,0.047627
pd,-0.1000,1.1100,0.004291,0.047622
pd,-0.1000,1.1200,0.004298,0.047620
pd,-0.1000,1.1300,0.004305,0.047623
pd,-0.1000,1.1400,0.004311,0.047628
pd,-0.1000,1.1500,0.004318,0.047637
pd,-0.1000,1.1600,0.004324,0.047649
pd,-0.1000,1.1700,0.004330,0.047664
pd,-0.1000,1.1800,0.004336,0.047681
pd,-0.1000,1.1900,0.004342,0.047700
pd,-0.1000,1.2000,0.004348,0.047721
pd,-0.1000,1.2100,0.004354,0.047743
pd,-0.1000,1.2200,0.004359,0.047768
pd,-0.1000,1.2300,0.004364,0.047793
pd,-0.1000,1.2400,0.004370,0.047820
pd,-0.1000,1.2500,0.004375,0.047849
pd,-0.1000,1.2600,0.004380,0.047878
pd,-0.1000,1.2700,0.004385,0.047908
pd,-0.1000,1.2800,0.004390,0.047939
pd,-0.1000,1.2900,0.004395,0.047971
pd,-0.1000,1.3000,0.004400,0.048003
pd,-0.1000,1.3100,0.004404,0.048035
pd,-0.1000,1.3200,0.004409,0.048069
pd,-0.1000,1.3300,0.004413,0.048102
pd,-0.1000,1.3400,0.004418,0.048136
pd,-0.1000,1.3500,0.004422,0.048170
pd,-0.1000,1.3600,0.004426,0.048204
pd,-0.1000,1.3700,0.004431,0.048239
pd,-0.1000,1.3800,0.004435,0.048273
pd,-0.1000,1.3900,0.004439,0.048308
pd,-0.1000,1.4000,0.004443,0.048342
pd,-0.1000,1.4100,0.004447,0.048376
pd,-0.1000,1.4200,0.004451,0.048411
pd,-0.1000,1.4300,0.004455,0.048445
pd,-0.1000,1.4400,0.004458,0.048479
pd,-0.1000,1.4500,0.004462,0.048513
pd,-0.1000,1.4600,0.004466,0.048547
pd,-0.1000,1.4700,0.004469,0.048580
pd,-0.1000,1.4800,0.004473,0.048613
pd,-0.1000,1.4900,0.004476,0.048646
pd,-0.1000,1.5000,0.004480,0.048679
pd,-0.1000,1.5100,0.004483,0.048711
pd,-0.1000,1.5200,0.004486,0.048743
pd,-0.1000,1.5300,0.004490,0.048775
pd,-0.1000,1.5400,0.004493,0.048807
pd,-0.1000,1.5500,0.004496,0.048838
pd,-0.1000,1.5600,0.004499,0.048868
pd,-0.1000,1.5700,0.004502,0.048899
pd,-0.1000,1.5800,0.004505,0.048928
pd,-0.1000,1.5900,0.004508,0.048958
pd,-0.1000,1.6000,0.004511,0.048987
pd,-0.1000,1.6100,0.004514,0.049016
pd,-0.1000,1.6200,0.004517,0.049044
pd,-0.1000,1.6300,0.004520,0.049072
pd,-0.1000,1.6400,0.004522,0.049099
pd,-0.1000,1.6500,0.004525,0.049126
pd,-0.1000,1.6600,0.004528,0.049153
pd,-0.1000,1.6700,0.004530,0.049179
pd,-0.1000,1.6800,0.004533,0.049205
pd,-0.1000,1.6900,0.004535,0.049230
pd,-0.1000,1.7000,0.004538,0.049255
pd,-0.1000,1.7100,0.004540,0.049279
pd,-0.1000,1.7200,0.004542,0.049303
pd,-0.1000,1.7300,0.004545,0.049326
pd,-0.1000,1.7400,0.004547,0.049349
pd,-0.1000,1.7500,0.004549,0.049372
pd,-0.1000,1.7600,0.004551,0.049394
pd,-0.1000,1.7700,0.004553,0.049415
pd,-0.1000,1.7800,0.004555,0.049436
pd,-0.1000,1.7900,0.004557,0.049457
pd,-0.1000,1.8000,0.004559,0.049477
pd,-0.1000,1.8100,0.004561,0.049496
pd,-0.1000,1.8200,0.004563,0.049516
pd,-0.1000,1.8300,0.004565,0.049534
pd,-0.1000,1.8400,0.004567,0.049553
pd,-0.1000,1.8500,0.004568,0.049570
pd,-0.1000,1.8600,0.004570,0.049587
pd,-0.1000,1.8700,0.004572,0.049604
pd,-0.1000,1.8800,0.004573,0.049621
pd,-0.1000,1.8900,0.004575,0.049636
pd,-0.1000,1.9000,0.004576,0.049652
pd,-0.1000,1.9100,0.004578,0.049666
pd,-0.1000,1.9200,0.004579,0.049681
pd,-0.1000,1.9300,0.004581,0.049695
pd,-0.1000,1.9400,0.004582,0.049708
pd,-0.1000,1.9500,0.004583,0.049721
pd,-0.1000,1.9600,0.004584,0.049734
pd,-0.1000,1.9700,0.004586,0.049746
pd,-0.1000,1.9800,0.004587,0.049757
pd,-0.1000,1.9900,0.004588,0.049768
pd,-0.1000,2.0000,0.004589,0.049779
pd,-0.1000,2.0100,0.004590,0.049789
pd,-0.1000,2.0200,0.004591,0.049798
pd,-0.1000,2.0300,0.004592,0.049807
pd,-0.1000,2.0400,0.004593,0.049816
pd,-0.1000,2.0500,0.004593,0.049824
pd,-0.1000,2.0600,0.004594,0.049832
pd,-0.1000,2.0700,0.004595,0.049839
pd,-0.1000,2.0800,0.004596,0.049846
pd,-0.1000,2.0900,0.004596,0.049852
pd,-0.1000,2.1000,0.004597,0.049858
pd,-0.1000,2.1100,0.004598,0.049863
pd,-0.1000,2.1200,0.004598,0.049868
pd,-0.1000,2.1300,0.004599,0.049873
pd,-0.1000,2.1400,0.004599,0.049876
pd,-0.1000,2.1500,0.004599,0.049880
pd,-0.1000,2.1600,0.004600,0.049883
pd,-0.1000,2.1700,0.004600,0.049885
pd,-0.1000,2.1800,0.004600,0.049887
pd,-0.1000,2.1900,0.004600,0.049889
pd,-0.1000,2.2000,0.004601,0.049890
pd,-0.1000,2.2100,0.004601,0.049891
pd,-0.1000,2.2200,0.004601,0.049891
pd,-0.1000,2.2300,0.004601,0.049891
pd,-0.1000,2.2400,0.004601,0.049890
pd,-0.1000,2.2500,0.004601,0.049889
pd,-0.1000,2.2600,0.004601,0.049887
pd,-0.1000,2.2700,0.004601,0.049885
pd,-0.1000,2.2800,0.004600,0.049882
pd,-0.1000,2.2900,0.004600,0.049879
pd,-0.1000,2.3000,0.004600,0.049876
pd,-0.1000,2.3100,0.004600,0.049872
pd,-0.1000,2.3200,0.004599,0.049867
pd,-0.1000,2.3300,0.004599,0.049863
pd,-0.1000,2.3400,0.004599,0.049857
pd,-0.1000,2.3500,0.004598,0.049851
pd,-0.1000,2.3600,0.004598,0.049845
pd,-0.1000,2.3700,0.004597,0.049839
pd,-0.1000,2.3800,0.004596,0.049831
pd,-0.1000,2.3900,0.004596,0.049824
pd,-0.1000,2.4000,0.004595,0.049816
pd,-0.1000,2.4100,0.004594,0.049807
pd,-0.1000,2.4200,0.004594,0.049798
pd,-0.1000,2.4300,0.004593,0.049789
pd,-0.1000,2.4400,0.004592,0.049779
pd,-0.1000,2.4500,0.004591,0.049769
pd,-0.1000,2.4600,0.004590,0.049758
pd,-0.1000,2.4700,0.004589,0.049747
pd,-0.1000,2.4800,0.004588,0.049735
pd,-0.1000,2.4900,0.004587,0.049723
pd,-0.1000,2.5000,0.004586,0.049711
pd,-0.1000,2.5100,0.004585,0.049698
pd,-0.1000,2.5200,0.004584,0.049685
pd,-0.1000,2.5300,0.004583,0.049671
pd,-0.1000,2.5400,0.004581,0.049657
pd,-0.1000,2.5500,0.004580,0.049642
pd,-0.1000,2.5600,0.004579,0.049627
pd,-0.1000,2.5700,0.004577,0.049611
pd,-0.1000,2.5800,0.004576,0.049595
pd,-0.1000,2.5900,0.004574,0.049579
pd,-0.1000,2.6000,0.004573,0.049562
pd,-0.1000,2.6100,0.004571,0.049545
pd,-0.1000,2.6200,0.004570,0.049527
pd,-0.1000,2.6300,0.004568,0.049509
pd,-0.1000,2.6400,0.004567,0.049490
pd,-0.1000,2.6500,0.004565,0.049471
pd,-0.1000,2.6600,0.004563,0.049452
pd,-0.1000,2.6700,0.004561,0.049432
pd,-0.1000,2.6800,0.004560,0.049412
pd,-0.1000,2.6900,0.004558,0.049391
pd,-0.1000,2.7000,0.004556,0.049370
pd,-0.1000,2.7100,0.004554,0.049348
pd,-0.1000,2.7200,0.004552,0.049326
pd,-0.1000,2.7300,0.004550,0.049304
pd,-0.1000,2.7400,0.004548,0.049281
pd,-0.1000,2.7500,0.004546,0.049258
pd,-0.1000,2.7600,0.004544,0.049234
pd,-0.1000,2.7700,0.004542,0.049210
pd,-0.1000,2.7800,0.004539,0.049185
pd,-0.1000,2.7900,0.004537,0.049161
pd,-0.1000,2.8000,0.004535,0.049135
pd,-0.1000,2.8100,0.004533,0.049109
pd,-0.1000,2.8200,0.004530,0.049083
pd,-0.1000,2.8300,0.004528,0.049057
pd,-0.1000,2.8400,0.004525,0.049030
pd,-0.1000,2.8500,0.004523,0.049002
pd,-0.1000,2.8600,0.004520,0.048975
pd,-0.1000,2.8700,0.004518,0.048946
pd,-0.1000,2.8800,0.004515,0.048918
pd,-0.1000,2.8900,0.004513,0.048889
pd,-0.1000,2.9000,0.004510,0.048859
pd,-0.1000,2.9100,0.004507,0.048829
pd,-0.1000,2.9200,0.004505,0.048799
pd,-0.1000,2.9300,0.004502,0.048769
pd,-0.1000,2.9400,0.004499,0.048738
pd,-0.1000,2.9500,0.004496,0.048706
pd,-0.1000,2.9600,0.004493,0.048674
pd,-0.1000,2.9700,0.004490,0.048642
pd,-0.1000,2.9800,0.004487,0.048609
pd,-0.1000,2.9900,0.004484,0.048576
pd,-0.1000,3.0000,0.004481,0.048543
pd,-0.1000,3.0100,0.004478,0.048509
pd,-0.1000,3.0200,0.004475,0.048475
pd,-0.1000,3.0300,0.004472,0.048440
pd,-0.1000,3.0400,0.004469,0.048405
pd,-0.1000,3.0500,0.004466,0.048370
pd,-0.1000,3.0600,0.004463,0.048334
pd,-0.1000,3.0700,0.004459,0.048298
pd,-0.1000,3.0800,0.004456,0.048262
pd,-0.1000,3.0900,0.004453,0.048225
pd,-0.1000,3.1000,0.004449,0.048187
pd,-0.1000,3.1100,0.004446,0.048150
pd,-0.1000,3.1200,0.004442,0.048111
pd,-0.1000,3.1300,0.004439,0.048073
pd,-0.1000,3.1400,0.004435,0.048034
pd,-0.1000,3.1500,0.004432,0.047995
pd,-0.1000,3.1600,0.004428,0.047955
pd,-0.1000,3.1700,0.004424,0.047915
pd,-0.1000,3.1800,0.004421,0.047875
pd,-0.1000,3.1900,0.004417,0.047834
pd,-0.1000,3.2000,0.004413,0.047793
pd,-0.1000,3.2100,0.004410,0.047752
pd,-0.1000,3.2200,0.004406,0.047710
pd,-0.1000,3.2300,0.004402,0.047667
pd,-0.1000,3.2400,0.004398,0.047625
pd,-0.1000,3.2500,0.004394,0.047582
pd,-0.1000,3.2600,0.004390,0.047538
pd,-0.1000,3.2700,0.004386,0.047495
pd,-0.1000,3.2800,0.004382,0.047451
pd,-0.1000,3.2900,0.004378,0.047406
pd,-0.1000,3.3000,0.004374,0.047361
pd,-0.1000,3.3100,0.004370,0.047316
pd,-0.1000,3.3200,0.004366,0.047271
pd,-0.1000,3.3300,0.004362,0.047225
pd,-0.1000,3.3400,0.004357,0.047178
pd,-0.1000,3.3500,0.004353,0.047132
pd,-0.1000,3.3600,0.004349,0.047085
pd,-0.1000,3.3700,0.004345,0.047038
pd,-0.1000,3.3800,0.004340,0.046990
pd,-0.1000,3.3900,0.004336,0.046942
pd,-0.1000,3.4000,0.004331,0.046893
pd,-0.1000,3.4100,0.004327,0.046845
pd,-0.1000,3.4200,0.004323,0.046795
pd,-0.1000,3.4300,0.004318,0.046746
pd,-0.1000,3.4400,0.004313,0.046696
pd,-0.1000,3.4500,0.004309,0.046646
pd,-0.1000,3.4600,0.004304,0.046595
pd,-0.1000,3.4700,0.004300,0.046545
pd,-0.1000,3.4800,0.004295,0.046493
pd,-0.1000,3.4900,0.004290,0.046442
pd,-0.1000,3.5000,0.004286,0.046390
pd,-0.1000,3.5100,0.004281,0.046338
pd,-0.1000,3.5200,0.004276,0.046285
pd,-0.1000,3.5300,0.004271,0.046232
pd,-0.1000,3.5400,0.004266,0.046179
pd,-0.1000,3.5500,0.004261,0.046125
pd,-0.1000,3.5600,0.004256,0.046071
pd,-0.1000,3.5700,0.004252,0.046017
pd,-0.1000,3.5800,0.004247,0.045962
pd,-0.1000,3.5900,0.004242,0.045907
pd,-0.1000,3.6000,0.004236,0.045852
pd,-0.1000,3.6100,0.004231,0.045797
pd,-0.1000,3.6200,0.004226,0.045741
pd,-0.1000,3.6300,0.004221,0.045684
pd,-0.1000,3.6400,0.004216,0.045628
pd,-0.1000,3.6500,0.004211,0.045571
pd,-0.1000,3.6600,0.004206,0.045513
pd,-0.1000,3.6700,0.004200,0.045456
pd,-0.1000,3.6800,0.004195,0.045398
pd,-0.1000,3.6900,0.004190,0.045340
pd,-0.1000,3.7000,0.004184,0.045281
pd,-0.1000,3.7100,0.004179,0.045222
pd,-0.1000,3.7200,0.004173,0.045163
pd,-0.1000,3.7300,0.004168,0.045104
pd,-0.1000,3.7400,0.004163,0.045044
pd,-0.1000,3.7500,0.004157,0.044984
pd,-0.1000,3.7600,0.004152,0.044923
pd,-0.1000,3.7700,0.004146,0.044862
pd,-0.1000,3.7800,0.004140,0.044801
pd,-0.1000,3.7900,0.004135,0.044740
pd,-0.1000,3.8000,0.004129,0.044678
pd,-0.1000,3.8100,0.004123,0.044616
pd,-0.1000,3.8200,0.004118,0.044554
pd,-0.1000,3.8300,0.004112,0.044491
pd,-0.1000,3.8400,0.004106,0.044428
pd,-0.1000,3.8500,0.004100,0.044365
pd,-0.1000,3.8600,0.004095,0.044301
pd,-0.1000,3.8700,0.004089,0.044237
pd,-0.1000,3.8800,0.004083,0.044173
pd,-0.1000,3.8900,0.004077,0.044109
pd,-0.1000,3.9000,0.004071,0.044044
pd,-0.1000,3.9100,0.004065,0.043979
pd,-0.1000,3.9200,0.004059,0.043913
pd,-0.1000,3.9300,0.004053,0.043848
pd,-0.1000,3.9400,0.004047,0.043782
pd,-0.1000,3.9500,0.004041,0.043715
pd,-0.1000,3.9600,0.004035,0.043649
pd,-0.1000,3.9700,0.004029,0.043582
pd,-0.1000,3.9800,0.004023,0.043515
pd,-0.1000,3.9900,0.004016,0.043447
pd,-0.1000,4.0000,0.004010,0.043380
pd,-0.1000,4.0100,0.004004,0.043312
pd,-0.1000,4.0200,0.003998,0.043243
pd,-0.1000,4.0300,0.003991,0.043175
pd,-0.1000,4.0400,0.003985,0.043106
pd,-0.1000,4.0500,0.003979,0.043037
pd,-0.1000,4.0600,0.003972,0.042967
pd,-0.1000,4.0700,0.003966,0.042897
pd,-0.1000,4.0800,0.003960,0.042827
pd,-0.1000,4.0900,0.003953,0.042757
pd,-0.1000,4.1000,0.003947,0.042687
pd,-0.1000,4.1100,0.003940,0.042616
pd,-0.1000,4.1200,0.003934,0.042545
pd,-0.1000,4.1300,0.003927,0.042473
pd,-0.1000,4.1400,0.003921,0.042402
pd,-0.1000,4.1500,0.003914,0.042330
pd,-0.1000,4.1600,0.003907,0.042257
pd,-0.1000,4.1700,0.003901,0.042185
pd,-0.1000,4.1800,0.003894,0.042112
pd,-0.1000,4.1900,0.003887,0.042039
pd,-0.1000,4.2000,0.003881,0.041966
pd,-0.1000,4.2100,0.003874,0.041892
pd,-0.1000,4.2200,0.003867,0.041819
pd,-0.1000,4.2300,0.003860,0.041744
pd,-0.1000,4.2400,0.003854,0.041670
pd,-0.1000,4.2500,0.003847,0.041596
pd,-0.1000,4.2600,0.003840,0.041521
pd,-0.1000,4.2700,0.003833,0.041446
pd,-0.1000,4.2800,0.003826,0.041370
pd,-0.1000,4.2900,0.003819,0.041295
pd,-0.1000,4.3000,0.003812,0.041219
pd,-0.1000,4.3100,0.003805,0.041142
pd,-0.1000,4.3200,0.003798,0.041066
pd,-0.1000,4.3300,0.003791,0.040989
pd,-0.1000,4.3400,0.003784,0.040913
pd,-0.1000,4.3500,0.003777,0.040835
pd,-0.1000,4.3600,0.003770,0.040758
pd,-0.1000,4.3700,0.003763,0.040680
pd,-0.1000,4.3800,0.003756,0.040602
pd,-0.1000,4.3900,0.003748,0.040524
pd,-0.1000,4.4000,0.003741,0.040446
pd,-0.1000,4.4100,0.003734,0.040367
pd,-0.1000,4.4200,0.003727,0.040288
pd,-0.1000,4.4300,0.003720,0.040209
pd,-0.1000,4.4400,0.003712,0.040130
pd,-0.1000,4.4500,0.003705,0.040050
pd,-0.1000,4.4600,0.003698,0.039971
pd,-0.1000,4.4700,0.003690,0.039890
pd,-0.1000,4.4800,0.003683,0.039810
pd,-0.1000,4.4900,0.003676,0.039730
pd,-0.1000,4.5000,0.003668,0.039649
pd,-0.1000,4.5100,0.003661,0.039568
pd,-0.1000,4.5200,0.003653,0.039487
pd,-0.1000,4.5300,0.003646,0.039405
pd,-0.1000,4.5400,0.003638,0.039324
pd,-0.1000,4.5500,0.003631,0.039242
pd,-0.1000,4.5600,0.003623,0.039159
pd,-0.1000,4.5700,0.003616,0.039077
pd,-0.1000,4.5800,0.003608,0.038995
pd,-0.1000,4.5900,0.003600,0.038912
pd,-0.1000,4.6000,0.003593,0.038829
pd,-0.1000,4.6100,0.003585,0.038745
pd,-0.1000,4.6200,0.003577,0.038662
pd,-0.1000,4.6300,0.003570,0.038578
pd,-0.1000,4.6400,0.003562,0.038494
pd,-0.1000,4.6500,0.003554,0.038410
pd,-0.1000,4.6600,0.003547,0.038326
pd,-0.1000,4.6700,0.003539,0.038241
pd,-0.1000,4.6800,0.003531,0.038157
pd,-0.1000,4.6900,0.003523,0.038072
pd,-0.1000,4.7000,0.003515,0.037987
pd,-0.1000,4.7100,0.003508,0.037901
pd,-0.1000,4.7200,0.003500,0.037816
pd,-0.1000,4.7300,0.003492,0.037730
pd,-0.1000,4.7400,0.003484,0.037644
pd,-0.1000,4.7500,0.003476,0.037558
pd,-0.1000,4.7600,0.003468,0.037471
pd,-0.1000,4.7700,0.003460,0.037385
pd,-0.1000,4.7800,0.003452,0.037298
pd,-0.1000,4.7900,0.003444,0.037211
pd,-0.1000,4.8000,0.003436,0.037123
pd,-0.1000,4.8100,0.003428,0.037036
pd,-0.1000,4.8200,0.003420,0.036948
pd,-0.1000,4.8300,0.003412,0.036861
pd,-0.1000,4.8400,0.003404,0.036773
pd,-0.1000,4.8500,0.003396,0.036684
pd,-0.1000,4.8600,0.003388,0.036596
pd,-0.1000,4.8700,0.003380,0.036508
pd,-0.1000,4.8800,0.003371,0.036419
pd,-0.1000,4.8900,0.003363,0.036330
pd,-0.1000,4.9000,0.003355,0.036241
pd,-0.1000,4.9100,0.003347,0.036151
pd,-0.1000,4.9200,0.003339,0.036062
pd,-0.1000,4.9300,0.003330,0.035972
pd,-0.1000,4.9400,0.003322,0.035882
pd,-0.1000,4.9500,0.003314,0.035792
pd,-0.1000,4.9600,0.003305,0.035702
pd,-0.1000,4.9700,0.003297,0.035612
pd,-0.1000,4.9800,0.003289,0.035521
pd,-0.1000,4.9900,0.003281,0.035430
pd,-0.1000,5.0000,0.003272,0.035339
pd,-0.1000,5.0100,0.003264,0.035248
pd,-0.1000,5.0200,0.003255,0.035157
pd,-0.1000,5.0300,0.003247,0.035066
pd,-0.1000,5.0400,0.003239,0.034974
pd,-0.1000,5.0500,0.003230,0.034882
pd,-0.1000,5.0600,0.003222,0.034790
pd,-0.1000,5.0700,0.003213,0.034698
pd,-0.1000,5.0800,0.003205,0.034606
pd,-0.1000,5.0900,0.003196,0.034513
pd,-0.1000,5.1000,0.003188,0.034421
pd,-0.1000,5.1100,0.003179,0.034328
pd,-0.1000,5.1200,0.003171,0.034235
pd,-0.1000,5.1300,0.003162,0.034142
pd,-0.1000,5.1400,0.003153,0.034048
pd,-0.1000,5.1500,0.003145,0.033955
pd,-0.1000,5.1600,0.003136,0.033861
pd,-0.1000,5.1700,0.003128,0.033768
pd,-0.1000,5.1800,0.003119,0.033674
pd,-0.1000,5.1900,0.003110,0.033580
pd,-0.1000,5.2000,0.003102,0.033486
pd,-0.1000,5.2100,0.003093,0.033391
pd,-0.1000,5.2200,0.003084,0.033297
pd,-0.1000,5.2300,0.003076,0.033202
pd,-0.1000,5.2400,0.003067,0.033107
pd,-0.1000,5.2500,0.003058,0.033012
pd,-0.1000,5.2600,0.003049,0.032917
pd,-0.1000,5.2700,0.003041,0.032822
pd,-0.1000,5.2800,0.003032,0.032727
pd,-0.1000,5.2900,0.003023,0.032631
pd,-0.1000,5.3000,0.003014,0.032535
pd,-0.1000,5.3100,0.003005,0.032440
pd,-0.1000,5.3200,0.002997,0.032344
pd,-0.1000,5.3300,0.002988,0.032248
pd,-0.1000,5.3400,0.002979,0.032151
pd,-0.1000,5.3500,0.002970,0.032055
pd,-0.1000,5.3600,0.002961,0.031958
pd,-0.1000,5.3700,0.002952,0.031862
pd,-0.1000,5.3800,0.002943,0.031765
pd,-0.1000,5.3900,0.002934,0.031668
pd,-0.1000,5.4000,0.002926,0.031571
pd,-0.1000,5.4100,0.002917,0.031474
pd,-0.1000,5.4200,0.002908,0.031377
pd,-0.1000,5.4300,0.002899,0.031279
pd,-0.1000,5.4400,0.002890,0.031182
pd,-0.1000,5.4500,0.002881,0.031084
pd,-0.1000,5.4600,0.002872,0.030986
pd,-0.1000,5.4700,0.002863,0.030888
pd,-0.1000,5.4800,0.002854,0.030790
pd,-0.1000,5.4900,0.002845,0.030692
pd,-0.1000,5.5000,0.002836,0.030594
pd,-0.1000,5.5100,0.002827,0.030496
pd,-0.1000,5.5200,0.002817,0.030397
pd,-0.1000,5.5300,0.002808,0.030299
pd,-0.1000,5.5400,0.002799,0.030200
pd,-0.1000,5.5500,0.002790,0.030101
pd,-0.1000,5.5600,0.002781,0.030002
pd,-0.1000,5.5700,0.002772,0.029903
pd,-0.1000,5.5800,0.002763,0.029804
pd,-0.1000,5.5900,0.002754,0.029705
pd,-0.1000,5.6000,0.002745,0.029605
pd,-0.1000,5.6100,0.002735,0.029506
pd,-0.1000,5.6200,0.002726,0.029406
pd,-0.1000,5.6300,0.002717,0.029306
pd,-0.1000,5.6400,0.002708,0.029207
pd,-0.1000,5.6500,0.002699,0.029107
pd,-0.1000,5.6600,0.002689,0.029007
pd,-0.1000,5.6700,0.002680,0.028907
pd,-0.1000,5.6800,0.002671,0.028806
pd,-0.1000,5.6900,0.002662,0.028706
pd,-0.1000,5.7000,0.002653,0.028606
pd,-0.1000,5.7100,0.002643,0.028505
pd,-0.1000,5.7200,0.002634,0.028405
pd,-0.1000,5.7300,0.002625,0.028304
pd,-0.1000,5.7400,0.002615,0.028203
pd,-0.1000,5.7500,0.002606,0.028102
pd,-0.1000,5.7600,0.002597,0.028001
pd,-0.1000,5.7700,0.002588,0.027900
pd,-0.1000,5.7800,0.002578,0.027799
pd,-0.1000,5.7900,0.002569,0.027698
pd,-0.1000,5.8000,0.002560,0.027597
pd,-0.1000,5.8100,0.002550,0.027495
pd,-0.1000,5.8200,0.002541,0.027394
pd,-0.1000,5.8300,0.002532,0.027292
pd,-0.1000,5.8400,0.002522,0.027190
pd,-0.1000,5.8500,0.002513,0.027089
pd,-0.1000,5.8600,0.002503,0.026987
pd,-0.1000,5.8700,0.002494,0.026885
pd,-0.1000,5.8800,0.002485,0.026783
pd,-0.1000,5.8900,0.002475,0.026681
pd,-0.1000,5.9000,0.002466,0.026579
pd,-0.1000,5.9100,0.002456,0.026477
pd,-0.1000,5.9200,0.002447,0.026374
pd,-0.1000,5.9300,0.002438,0.026272
pd,-0.1000,5.9400,0.002428,0.026170
pd,-0.1000,5.9500,0.002419,0.026067
pd,-0.1000,5.9600,0.002409,0.025965
pd,-0.1000,5.9700,0.002400,0.025862
pd,-0.1000,5.9800,0.002390,0.025760
pd,-0.1000,5.9900,0.002381,0.025657
pd,-0.1000,6.0000,0.002371,0.025554
pd,-0.1000,6.0100,0.002362,0.025451
pd,-0.1000,6.0200,0.002353,0.025348
pd,-0.1000,6.0300,0.002343,0.025245
pd,-0.1000,6.0400,0.002334,0.025142
pd,-0.1000,6.0500,0.002324,0.025039
pd,-0.1000,6.0600,0.002315,0.024936
pd,-0.1000,6.0700,0.002305,0.024833
pd,-0.1000,6.0800,0.002295,0.024729
pd,-0.1000,6.0900,0.002286,0.024626
pd,-0.1000,6.1000,0.002276,0.024523
pd,-0.1000,6.1100,0.002267,0.024419
pd,-0.1000,6.1200,0.002257,0.024316
pd,-0.1000,6.1300,0.002248,0.024212
pd,-0.1000,6.1400,0.002238,0.024109
pd,-0.1000,6.1500,0.002229,0.024005
pd,-0.1000,6.1600,0.002219,0.023901
pd,-0.1000,6.1700,0.002210,0.023798
pd,-0.1000,6.1800,0.002200,0.023694
pd,-0.1000,6.1900,0.002191,0.023590
pd,-0.1000,6.2000,0.002181,0.023486
pd,-0.1000,6.2100,0.002171,0.023382
pd,-0.1000,6.2200,0.002162,0.023278
pd,-0.1000,6.2300,0.002152,0.023174
pd,-0.1000,6.2400,0.002143,0.023070
pd,-0.1000,6.2500,0.002133,0.022966
pd,-0.1000,6.2600,0.002123,0.022862
pd,-0.1000,6.2700,0.002114,0.022758
pd,-0.1000,6.2800,0.002104,0.022654
pd,-0.1000,6.2900,0.002095,0.022550
pd,-0.1000,6.3000,0.002085,0.022445
pd,-0.1000,6.3100,0.002075,0.022341
pd,-0.1000,6.3200,0.002066,0.022237
pd,-0.1000,6.3300,0.002056,0.022132
pd,-0.1000,6.3400,0.002047,0.022028
pd,-0.1000,6.3500,0.002037,0.021924
pd,-0.1000,6.3600,0.002027,0.021819
pd,-0.1000,6.3700,0.002018,0.021715
pd,-0.1000,6.3800,0.002008,0.021610
pd,-0.1000,6.3900,0.001998,0.021506
pd,-0.1000,6.4000,0.001989,0.021401
pd,-0.1000,6.4100,0.001979,0.021297
pd,-0.1000,6.4200,0.001969,0.021192
pd,-0.1000,6.4300,0.001960,0.021088
pd,-0.1000,6.4400,0.001950,0.020983
pd,-0.1000,6.4500,0.001941,0.020879
pd,-0.1000,6.4600,0.001931,0.020774
pd,-0.1000,6.4700,0.001921,0.020669
pd,-0.1000,6.4800,0.001912,0.020565
pd,-0.1000,6.4900,0.001902,0.020460
pd,-0.1000,6.5000,0.001892,0.020355
pd,-0.1000,6.5100,0.001883,0.020251
pd,-0.1000,6.5200,0.001873,0.020146
pd,-0.1000,6.5300,0.001863,0.020041
pd,-0.1000,6.5400,0.001854,0.019936
pd,-0.1000,6.5500,0.001844,0.019832
pd,-0.1000,6.5600,0.001834,0.019727
pd,-0.1000,6.5700,0.001825,0.019622
pd,-0.1000,6.5800,0.001815,0.019517
pd,-0.1000,6.5900,0.001805,0.019413
pd,-0.1000,6.6000,0.001796,0.019308
pd,-0.1000,6.6100,0.001786,0.019203
pd,-0.1000,6.6200,0.001776,0.019098
pd,-0.1000,6.6300,0.001767,0.018994
pd,-0.1000,6.6400,0.001757,0.018889
pd,-0.1000,6.6500,0.001747,0.018784
pd,-0.1000,6.6600,0.001738,0.018679
pd,-0.1000,6.6700,0.001728,0.018575
pd,-0.1000,6.6800,0.001718,0.018470
pd,-0.1000,6.6900,0.001709,0.018365
pd,-0.1000,6.7000,0.001699,0.018261
pd,-0.1000,6.7100,0.001689,0.018156
pd,-0.1000,6.7200,0.001680,0.018051
pd,-0.1000,6.7300,0.001670,0.017946
pd,-0.1000,6.7400,0.001661,0.017842
pd,-0.1000,6.7500,0.001651,0.017737
pd,-0.1000,6.7600,0.001641,0.017632
pd,-0.1000,6.7700,0.001632,0.017528
pd,-0.1000,6.7800,0.001622,0.017423
pd,-0.1000,6.7900,0.001612,0.017318
pd,-0.1000,6.8000,0.001603,0.017214
pd,-0.1000,6.8100,0.001593,0.017109
pd,-0.1000,6.8200,0.001583,0.017005
pd,-0.1000,6.8300,0.001574,0.016900
pd,-0.1000,6.8400,0.001564,0.016796
pd,-0.1000,6.8500,0.001554,0.016691
pd,-0.1000,6.8600,0.001545,0.016587
pd,-0.1000,6.8700,0.001535,0.016482
pd,-0.1000,6.8800,0.001525,0.016378
pd,-0.1000,6.8900,0.001516,0.016273
pd,-0.1000,6.9000,0.001506,0.016169
pd,-0.1000,6.9100,0.001497,0.016065
pd,-0.1000,6.9200,0.001487,0.015960
pd,-0.1000,6.9300,0.001477,0.015856
pd,-0.1000,6.9400,0.001468,0.015752
pd,-0.1000,6.9500,0.001458,0.015647
pd,-0.1000,6.9600,0.001448,0.015543
pd,-0.1000,6.9700,0.001439,0.015439
pd,-0.1000,6.9800,0.001429,0.015335
pd,-0.1000,6.9900,0.001420,0.015231
pd,-0.1000,7.0000,0.001410,0.015127
pd,-0.1000,7.0100,0.001400,0.015023
pd,-0.1000,7.0200,0.001391,0.014919
pd,-0.1000,7.0300,0.001381,0.014815
pd,-0.1000,7.0400,0.001372,0.014711
pd,-0.1000,7.0500,0.001362,0.014607
pd,-0.1000,7.0600,0.001352,0.014503
pd,-0.1000,7.0700,0.001343,0.014399
pd,-0.1000,7.0800,0.001333,0.014295
pd,-0.1000,7.0900,0.001324,0.014192
pd,-0.1000,7.1000,0.001314,0.014088
pd,-0.1000,7.1100,0.001305,0.013984
pd,-0.1000,7.1200,0.001295,0.013881
pd,-0.1000,7.1300,0.001286,0.013777
pd,-0.1000,7.1400,0.001276,0.013674
pd,-0.1000,7.1500,0.001266,0.013570
pd,-0.1000,7.1600,0.001257,0.013467
pd,-0.1000,7.1700,0.001247,0.013363
pd,-0.1000,7.1800,0.001238,0.013260
pd,-0.1000,7.1900,0.001228,0.013157
pd,-0.1000,7.2000,0.001219,0.013054
pd,-0.1000,7.2100,0.001209,0.012951
pd,-0.1000,7.2200,0.001200,0.012847
pd,-0.1000,7.2300,0.001190,0.012744
pd,-0.1000,7.2400,0.001181,0.012641
pd,-0.1000,7.2500,0.001171,0.012539
pd,-0.1000,7.2600,0.001162,0.012436
pd,-0.1000,7.2700,0.001152,0.012333
pd,-0.1000,7.2800,0.001143,0.012230
pd,-0.1000,7.2900,0.001133,0.012127
pd,-0.1000,7.3000,0.001124,0.012025
pd,-0.1000,7.3100,0.001114,0.011922
pd,-0.1000,7.3200,0.001105,0.011820
pd,-0.1000,7.3300,0.001095,0.011717
pd,-0.1000,7.3400,0.001086,0.011615
pd,-0.1000,7.3500,0.001077,0.011513
pd,-0.1000,7.3600,0.001067,0.011410
pd,-0.1000,7.3700,0.001058,0.011308
pd,-0.1000,7.3800,0.001048,0.011206
pd,-0.1000,7.3900,0.001039,0.011104
pd,-0.1000,7.4000,0.001029,0.011002
pd,-0.1000,7.4100,0.001020,0.010900
pd,-0.1000,7.4200,0.001011,0.010799
pd,-0.1000,7.4300,0.001001,0.010697
pd,-0.1000,7.4400,0.000992,0.010595
pd,-0.1000,7.4500,0.000982,0.010494
pd,-0.1000,7.4600,0.000973,0.010392
pd,-0.1000,7.4700,0.000964,0.010291
pd,-0.1000,7.4800,0.000954,0.010189
pd,-0.1000,7.4900,0.000945,0.010088
pd,-0.1000,7.5000,0.000936,0.009987
pd,-0.1000,7.5100,0.000926,0.009886
pd,-0.1000,7.5200,0.000917,0.009784
pd,-0.1000,7.5300,0.000908,0.009683
pd,-0.1000,7.5400,0.000898,0.009583
pd,-0.1000,7.5500,0.000889,0.009482
pd,-0.1000,7.5600,0.000880,0.009381
pd,-0.1000,7.5700,0.000870,0.009280
pd,-0.1000,7.5800,0.000861,0.009180
pd,-0.1000,7.5900,0.000852,0.009079
pd,-0.1000,7.6000,0.000843,0.008979
pd,-0.1000,7.6100,0.000833,0.008879
pd,-0.1000,7.6200,0.000824,0.008778
pd,-0.1000,7.6300,0.000815,0.008678
pd,-0.1000,7.6400,0.000806,0.008578
pd,-0.1000,7.6500,0.000796,0.008478
pd,-0.1000,7.6600,0.000787,0.008378
pd,-0.1000,7.6700,0.000778,0.008279
pd,-0.1000,7.6800,0.000769,0.008179
pd,-0.1000,7.6900,0.000760,0.008079
pd,-0.1000,7.7000,0.000750,0.007980
pd,-0.1000,7.7100,0.000741,0.007881
pd,-0.1000,7.7200,0.000732,0.007781
pd,-0.1000,7.7300,0.000723,0.007682
pd,-0.1000,7.7400,0.000714,0.007583
pd,-0.1000,7.7500,0.000705,0.007484
pd,-0.1000,7.7600,0.000695,0.007385
pd,-0.1000,7.7700,0.000686,0.007286
pd,-0.1000,7.7800,0.000677,0.007188
pd,-0.1000,7.7900,0.000668,0.007089
pd,-0.1000,7.8000,0.000659,0.006990
pd,-0.1000,7.8100,0.000650,0.006892
pd,-0.1000,7.8200,0.000641,0.006794
pd,-0.1000,7.8300,0.000632,0.006696
pd,-0.1000,7.8400,0.000623,0.006597
pd,-0.1000,7.8500,0.000614,0.006499
pd,-0.1000,7.8600,0.000605,0.006402
pd,-0.1000,7.8700,0.000595,0.006304
pd,-0.1000,7.8800,0.000586,0.006206
pd,-0.1000,7.8900,0.000577,0.006109
pd,-0.1000,7.9000,0.000568,0.006011
pd,-0.1000,7.9100,0.000559,0.005914
pd,-0.1000,7.9200,0.000550,0.005816
pd,-0.1000,7.9300,0.000542,0.005719
pd,-0.1000,7.9400,0.000533,0.005622
pd,-0.1000,7.9500,0.000524,0.005525
pd,-0.1000,7.9600,0.000515,0.005429
pd,-0.1000,7.9700,0.000506,0.005332
pd,-0.1000,7.9800,0.000497,0.005235
pd,-0.1000,7.9900,0.000488,0.005139
pd,-0.1000,8.0000,0.000479,0.005043
pd,-0.1000,8.0100,0.000470,0.004946
pd,-0.1000,8.0200,0.000461,0.004850
pd,-0.1000,8.0300,0.000452,0.004754
pd,-0.1000,8.0400,0.000443,0.004659
pd,-0.1000,8.0500,0.000435,0.004563
pd,-0.1000,8.0600,0.000426,0.004467
pd,-0.1000,8.0700,0.000417,0.004372
pd,-0.1000,8.0800,0.000408,0.004276
pd,-0.1000,8.0900,0.000399,0.004181
pd,-0.1000,8.1000,0.000391,0.004086
pd,-0.1000,8.1100,0.000382,0.003991
pd,-0.1000,8.1200,0.000373,0.003896
pd,-0.1000,8.1300,0.000364,0.003801
pd,-0.1000,8.1400,0.000356,0.003707
pd,-0.1000,8.1500,0.000347,0.003612
pd,-0.1000,8.1600,0.000338,0.003518
pd,-0.1000,8.1700,0.000329,0.003423
pd,-0.1000,8.1800,0.000321,0.003329
pd,-0.1000,8.1900,0.000312,0.003235
pd,-0.1000,8.2000,0.000303,0.003141
pd,-0.1000,8.2100,0.000295,0.003048
pd,-0.1000,8.2200,0.000286,0.002954
pd,-0.1000,8.2300,0.000277,0.002861
pd,-0.1000,8.2400,0.000269,0.002767
pd,-0.1000,8.2500,0.000260,0.002674
pd,-0.1000,8.2600,0.000252,0.002581
pd,-0.1000,8.2700,0.000243,0.002488
pd,-0.1000,8.2800,0.000234,0.002395
pd,-0.1000,8.2900,0.000226,0.002303
pd,-0.1000,8.3000,0.000217,0.002210
pd,-0.1000,8.3100,0.000209,0.002118
pd,-0.1000,8.3200,0.000200,0.002025
pd,-0.1000,8.3300,0.000192,0.001933
pd,-0.1000,8.3400,0.000183,0.001841
pd,-0.1000,8.3500,0.000175,0.001749
pd,-0.1000,8.3600,0.000166,0.001658
pd,-0.1000,8.3700,0.000158,0.001566
pd,-0.1000,8.3800,0.000149,0.001475
pd,-0.1000,8.3900,0.000141,0.001383
pd,-0.1000,8.4000,0.000132,0.001292
pd,-0.1000,8.4100,0.000124,0.001201
pd,-0.1000,8.4200,0.000116,0.001110
pd,-0.1000,8.4300,0.000107,0.001020
pd,-0.1000,8.4400,0.000099,0.000929
pd,-0.1000,8.4500,0.000090,0.000839
pd,-0.1000,8.4600,0.000082,0.000748
pd,-0.1000,8.4700,0.000074,0.000658
pd,-0.1000,8.4800,0.000065,0.000568
pd,-0.1000,8.4900,0.000057,0.000478
pd,-0.1000,8.5000,0.000049,0.000389
pd,-0.1000,8.5100,0.000041,0.000299
pd,-0.1000,8.5200,0.000032,0.000210
pd,-0.1000,8.5300,0.000024,0.000120
pd,-0.1000,8.5400,0.000016,0.000031
pd,-0.1000,8.5500,0.000008,-0.000058
pd,-0.1000,8.5600,-0.000001,-0.000146
pd,-0.1000,8.5700,-0.000009,-0.000235
pd,-0.1000,8.5800,-0.000017,-0.000324
pd,-0.1000,8.5900,-0.000025,-0.000412
pd,-0.1000,8.6000,-0.000033,-0.000500
pd,-0.1000,8.6100,-0.000041,-0.000588
pd,-0.1000,8.6200,-0.000050,-0.000676
pd,-0.1000,8.6300,-0.000058,-0.000764
pd,-0.1000,8.6400,-0.000066,-0.000851
pd,-0.1000,8.6500,-0.000074,-0.000939
pd,-0.1000,8.6600,-0.000082,-0.001026
pd,-0.1000,8.6700,-0.000090,-0.001113
pd,-0.1000,8.6800,-0.000098,-0.001200
pd,-0.1000,8.6900,-0.000106,-0.001287
pd,-0.1000,8.7000,-0.000114,-0.001373
pd,-0.1000,8.7100,-0.000122,-0.001460
pd,-0.1000,8.7200,-0.000130,-0.001546
pd,-0.1000,8.7300,-0.000138,-0.001632
pd,-0.1000,8.7400,-0.000146,-0.001718
pd,-0.1000,8.7500,-0.000154,-0.001804
pd,-0.1000,8.7600,-0.000162,-0.001890
pd,-0.1000,8.7700,-0.000170,-0.001975
pd,-0.1000,8.7800,-0.000178,-0.002060
pd,-0.1000,8.7900,-0.000186,-0.002146
pd,-0.1000,8.8000,-0.000193,-0.002231
pd,-0.1000,8.8100,-0.000201,-0.002315
pd,-0.1000,8.8200,-0.000209,-0.002400
pd,-0.1000,8.8300,-0.000217,-0.002485
pd,-0.1000,8.8400,-0.000225,-0.002569
pd,-0.1000,8.8500,-0.000232,-0.002653
pd,-0.1000,8.8600,-0.000240,-0.002737
pd,-0.1000,8.8700,-0.000248,-0.002821
pd,-0.1000,8.8800,-0.000256,-0.002905
pd,-0.1000,8.8900,-0.000263,-0.002988
pd,-0.1000,8.9000,-0.000271,-0.003071
pd,-0.1000,8.9100,-0.000279,-0.003155
pd,-0.1000,8.9200,-0.000287,-0.003238
pd,-0.1000,8.9300,-0.000294,-0.003320
pd,-0.1000,8.9400,-0.000302,-0.003403
pd,-0.1000,8.9500,-0.000309,-0.003486
pd,-0.1000,8.9600,-0.000317,-0.003568
pd,-0.1000,8.9700,-0.000325,-0.003650
pd,-0.1000,8.9800,-0.000332,-0.003732
pd,-0.1000,8.9900,-0.000340,-0.003814
pd,-0.1000,9.0000,-0.000347,-0.003895
pd,-0.1000,9.0100,-0.000355,-0.003977
pd,-0.1000,9.0200,-0.000362,-0.004058
pd,-0.1000,9.0300,-0.000370,-0.004139
pd,-0.1000,9.0400,-0.000377,-0.004220
pd,-0.1000,9.0500,-0.000385,-0.004301
pd,-0.1000,9.0600,-0.000392,-0.004381
pd,-0.1000,9.0700,-0.000400,-0.004462
pd,-0.1000,9.0800,-0.000407,-0.004542
pd,-0.1000,9.0900,-0.000415,-0.004622
pd,-0.1000,9.1000,-0.000422,-0.004702
pd,-0.1000,9.1100,-0.000429,-0.004781
pd,-0.1000,9.1200,-0.000437,-0.004861
pd,-0.1000,9.1300,-0.000444,-0.004940
pd,-0.1000,9.1400,-0.000451,-0.005019
pd,-0.1000,9.1500,-0.000459,-0.005098
pd,-0.1000,9.1600,-0.000466,-0.005177
pd,-0.1000,9.1700,-0.000473,-0.005256
pd,-0.1000,9.1800,-0.000481,-0.005334
pd,-0.1000,9.1900,-0.000488,-0.005412
pd,-0.1000,9.2000,-0.000495,-0.005490
pd,-0.1000,9.2100,-0.000502,-0.005568
pd,-0.1000,9.2200,-0.000509,-0.005646
pd,-0.1000,9.2300,-0.000517,-0.005723
pd,-0.1000,9.2400,-0.000524,-0.005801
pd,-0.1000,9.2500,-0.000531,-0.005878
pd,-0.1000,9.2600,-0.000538,-0.005955
pd,-0.1000,9.2700,-0.000545,-0.006031
pd,-0.1000,9.2800,-0.000552,-0.006108
pd,-0.1000,9.2900,-0.000559,-0.006184
pd,-0.1000,9.3000,-0.000566,-0.006260
pd,-0.1000,9.3100,-0.000573,-0.006336
pd,-0.1000,9.3200,-0.000580,-0.006412
pd,-0.1000,9.3300,-0.000587,-0.006488
pd,-0.1000,9.3400,-0.000594,-0.006563
pd,-0.1000,9.3500,-0.000601,-0.006638
pd,-0.1000,9.3600,-0.000608,-0.006714
pd,-0.1000,9.3700,-0.000615,-0.006788
pd,-0.1000,9.3800,-0.000622,-0.006863
pd,-0.1000,9.3900,-0.000629,-0.006938
pd,-0.1000,9.4000,-0.000636,-0.007012
pd,-0.1000,9.4100,-0.000643,-0.007086
pd,-0.1000,9.4200,-0.000650,-0.007160
pd,-0.1000,9.4300,-0.000656,-0.007234
pd,-0.1000,9.4400,-0.000663,-0.007307
pd,-0.1000,9.4500,-0.000670,-0.007380
pd,-0.1000,9.4600,-0.000677,-0.007454
pd,-0.1000,9.4700,-0.000684,-0.007526
pd,-0.1000,9.4800,-0.000690,-0.007599
pd,-0.1000,9.4900,-0.000697,-0.007672
pd,-0.1000,9.5000,-0.000704,-0.007744
pd,-0.1000,9.5100,-0.000710,-0.007816
pd,-0.1000,9.5200,-0.000717,-0.007888
pd,-0.1000,9.5300,-0.000724,-0.007960
pd,-0.1000,9.5400,-0.000730,-0.008032
pd,-0.1000,9.5500,-0.000737,-0.008103
pd,-0.1000,9.5600,-0.000744,-0.008174
pd,-0.1000,9.5700,-0.000750,-0.008245
pd,-0.1000,9.5800,-0.000757,-0.008316
pd,-0.1000,9.5900,-0.000763,-0.008387
pd,-0.1000,9.6000,-0.000770,-0.008457
pd,-0.1000,9.6100,-0.000776,-0.008527
pd,-0.1000,9.6200,-0.000783,-0.008597
pd,-0.1000,9.6300,-0.000789,-0.008667
pd,-0.1000,9.6400,-0.000796,-0.008737
pd,-0.1000,9.6500,-0.000802,-0.008806
pd,-0.1000,9.6600,-0.000808,-0.008875
pd,-0.1000,9.6700,-0.000815,-0.008944
pd,-0.1000,9.6800,-0.000821,-0.009013
pd,-0.1000,9.6900,-0.000828,-0.009082
pd,-0.1000,9.7000,-0.000834,-0.009150
pd,-0.1000,9.7100,-0.000840,-0.009218
pd,-0.1000,9.7200,-0.000847,-0.009286
pd,-0.1000,9.7300,-0.000853,-0.009354
pd,-0.1000,9.7400,-0.000859,-0.009422
pd,-0.1000,9.7500,-0.000865,-0.009489
pd,-0.1000,9.7600,-0.000872,-0.009556
pd,-0.1000,9.7700,-0.000878,-0.009623
pd,-0.1000,9.7800,-0.000884,-0.009690
pd,-0.1000,9.7900,-0.000890,-0.009757
pd,-0.1000,9.8000,-0.000896,-0.009823
pd,-0.1000,9.8100,-0.000902,-0.009889
pd,-0.1000,9.8200,-0.000909,-0.009955
pd,-0.1000,9.8300,-0.000915,-0.010021
pd,-0.1000,9.8400,-0.000921,-0.010086
pd,-0.1000,9.8500,-0.000927,-0.010152
pd,-0.1000,9.8600,-0.000933,-0.010217
pd,-0.1000,9.8700,-0.000939,-0.010282
pd,-0.1000,9.8800,-0.000945,-0.010347
pd,-0.1000,9.8900,-0.000951,-0.010411
pd,-0.1000,9.9000,-0.000957,-0.010476
pd,-0.1000,9.9100,-0.000963,-0.010540
pd,-0.1000,9.9200,-0.000969,-0.010604
pd,-0.1000,9.9300,-0.000975,-0.010667
pd,-0.1000,9.9400,-0.000980,-0.010731
pd,-0.1000,9.9500,-0.000986,-0.010794
pd,-0.1000,9.9600,-0.000992,-0.010857
pd,-0.1000,9.9700,-0.000998,-0.010920
pd,-0.1000,9.9800,-0.001004,-0.010983
pd,-0.1000,9.9900,-0.001010,-0.011045
pd,-0.1000,10.0000,-0.001015,0.000000
onnx,-0.1000,0.0000,-0.100000,-11.375574
onnx,-0.1000,0.0100,-0.099251,-8.514971
onnx,-0.1000,0.0200,-0.097211,-6.280213
onnx,-0.1000,0.0300,-0.094247,-4.539468
onnx,-0.1000,0.0400,-0.090643,-3.188517
onnx,-0.1000,0.0500,-0.086619,-2.144878
onnx,-0.1000,0.0600,-0.082343,-1.343231
onnx,-0.1000,0.0700,-0.077943,-0.731840
onnx,-0.1000,0.0800,-0.073513,-0.269738
onnx,-0.1000,0.0900,-0.069127,0.075504
onnx,-0.1000,0.1000,-0.064835,0.329527
onnx,-0.1000,0.1100,-0.060674,0.512589
onnx,-0.1000,0.1200,-0.056671,0.640675
onnx,-0.1000,0.1300,-0.052841,0.726378
onnx,-0.1000,0.1400,-0.049195,0.779606
onnx,-0.1000,0.1500,-0.045736,0.808137
onnx,-0.1000,0.1600,-0.042465,0.818062
onnx,-0.1000,0.1700,-0.039380,0.814144
onnx,-0.1000,0.1800,-0.036476,0.800092
onnx,-0.1000,0.1900,-0.033748,0.778785
onnx,-0.1000,0.2000,-0.031188,0.752451
onnx,-0.1000,0.2100,-0.028790,0.722802
onnx,-0.1000,0.2200,-0.026545,0.691146
onnx,-0.1000,0.2300,-0.024446,0.658476
onnx,-0.1000,0.2400,-0.022483,0.625538
onnx,-0.1000,0.2500,-0.020650,0.592883
onnx,-0.1000,0.2600,-0.018939,0.560914
onnx,-0.1000,0.2700,-0.017342,0.529916
onnx,-0.1000,0.2800,-0.015853,0.500085
onnx,-0.1000,0.2900,-0.014463,0.471550
onnx,-0.1000,0.3000,-0.013168,0.444384
onnx,-0.1000,0.3100,-0.011960,0.418622
onnx,-0.1000,0.3200,-0.010834,0.394270
onnx,-0.1000,0.3300,-0.009785,0.371310
onnx,-0.1000,0.3400,-0.008808,0.349711
onnx,-0.1000,0.3500,-0.007897,0.329428
onnx,-0.1000,0.3600,-0.007048,0.310409
onnx,-0.1000,0.3700,-0.006257,0.292599
onnx,-0.1000,0.3800,-0.005520,0.275939
onnx,-0.1000,0.3900,-0.004834,0.260369
onnx,-0.1000,0.4000,-0.004194,0.245827
onnx,-0.1000,0.4100,-0.003598,0.232256
onnx,-0.1000,0.4200,-0.003043,0.219597
onnx,-0.1000,0.4300,-0.002525,0.207794
onnx,-0.1000,0.4400,-0.002043,0.196795
onnx,-0.1000,0.4500,-0.001593,0.186548
onnx,-0.1000,0.4600,-0.001175,0.177004
onnx,-0.1000,0.4700,-0.000784,0.168119
onnx,-0.1000,0.4800,-0.000420,0.159847
onnx,-0.1000,0.4900,-0.000081,0.152149
onnx,-0.1000,0.5000,0.000235,0.144987
onnx,-0.1000,0.5100,0.000530,0.138323
onnx,-0.1000,0.5200,0.000805,0.132125
onnx,-0.1000,0.5300,0.001062,0.126360
onnx,-0.1000,0.5400,0.001301,0.121000
onnx,-0.1000,0.5500,0.001524,0.116015
onnx,-0.1000,0.5600,0.001732,0.111382
onnx,-0.1000,0.5700,0.001926,0.107075
onnx,-0.1000,0.5800,0.002108,0.103072
onnx,-0.1000,0.5900,0.002277,0.099352
onnx,-0.1000,0.6000,0.002435,0.095896
onnx,-0.1000,0.6100,0.002583,0.092684
onnx,-0.1000,0.6200,0.002721,0.089701
onnx,-0.1000,0.6300,0.002850,0.086931
onnx,-0.1000,0.6400,0.002970,0.084358
onnx,-0.1000,0.6500,0.003083,0.081969
onnx,-0.1000,0.6600,0.003188,0.079752
onnx,-0.1000,0.6700,0.003287,0.077694
onnx,-0.1000,0.6800,0.003379,0.075783
onnx,-0.1000,0.6900,0.003465,0.074011
onnx,-0.1000,0.7000,0.003546,0.072367
onnx,-0.1000,0.7100,0.003621,0.070843
onnx,-0.1000,0.7200,0.003692,0.069429
onnx,-0.1000,0.7300,0.003759,0.068119
onnx,-0.1000,0.7400,0.003821,0.066904
onnx,-0.1000,0.7500,0.003879,0.065779
onnx,-0.1000,0.7600,0.003934,0.064738
onnx,-0.1000,0.7700,0.003986,0.063773
onnx,-0.1000,0.7800,0.004034,0.062881
onnx,-0.1000,0.7900,0.004080,0.062055
onnx,-0.1000,0.8000,0.004123,0.061291
onnx,-0.1000,0.8100,0.004163,0.060585
onnx,-0.1000,0.8200,0.004201,0.059933
onnx,-0.1000,0.8300,0.004236,0.059331
onnx,-0.1000,0.8400,0.004270,0.058776
onnx,-0.1000,0.8500,0.004302,0.058263
onnx,-0.1000,0.8600,0.004332,0.057791
onnx,-0.1000,0.8700,0.004360,0.057356
onnx,-0.1000,0.8800,0.004387,0.056956
onnx,-0.1000,0.8900,0.004412,0.056588
onnx,-0.1000,0.9000,0.004436,0.056250
onnx,-0.1000,0.9100,0.004459,0.055940
onnx,-0.1000,0.9200,0.004481,0.055656
onnx,-0.1000,0.9300,0.004501,0.055395
onnx,-0.1000,0.9400,0.004521,0.055157
onnx,-0.1000,0.9500,0.004539,0.054940
onnx,-0.1000,0.9600,0.004557,0.054742
onnx,-0.1000,0.9700,0.004573,0.054562
onnx,-0.1000,0.9800,0.004589,0.054398
onnx,-0.1000,0.9900,0.004605,0.054250
onnx,-0.1000,1.0000,0.004619,0.054116
onnx,-0.1000,1.0100,0.004633,0.053995
onnx,-0.1000,1.0200,0.004646,0.053886
onnx,-0.1000,1.0300,0.004659,0.053789
onnx,-0.1000,1.0400,0.004671,0.053702
onnx,-0.1000,1.0500,0.004683,0.053626
onnx,-0.1000,1.0600,0.004694,0.053558
onnx,-0.1000,1.0700,0.004705,0.053498
onnx,-0.1000,1.0800,0.004716,0.053447
onnx,-0.1000,1.0900,0.004726,0.053402
onnx,-0.1000,1.1000,0.004735,0.053364
onnx,-0.1000,1.1100,0.004745,0.053333
onnx,-0.1000,1.1200,0.004754,0.053307
onnx,-0.1000,1.1300,0.004762,0.053286
onnx,-0.1000,1.1400,0.004771,0.053270
onnx,-0.1000,1.1500,0.004779,0.053258
onnx,-0.1000,1.1600,0.004787,0.053250
onnx,-0.1000,1.1700,0.004794,0.053247
onnx,-0.1000,1.1800,0.004802,0.053247
onnx,-0.1000,1.1900,0.004809,0.053249
onnx,-0.1000,1.2000,0.004816,0.053255
onnx,-0.1000,1.2100,0.004823,0.053264
onnx,-0.1000,1.2200,0.004829,0.053274
onnx,-0.1000,1.2300,0.004836,0.053288
onnx,-0.1000,1.2400,0.004842,0.053303
onnx,-0.1000,1.2500,0.004848,0.053320
onnx,-0.1000,1.2600,0.004854,0.053339
onnx,-0.1000,1.2700,0.004860,0.053359
onnx,-0.1000,1.2800,0.004865,0.053380
onnx,-0.1000,1.2900,0.004871,0.053403
onnx,-0.1000,1.3000,0.004876,0.053427
onnx,-0.1000,1.3100,0.004882,0.053452
onnx,-0.1000,1.3200,0.004887,0.053478
onnx,-0.1000,1.3300,0.004892,0.053504
onnx,-0.1000,1.3400,0.004897,0.053532
onnx,-0.1000,1.3500,0.004902,0.053559
onnx,-0.1000,1.3600,0.004906,0.053588
onnx,-0.1000,1.3700,0.004911,0.053616
onnx,-0.1000,1.3800,0.004915,0.053646
onnx,-0.1000,1.3900,0.004920,0.053675
onnx,-0.1000,1.4000,0.004924,0.053705
onnx,-0.1000,1.4100,0.004928,0.053734
onnx,-0.1000,1.4200,0.004933,0.053764
onnx,-0.1000,1.4300,0.004937,0.053794
onnx,-0.1000,1.4400,0.004941,0.053824
onnx,-0.1000,1.4500,0.004945,0.053854
onnx,-0.1000,1.4600,0.004948,0.053884
onnx,-0.1000,1.4700,0.004952,0.053914
onnx,-0.1000,1.4800,0.004956,0.053944
onnx,-0.1000,1.4900,0.004959,0.053974
onnx,-0.1000,1.5000,0.004963,0.054003
onnx,-0.1000,1.5100,0.004966,0.054032
onnx,-0.1000,1.5200,0.004970,0.054061
onnx,-0.1000,1.5300,0.004973,0.054090
onnx,-0.1000,1.5400,0.004976,0.054118
onnx,-0.1000,1.5500,0.004980,0.054146
onnx,-0.1000,1.5600,0.004983,0.054174
onnx,-0.1000,1.5700,0.004986,0.054201
onnx,-0.1000,1.5800,0.004989,0.054228
onnx,-0.1000,1.5900,0.004992,0.054255
onnx,-0.1000,1.6000,0.004995,0.054281
onnx,-0.1000,1.6100,0.004997,0.054307
onnx,-0.1000,1.6200,0.005000,0.054332
onnx,-0.1000,1.6300,0.005003,0.054357
onnx,-0.1000,1.6400,0.005005,0.054382
onnx,-0.1000,1.6500,0.005008,0.054406
onnx,-0.1000,1.6600,0.005010,0.054430
onnx,-0.1000,1.6700,0.005013,0.054453
onnx,-0.1000,1.6800,0.005015,0.054476
onnx,-0.1000,1.6900,0.005018,0.054498
onnx,-0.1000,1.7000,0.005020,0.054519
onnx,-0.1000,1.7100,0.005022,0.054541
onnx,-0.1000,1.7200,0.005024,0.054561
onnx,-0.1000,1.7300,0.005026,0.054582
onnx,-0.1000,1.7400,0.005028,0.054601
onnx,-0.1000,1.7500,0.005030,0.054621
onnx,-0.1000,1.7600,0.005032,0.054639
onnx,-0.1000,1.7700,0.005034,0.054658
onnx,-0.1000,1.7800,0.005036,0.054675
onnx,-0.1000,1.7900,0.005038,0.054692
onnx,-0.1000,1.8000,0.005039,0.054709
onnx,-0.1000,1.8100,0.005041,0.054725
onnx,-0.1000,1.8200,0.005043,0.054741
onnx,-0.1000,1.8300,0.005044,0.054756
onnx,-0.1000,1.8400,0.005046,0.054770
onnx,-0.1000,1.8500,0.005047,0.054784
onnx,-0.1000,1.8600,0.005048,0.054797
onnx,-0.1000,1.8700,0.005050,0.054810
onnx,-0.1000,1.8800,0.005051,0.054823
onnx,-0.1000,1.8900,0.005052,0.054834
onnx,-0.1000,1.9000,0.005053,0.054846
onnx,-0.1000,1.9100,0.005055,0.054856
onnx,-0.1000,1.9200,0.005056,0.054866
onnx,-0.1000,1.9300,0.005057,0.054876
onnx,-0.1000,1.9400,0.005058,0.054885
onnx,-0.1000,1.9500,0.005058,0.054893
onnx,-0.1000,1.9600,0.005059,0.054901
onnx,-0.1000,1.9700,0.005060,0.054909
onnx,-0.1000,1.9800,0.005061,0.054916
onnx,-0.1000,1.9900,0.005062,0.054922
onnx,-0.1000,2.0000,0.005062,0.054928
onnx,-0.1000,2.0100,0.005063,0.054933
onnx,-0.1000,2.0200,0.005063,0.054938
onnx,-0.1000,2.0300,0.005064,0.054942
onnx,-0.1000,2.0400,0.005064,0.054945
onnx,-0.1000,2.0500,0.005065,0.054949
onnx,-0.1000,2.0600,0.005065,0.054951
onnx,-0.1000,2.0700,0.005065,0.054953
onnx,-0.1000,2.0800,0.005065,0.054954
onnx,-0.1000,2.0900,0.005066,0.054955
onnx,-0.1000,2.1000,0.005066,0.054956
onnx,-0.1000,2.1100,0.005066,0.054955
onnx,-0.1000,2.1200,0.005066,0.054955
onnx,-0.1000,2.1300,0.005066,0.054953
onnx,-0.1000,2.1400,0.005066,0.054951
onnx,-0.1000,2.1500,0.005066,0.054949
onnx,-0.1000,2.1600,0.005065,0.054946
onnx,-0.1000,2.1700,0.005065,0.054943
onnx,-0.1000,2.1800,0.005065,0.054939
onnx,-0.1000,2.1900,0.005065,0.054934
onnx,-0.1000,2.2000,0.005064,0.054929
onnx,-0.1000,2.2100,0.005064,0.054924
onnx,-0.1000,2.2200,0.005063,0.054918
onnx,-0.1000,2.2300,0.005063,0.054911
onnx,-0.1000,2.2400,0.005062,0.054904
onnx,-0.1000,2.2500,0.005062,0.054896
onnx,-0.1000,2.2600,0.005061,0.054888
onnx,-0.1000,2.2700,0.005060,0.054879
onnx,-0.1000,2.2800,0.005059,0.054870
onnx,-0.1000,2.2900,0.005059,0.054860
onnx,-0.1000,2.3000,0.005058,0.054849
onnx,-0.1000,2.3100,0.005057,0.054839
onnx,-0.1000,2.3200,0.005056,0.054827
onnx,-0.1000,2.3300,0.005055,0.054815
onnx,-0.1000,2.3400,0.005054,0.054803
onnx,-0.1000,2.3500,0.005053,0.054790
onnx,-0.1000,2.3600,0.005051,0.054776
onnx,-0.1000,2.3700,0.005050,0.054762
onnx,-0.1000,2.3800,0.005049,0.054748
onnx,-0.1000,2.3900,0.005048,0.054733
onnx,-0.1000,2.4000,0.005046,0.054717
onnx,-0.1000,2.4100,0.005045,0.054701
onnx,-0.1000,2.4200,0.005043,0.054685
onnx,-0.1000,2.4300,0.005042,0.054667
onnx,-0.1000,2.4400,0.005040,0.054650
onnx,-0.1000,2.4500,0.005039,0.054632
onnx,-0.1000,2.4600,0.005037,0.054613
onnx,-0.1000,2.4700,0.005035,0.054594
onnx,-0.1000,2.4800,0.005034,0.054574
onnx,-0.1000,2.4900,0.005032,0.054554
onnx,-0.1000,2.5000,0.005030,0.054533
onnx,-0.1000,2.5100,0.005028,0.054512
onnx,-0.1000,2.5200,0.005026,0.054491
onnx,-0.1000,2.5300,0.005024,0.054468
onnx,-0.1000,2.5400,0.005022,0.054446
onnx,-0.1000,2.5500,0.005020,0.054423
onnx,-0.1000,2.5600,0.005018,0.054399
onnx,-0.1000,2.5700,0.005016,0.054375
onnx,-0.1000,2.5800,0.005014,0.054350
onnx,-0.1000,2.5900,0.005012,0.054325
onnx,-0.1000,2.6000,0.005009,0.054299
onnx,-0.1000,2.6100,0.005007,0.054273
onnx,-0.1000,2.6200,0.005005,0.054246
onnx,-0.1000,2.6300,0.005002,0.054219
onnx,-0.1000,2.6400,0.005000,0.054192
onnx,-0.1000,2.6500,0.004997,0.054164
onnx,-0.1000,2.6600,0.004995,0.054135
onnx,-0.1000,2.6700,0.004992,0.054106
onnx,-0.1000,2.6800,0.004989,0.054076
onnx,-0.1000,2.6900,0.004987,0.054046
onnx,-0.1000,2.7000,0.004984,0.054016
onnx,-0.1000,2.7100,0.004981,0.053985
onnx,-0.1000,2.7200,0.004978,0.053953
onnx,-0.1000,2.7300,0.004975,0.053921
onnx,-0.1000,2.7400,0.004972,0.053889
onnx,-0.1000,2.7500,0.004970,0.053856
onnx,-0.1000,2.7600,0.004966,0.053823
onnx,-0.1000,2.7700,0.004963,0.053789
onnx,-0.1000,2.7800,0.004960,0.053754
onnx,-0.1000,2.7900,0.004957,0.053720
onnx,-0.1000,2.8000,0.004954,0.053684
onnx,-0.1000,2.8100,0.004951,0.053649
onnx,-0.1000,2.8200,0.004948,0.053612
onnx,-0.1000,2.8300,0.004944,0.053576
onnx,-0.1000,2.8400,0.004941,0.053538
onnx,-0.1000,2.8500,0.004937,0.053501
onnx,-0.1000,2.8600,0.004934,0.053463
onnx,-0.1000,2.8700,0.004931,0.053424
onnx,-0.1000,2.8800,0.004927,0.053385
onnx,-0.1000,2.8900,0.004923,0.053346
onnx,-0.1000,2.9000,0.004920,0.053306
onnx,-0.1000,2.9100,0.004916,0.053265
onnx,-0.1000,2.9200,0.004912,0.053225
onnx,-0.1000,2.9300,0.004909,0.053183
onnx,-0.1000,2.9400,0.004905,0.053141
onnx,-0.1000,2.9500,0.004901,0.053099
onnx,-0.1000,2.9600,0.004897,0.053057
onnx,-0.1000,2.9700,0.004893,0.053013
onnx,-0.1000,2.9800,0.004889,0.052970
onnx,-0.1000,2.9900,0.004885,0.052926
onnx,-0.1000,3.0000,0.004881,0.052881
onnx,-0.1000,3.0100,0.004877,0.052837
onnx,-0.1000,3.0200,0.004873,0.052791
onnx,-0.1000,3.0300,0.004869,0.052745
onnx,-0.1000,3.0400,0.004865,0.052699
onnx,-0.1000,3.0500,0.004861,0.052653
onnx,-0.1000,3.0600,0.004856,0.052605
onnx,-0.1000,3.0700,0.004852,0.052558
onnx,-0.1000,3.0800,0.004848,0.052510
onnx,-0.1000,3.0900,0.004843,0.052462
onnx,-0.1000,3.1000,0.004839,0.052413
onnx,-0.1000,3.1100,0.004834,0.052363
onnx,-0.1000,3.1200,0.004830,0.052314
onnx,-0.1000,3.1300,0.004825,0.052264
onnx,-0.1000,3.1400,0.004821,0.052213
onnx,-0.1000,3.1500,0.004816,0.052162
onnx,-0.1000,3.1600,0.004811,0.052111
onnx,-0.1000,3.1700,0.004807,0.052059
onnx,-0.1000,3.1800,0.004802,0.052006
onnx,-0.1000,3.1900,0.004797,0.051954
onnx,-0.1000,3.2000,0.004792,0.051901
onnx,-0.1000,3.2100,0.004787,0.051847
onnx,-0.1000,3.2200,0.004783,0.051793
onnx,-0.1000,3.2300,0.004778,0.051739
onnx,-0.1000,3.2400,0.004773,0.051684
onnx,-0.1000,3.2500,0.004768,0.051629
onnx,-0.1000,3.2600,0.004762,0.051573
onnx,-0.1000,3.2700,0.004757,0.051517
onnx,-0.1000,3.2800,0.004752,0.051461
onnx,-0.1000,3.2900,0.004747,0.051404
onnx,-0.1000,3.3000,0.004742,0.051347
onnx,-0.1000,3.3100,0.004737,0.051289
onnx,-0.1000,3.3200,0.004731,0.051231
onnx,-0.1000,3.3300,0.004726,0.051172
onnx,-0.1000,3.3400,0.004721,0.051114
onnx,-0.1000,3.3500,0.004715,0.051054
onnx,-0.1000,3.3600,0.004710,0.050995
onnx,-0.1000,3.3700,0.004704,0.050935
onnx,-0.1000,3.3800,0.004699,0.050874
onnx,-0.1000,3.3900,0.004693,0.050813
onnx,-0.1000,3.4000,0.004688,0.050752
onnx,-0.1000,3.4100,0.004682,0.050690
onnx,-0.1000,3.4200,0.004676,0.050628
onnx,-0.1000,3.4300,0.004671,0.050566
onnx,-0.1000,3.4400,0.004665,0.050503
onnx,-0.1000,3.4500,0.004659,0.050440
onnx,-0.1000,3.4600,0.004653,0.050376
onnx,-0.1000,3.4700,0.004648,0.050312
onnx,-0.1000,3.4800,0.004642,0.050248
onnx,-0.1000,3.4900,0.004636,0.050183
onnx,-0.1000,3.5000,0.004630,0.050118
onnx,-0.1000,3.5100,0.004624,0.050052
onnx,-0.1000,3.5200,0.004618,0.049986
onnx,-0.1000,3.5300,0.004612,0.049920
onnx,-0.1000,3.5400,0.004606,0.049854
onnx,-0.1000,3.5500,0.004600,0.049786
onnx,-0.1000,3.5600,0.004593,0.049719
onnx,-0.1000,3.5700,0.004587,0.049651
onnx,-0.1000,3.5800,0.004581,0.049583
onnx,-0.1000,3.5900,0.004575,0.049515
onnx,-0.1000,3.6000,0.004568,0.049446
onnx,-0.1000,3.6100,0.004562,0.049376
onnx,-0.1000,3.6200,0.004556,0.049307
onnx,-0.1000,3.6300,0.004549,0.049237
onnx,-0.1000,3.6400,0.004543,0.049167
onnx,-0.1000,3.6500,0.004536,0.049096
onnx,-0.1000,3.6600,0.004530,0.049025
onnx,-0.1000,3.6700,0.004523,0.048953
onnx,-0.1000,3.6800,0.004517,0.048882
onnx,-0.1000,3.6900,0.004510,0.048809
onnx,-0.1000,3.7000,0.004504,0.048737
onnx,-0.1000,3.7100,0.004497,0.048664
onnx,-0.1000,3.7200,0.004490,0.048591
onnx,-0.1000,3.7300,0.004484,0.048517
onnx,-0.1000,3.7400,0.004477,0.048443
onnx,-0.1000,3.7500,0.004470,0.048369
onnx,-0.1000,3.7600,0.004463,0.048295
onnx,-0.1000,3.7700,0.004456,0.048220
onnx,-0.1000,3.7800,0.004449,0.048144
onnx,-0.1000,3.7900,0.004442,0.048069
onnx,-0.1000,3.8000,0.004436,0.047993
onnx,-0.1000,3.8100,0.004429,0.047916
onnx,-0.1000,3.8200,0.004422,0.047840
onnx,-0.1000,3.8300,0.004414,0.047763
onnx,-0.1000,3.8400,0.004407,0.047686
onnx,-0.1000,3.8500,0.004400,0.047608
onnx,-0.1000,3.8600,0.004393,0.047530
onnx,-0.1000,3.8700,0.004386,0.047452
onnx,-0.1000,3.8800,0.004379,0.047373
onnx,-0.1000,3.8900,0.004372,0.047294
onnx,-0.1000,3.9000,0.004364,0.047215
onnx,-0.1000,3.9100,0.004357,0.047135
onnx,-0.1000,3.9200,0.004350,0.047055
onnx,-0.1000,3.9300,0.004342,0.046975
onnx,-0.1000,3.9400,0.004335,0.046894
onnx,-0.1000,3.9500,0.004328,0.046813
onnx,-0.1000,3.9600,0.004320,0.046732
onnx,-0.1000,3.9700,0.004313,0.046650
onnx,-0.1000,3.9800,0.004305,0.046569
onnx,-0.1000,3.9900,0.004298,0.046486
onnx,-0.1000,4.0000,0.004290,0.046404
onnx,-0.1000,4.0100,0.004282,0.046321
onnx,-0.1000,4.0200,0.004275,0.046238
onnx,-0.1000,4.0300,0.004267,0.046155
onnx,-0.1000,4.0400,0.004260,0.046071
onnx,-0.1000,4.0500,0.004252,0.045987
onnx,-0.1000,4.0600,0.004244,0.045902
onnx,-0.1000,4.0700,0.004236,0.045818
onnx,-0.1000,4.0800,0.004229,0.045733
onnx,-0.1000,4.0900,0.004221,0.045648
onnx,-0.1000,4.1000,0.004213,0.045562
onnx,-0.1000,4.1100,0.004205,0.045476
onnx,-0.1000,4.1200,0.004197,0.045390
onnx,-0.1000,4.1300,0.004189,0.045303
onnx,-0.1000,4.1400,0.004181,0.045217
onnx,-0.1000,4.1500,0.004173,0.045130
onnx,-0.1000,4.1600,0.004165,0.045042
onnx,-0.1000,4.1700,0.004157,0.044955
onnx,-0.1000,4.1800,0.004149,0.044867
onnx,-0.1000,4.1900,0.004141,0.044779
onnx,-0.1000,4.2000,0.004133,0.044690
onnx,-0.1000,4.2100,0.004125,0.044601
onnx,-0.1000,4.2200,0.004117,0.044512
onnx,-0.1000,4.2300,0.004108,0.044423
onnx,-0.1000,4.2400,0.004100,0.044333
onnx,-0.1000,4.2500,0.004092,0.044244
onnx,-0.1000,4.2600,0.004084,0.044153
onnx,-0.1000,4.2700,0.004075,0.044063
onnx,-0.1000,4.2800,0.004067,0.043972
onnx,-0.1000,4.2900,0.004059,0.043881
onnx,-0.1000,4.3000,0.004050,0.043790
onnx,-0.1000,4.3100,0.004042,0.043698
onnx,-0.1000,4.3200,0.004034,0.043607
onnx,-0.1000,4.3300,0.004025,0.043515
onnx,-0.1000,4.3400,0.004017,0.043422
onnx,-0.1000,4.3500,0.004008,0.043330
onnx,-0.1000,4.3600,0.004000,0.043237
onnx,-0.1000,4.3700,0.003991,0.043144
onnx,-0.1000,4.3800,0.003983,0.043050
onnx,-0.1000,4.3900,0.003974,0.042957
onnx,-0.1000,4.4000,0.003965,0.042863
onnx,-0.1000,4.4100,0.003957,0.042768
onnx,-0.1000,4.4200,0.003948,0.042674
onnx,-0.1000,4.4300,0.003939,0.042579
onnx,-0.1000,4.4400,0.003931,0.042484
onnx,-0.1000,4.4500,0.003922,0.042389
onnx,-0.1000,4.4600,0.003913,0.042294
onnx,-0.1000,4.4700,0.003904,0.042198
onnx,-0.1000,4.4800,0.003896,0.042102
onnx,-0.1000,4.4900,0.003887,0.042006
onnx,-0.1000,4.5000,0.003878,0.041910
onnx,-0.1000,4.5100,0.003869,0.041813
onnx,-0.1000,4.5200,0.003860,0.041716
onnx,-0.1000,4.5300,0.003851,0.041619
onnx,-0.1000,4.5400,0.003842,0.041522
onnx,-0.1000,4.5500,0.003833,0.041424
onnx,-0.1000,4.5600,0.003824,0.041326
onnx,-0.1000,4.5700,0.003815,0.041228
onnx,-0.1000,4.5800,0.003806,0.041130
onnx,-0.1000,4.5900,0.003797,0.041031
onnx,-0.1000,4.6000,0.003788,0.040932
onnx,-0.1000,4.6100,0.003779,0.040833
onnx,-0.1000,4.6200,0.003770,0.040734
onnx,-0.1000,4.6300,0.003761,0.040635
onnx,-0.1000,4.6400,0.003752,0.040535
onnx,-0.1000,4.6500,0.003742,0.040435
onnx,-0.1000,4.6600,0.003733,0.040335
onnx,-0.1000,4.6700,0.003724,0.040235
onnx,-0.1000,4.6800,0.003715,0.040134
onnx,-0.1000,4.6900,0.003706,0.040033
onnx,-0.1000,4.7000,0.003696,0.039932
onnx,-0.1000,4.7100,0.003687,0.039831
onnx,-0.1000,4.7200,0.003678,0.039730
onnx,-0.1000,4.7300,0.003668,0.039628
onnx,-0.1000,4.7400,0.003659,0.039526
onnx,-0.1000,4.7500,0.003650,0.039424
onnx,-0.1000,4.7600,0.003640,0.039322
onnx,-0.1000,4.7700,0.003631,0.039219
onnx,-0.1000,4.7800,0.003621,0.039117
onnx,-0.1000,4.7900,0.003612,0.039014
onnx,-0.1000,4.8000,0.003602,0.038911
onnx,-0.1000,4.8100,0.003593,0.038808
onnx,-0.1000,4.8200,0.003583,0.038704
onnx,-0.1000,4.8300,0.003574,0.038600
onnx,-0.1000,4.8400,0.003564,0.038497
onnx,-0.1000,4.8500,0.003555,0.038393
onnx,-0.1000,4.8600,0.003545,0.038288
onnx,-0.1000,4.8700,0.003536,0.038184
onnx,-0.1000,4.8800,0.003526,0.038079
onnx,-0.1000,4.8900,0.003516,0.037974
onnx,-0.1000,4.9000,0.003507,0.037869
onnx,-0.1000,4.9100,0.003497,0.037764
onnx,-0.1000,4.9200,0.003487,0.037659
onnx,-0.1000,4.9300,0.003478,0.037553
onnx,-0.1000,4.9400,0.003468,0.037447
onnx,-0.1000,4.9500,0.003458,0.037341
onnx,-0.1000,4.9600,0.003448,0.037235
onnx,-0.1000,4.9700,0.003439,0.037129
onnx,-0.1000,4.9800,0.003429,0.037022
onnx,-0.1000,4.9900,0.003419,0.036916
onnx,-0.1000,5.0000,0.003409,0.036809
onnx,-0.1000,5.0100,0.003399,0.036702
onnx,-0.1000,5.0200,0.003390,0.036595
onnx,-0.1000,5.0300,0.003380,0.036487
onnx,-0.1000,5.0400,0.003370,0.036380
onnx,-0.1000,5.0500,0.003360,0.036272
onnx,-0.1000,5.0600,0.003350,0.036164
onnx,-0.1000,5.0700,0.003340,0.036056
onnx,-0.1000,5.0800,0.003330,0.035948
onnx,-0.1000,5.0900,0.003320,0.035840
onnx,-0.1000,5.1000,0.003310,0.035731
onnx,-0.1000,5.1100,0.003300,0.035623
onnx,-0.1000,5.1200,0.003290,0.035514
onnx,-0.1000,5.1300,0.003280,0.035405
onnx,-0.1000,5.1400,0.003270,0.035296
onnx,-0.1000,5.1500,0.003260,0.035187
onnx,-0.1000,5.1600,0.003250,0.035077
onnx,-0.1000,5.1700,0.003240,0.034967
onnx,-0.1000,5.1800,0.003230,0.034858
onnx,-0.1000,5.1900,0.003220,0.034748
onnx,-0.1000,5.2000,0.003210,0.034638
onnx,-0.1000,5.2100,0.003199,0.034528
onnx,-0.1000,5.2200,0.003189,0.034417
onnx,-0.1000,5.2300,0.003179,0.034307
onnx,-0.1000,5.2400,0.003169,0.034196
onnx,-0.1000,5.2500,0.003159,0.034086
onnx,-0.1000,5.2600,0.003149,0.033975
onnx,-0.1000,5.2700,0.003138,0.033864
onnx,-0.1000,5.2800,0.003128,0.033752
onnx,-0.1000,5.2900,0.003118,0.033641
onnx,-0.1000,5.3000,0.003108,0.033530
onnx,-0.1000,5.3100,0.003097,0.033418
onnx,-0.1000,5.3200,0.003087,0.033306
onnx,-0.1000,5.3300,0.003077,0.033195
onnx,-0.1000,5.3400,0.003067,0.033083
onnx,-0.1000,5.3500,0.003056,0.032971
onnx,-0.1000,5.3600,0.003046,0.032858
onnx,-0.1000,5.3700,0.003036,0.032746
onnx,-0.1000,5.3800,0.003025,0.032634
onnx,-0.1000,5.3900,0.003015,0.032521
onnx,-0.1000,5.4000,0.003004,0.032408
onnx,-0.1000,5.4100,0.002994,0.032296
onnx,-0.1000,5.4200,0.002984,0.032183
onnx,-0.1000,5.4300,0.002973,0.032070
onnx,-0.1000,5.4400,0.002963,0.031956
onnx,-0.1000,5.4500,0.002952,0.031843
onnx,-0.1000,5.4600,0.002942,0.031730
onnx,-0.1000,5.4700,0.002932,0.031616
onnx,-0.1000,5.4800,0.002921,0.031503
onnx,-0.1000,5.4900,0.002911,0.031389
onnx,-0.1000,5.5000,0.002900,0.031275
onnx,-0.1000,5.5100,0.002890,0.031161
onnx,-0.1000,5.5200,0.002879,0.031047
onnx,-0.1000,5.5300,0.002869,0.030933
onnx,-0.1000,5.5400,0.002858,0.030819
onnx,-0.1000,5.5500,0.002848,0.030704
onnx,-0.1000,5.5600,0.002837,0.030590
onnx,-0.1000,5.5700,0.002827,0.030475
onnx,-0.1000,5.5800,0.002816,0.030361
onnx,-0.1000,5.5900,0.002805,0.030246
onnx,-0.1000,5.6000,0.002795,0.030131
onnx,-0.1000,5.6100,0.002784,0.030016
onnx,-0.1000,5.6200,0.002774,0.029901
onnx,-0.1000,5.6300,0.002763,0.029786
onnx,-0.1000,5.6400,0.002753,0.029671
onnx,-0.1000,5.6500,0.002742,0.029556
onnx,-0.1000,5.6600,0.002731,0.029440
onnx,-0.1000,5.6700,0.002721,0.029325
onnx,-0.1000,5.6800,0.002710,0.029210
onnx,-0.1000,5.6900,0.002699,0.029094
onnx,-0.1000,5.7000,0.002689,0.028978
onnx,-0.1000,5.7100,0.002678,0.028862
onnx,-0.1000,5.7200,0.002667,0.028747
onnx,-0.1000,5.7300,0.002657,0.028631
onnx,-0.1000,5.7400,0.002646,0.028515
onnx,-0.1000,5.7500,0.002635,0.028399
onnx,-0.1000,5.7600,0.002625,0.028283
onnx,-0.1000,5.7700,0.002614,0.028166
onnx,-0.1000,5.7800,0.002603,0.028050
onnx,-0.1000,5.7900,0.002593,0.027934
onnx,-0.1000,5.8000,0.002582,0.027817
onnx,-0.1000,5.8100,0.002571,0.027701
onnx,-0.1000,5.8200,0.002560,0.027584
onnx,-0.1000,5.8300,0.002550,0.027468
onnx,-0.1000,5.8400,0.002539,0.027351
onnx,-0.1000,5.8500,0.002528,0.027234
onnx,-0.1000,5.8600,0.002517,0.027117
onnx,-0.1000,5.8700,0.002507,0.027001
onnx,-0.1000,5.8800,0.002496,0.026884
onnx,-0.1000,5.8900,0.002485,0.026767
onnx,-0.1000,5.9000,0.002474,0.026650
onnx,-0.1000,5.9100,0.002464,0.026533
onnx,-0.1000,5.9200,0.002453,0.026415
onnx,-0.1000,5.9300,0.002442,0.026298
onnx,-0.1000,5.9400,0.002431,0.026181
onnx,-0.1000,5.9500,0.002420,0.026064
onnx,-0.1000,5.9600,0.002410,0.025946
onnx,-0.1000,5.9700,0.002399,0.025829
onnx,-0.1000,5.9800,0.002388,0.025712
onnx,-0.1000,5.9900,0.002377,0.025594
onnx,-0.1000,6.0000,0.002366,0.025477
onnx,-0.1000,6.0100,0.002355,0.025359
onnx,-0.1000,6.0200,0.002345,0.025242
onnx,-0.1000,6.0300,0.002334,0.025124
onnx,-0.1000,6.0400,0.002323,0.025006
onnx,-0.1000,6.0500,0.002312,0.024889
onnx,-0.1000,6.0600,0.002301,0.024771
onnx,-0.1000,6.0700,0.002290,0.024653
onnx,-0.1000,6.0800,0.002279,0.024535
onnx,-0.1000,6.0900,0.002269,0.024417
onnx,-0.1000,6.1000,0.002258,0.024299
onnx,-0.1000,6.1100,0.002247,0.024182
onnx,-0.1000,6.1200,0.002236,0.024064
onnx,-0.1000,6.1300,0.002225,0.023946
onnx,-0.1000,6.1400,0.002214,0.023828
onnx,-0.1000,6.1500,0.002203,0.023710
onnx,-0.1000,6.1600,0.002193,0.023592
onnx,-0.1000,6.1700,0.002182,0.023474
onnx,-0.1000,6.1800,0.002171,0.023356
onnx,-0.1000,6.1900,0.002160,0.023238
onnx,-0.1000,6.2000,0.002149,0.023119
onnx,-0.1000,6.2100,0.002138,0.023001
onnx,-0.1000,6.2200,0.002127,0.022883
onnx,-0.1000,6.2300,0.002116,0.022765
onnx,-0.1000,6.2400,0.002105,0.022647
onnx,-0.1000,6.2500,0.002095,0.022529
onnx,-0.1000,6.2600,0.002084,0.022410
onnx,-0.1000,6.2700,0.002073,0.022292
onnx,-0.1000,6.2800,0.002062,0.022174
onnx,-0.1000,6.2900,0.002051,0.022056
onnx,-0.1000,6.3000,0.002040,0.021938
onnx,-0.1000,6.3100,0.002029,0.021819
onnx,-0.1000,6.3200,0.002018,0.021701
onnx,-0.1000,6.3300,0.002007,0.021583
onnx,-0.1000,6.3400,0.001997,0.021465
onnx,-0.1000,6.3500,0.001986,0.021347
onnx,-0.1000,6.3600,0.001975,0.021228
onnx,-0.1000,6.3700,0.001964,0.021110
onnx,-0.1000,6.3800,0.001953,0.020992
onnx,-0.1000,6.3900,0.001942,0.020874
onnx,-0.1000,6.4000,0.001931,0.020755
onnx,-0.1000,6.4100,0.001920,0.020637
onnx,-0.1000,6.4200,0.001909,0.020519
onnx,-0.1000,6.4300,0.001898,0.020401
onnx,-0.1000,6.4400,0.001888,0.020283
onnx,-0.1000,6.4500,0.001877,0.020165
onnx,-0.1000,6.4600,0.001866,0.020046
onnx,-0.1000,6.4700,0.001855,0.019928
onnx,-0.1000,6.4800,0.001844,0.019810
onnx,-0.1000,6.4900,0.001833,0.019692
onnx,-0.1000,6.5000,0.001822,0.019574
onnx,-0.1000,6.5100,0.001811,0.019456
onnx,-0.1000,6.5200,0.001800,0.019338
onnx,-0.1000,6.5300,0.001790,0.019220
onnx,-0.1000,6.5400,0.001779,0.019102
onnx,-0.1000,6.5500,0.001768,0.018984
onnx,-0.1000,6.5600,0.001757,0.018866
onnx,-0.1000,6.5700,0.001746,0.018748
onnx,-0.1000,6.5800,0.001735,0.018630
onnx,-0.1000,6.5900,0.001724,0.018512
onnx,-0.1000,6.6000,0.001713,0.018394
onnx,-0.1000,6.6100,0.001703,0.018276
onnx,-0.1000,6.6200,0.001692,0.018159
onnx,-0.1000,6.6300,0.001681,0.018041
onnx,-0.1000,6.6400,0.001670,0.017923
onnx,-0.1000,6.6500,0.001659,0.017805
onnx,-0.1000,6.6600,0.001648,0.017688
onnx,-0.1000,6.6700,0.001637,0.017570
onnx,-0.1000,6.6800,0.001627,0.017452
onnx,-0.1000,6.6900,0.001616,0.017335
onnx,-0.1000,6.7000,0.001605,0.017217
onnx,-0.1000,6.7100,0.001594,0.017100
onnx,-0.1000,6.7200,0.001583,0.016983
onnx,-0.1000,6.7300,0.001572,0.016865
onnx,-0.1000,6.7400,0.001562,0.016748
onnx,-0.1000,6.7500,0.001551,0.016630
onnx,-0.1000,6.7600,0.001540,0.016513
onnx,-0.1000,6.7700,0.001529,0.016396
onnx,-0.1000,6.7800,0.001518,0.016279
onnx,-0.1000,6.7900,0.001508,0.016162
onnx,-0.1000,6.8000,0.001497,0.016045
onnx,-0.1000,6.8100,0.001486,0.015928
onnx,-0.1000,6.8200,0.001475,0.015811
onnx,-0.1000,6.8300,0.001464,0.015694
onnx,-0.1000,6.8400,0.001454,0.015577
onnx,-0.1000,6.8500,0.001443,0.015460
onnx,-0.1000,6.8600,0.001432,0.015344
onnx,-0.1000,6.8700,0.001421,0.015227
onnx,-0.1000,6.8800,0.001411,0.015110
onnx,-0.1000,6.8900,0.001400,0.014994
onnx,-0.1000,6.9000,0.001389,0.014877
onnx,-0.1000,6.9100,0.001378,0.014761
onnx,-0.1000,6.9200,0.001368,0.014644
onnx,-0.1000,6.9300,0.001357,0.014528
onnx,-0.1000,6.9400,0.001346,0.014412
onnx,-0.1000,6.9500,0.001335,0.014296
onnx,-0.1000,6.9600,0.001325,0.014180
onnx,-0.1000,6.9700,0.001314,0.014064
onnx,-0.1000,6.9800,0.001303,0.013948
onnx,-0.1000,6.9900,0.001293,0.013832
onnx,-0.1000,7.0000,0.001282,0.013716
onnx,-0.1000,7.0100,0.001271,0.013600
onnx,-0.1000,7.0200,0.001260,0.013484
onnx,-0.1000,7.0300,0.001250,0.013369
onnx,-0.1000,7.0400,0.001239,0.013253
onnx,-0.1000,7.0500,0.001229,0.013138
onnx,-0.1000,7.0600,0.001218,0.013022
onnx,-0.1000,7.0700,0.001207,0.012907
onnx,-0.1000,7.0800,0.001197,0.012792
onnx,-0.1000,7.0900,0.001186,0.012677
onnx,-0.1000,7.1000,0.001175,0.012562
onnx,-0.1000,7.1100,0.001165,0.012447
onnx,-0.1000,7.1200,0.001154,0.012332
onnx,-0.1000,7.1300,0.001144,0.012217
onnx,-0.1000,7.1400,0.001133,0.012102
onnx,-0.1000,7.1500,0.001122,0.011988
onnx,-0.1000,7.1600,0.001112,0.011873
onnx,-0.1000,7.1700,0.001101,0.011759
onnx,-0.1000,7.1800,0.001091,0.011644
onnx,-0.1000,7.1900,0.001080,0.011530
onnx,-0.1000,7.2000,0.001070,0.011416
onnx,-0.1000,7.2100,0.001059,0.011302
onnx,-0.1000,7.2200,0.001049,0.011188
onnx,-0.1000,7.2300,0.001038,0.011074
onnx,-0.1000,7.2400,0.001028,0.010960
onnx,-0.1000,7.2500,0.001017,0.010846
onnx,-0.1000,7.2600,0.001007,0.010733
onnx,-0.1000,7.2700,0.000996,0.010619
onnx,-0.1000,7.2800,0.000986,0.010506
onnx,-0.1000,7.2900,0.000975,0.010392
onnx,-0.1000,7.3000,0.000965,0.010279
onnx,-0.1000,7.3100,0.000954,0.010166
onnx,-0.1000,7.3200,0.000944,0.010053
onnx,-0.1000,7.3300,0.000933,0.009940
onnx,-0.1000,7.3400,0.000923,0.009827
onnx,-0.1000,7.3500,0.000913,0.009715
onnx,-0.1000,7.3600,0.000902,0.009602
onnx,-0.1000,7.3700,0.000892,0.009490
onnx,-0.1000,7.3800,0.000881,0.009377
onnx,-0.1000,7.3900,0.000871,0.009265
onnx,-0.1000,7.4000,0.000861,0.009153
onnx,-0.1000,7.4100,0.000850,0.009041
onnx,-0.1000,7.4200,0.000840,0.008929
onnx,-0.1000,7.4300,0.000830,0.008817
onnx,-0.1000,7.4400,0.000819,0.008705
onnx,-0.1000,7.4500,0.000809,0.008594
onnx,-0.1000,7.4600,0.000799,0.008482
onnx,-0.1000,7.4700,0.000788,0.008371
onnx,-0.1000,7.4800,0.000778,0.008260
onnx,-0.1000,7.4900,0.000768,0.008149
onnx,-0.1000,7.5000,0.000758,0.008038
onnx,-0.1000,7.5100,0.000747,0.007927
onnx,-0.1000,7.5200,0.000737,0.007816
onnx,-0.1000,7.5300,0.000727,0.007705
onnx,-0.1000,7.5400,0.000717,0.007595
onnx,-0.1000,7.5500,0.000707,0.007484
onnx,-0.1000,7.5600,0.000696,0.007374
onnx,-0.1000,7.5700,0.000686,0.007264
onnx,-0.1000,7.5800,0.000676,0.007154
onnx,-0.1000,7.5900,0.000666,0.007044
onnx,-0.1000,7.6000,0.000656,0.006934
onnx,-0.1000,7.6100,0.000646,0.006825
onnx,-0.1000,7.6200,0.000636,0.006715
onnx,-0.1000,7.6300,0.000625,0.006606
onnx,-0.1000,7.6400,0.000615,0.006496
onnx,-0.1000,7.6500,0.000605,0.006387
onnx,-0.1000,7.6600,0.000595,0.006278
onnx,-0.1000,7.6700,0.000585,0.006170
onnx,-0.1000,7.6800,0.000575,0.006061
onnx,-0.1000,7.6900,0.000565,0.005952
onnx,-0.1000,7.7000,0.000555,0.005844
onnx,-0.1000,7.7100,0.000545,0.005736
onnx,-0.1000,7.7200,0.000535,0.005627
onnx,-0.1000,7.7300,0.000525,0.005519
onnx,-0.1000,7.7400,0.000515,0.005411
onnx,-0.1000,7.7500,0.000505,0.005304
onnx,-0.1000,7.7600,0.000495,0.005196
onnx,-0.1000,7.7700,0.000485,0.005089
onnx,-0.1000,7.7800,0.000475,0.004981
onnx,-0.1000,7.7900,0.000465,0.004874
onnx,-0.1000,7.8000,0.000456,0.004767
onnx,-0.1000,7.8100,0.000446,0.004660
onnx,-0.1000,7.8200,0.000436,0.004554
onnx,-0.1000,7.8300,0.000426,0.004447
onnx,-0.1000,7.8400,0.000416,0.004340
onnx,-0.1000,7.8500,0.000406,0.004234
onnx,-0.1000,7.8600,0.000397,0.004128
onnx,-0.1000,7.8700,0.000387,0.004022
onnx,-0.1000,7.8800,0.000377,0.003916
onnx,-0.1000,7.8900,0.000367,0.003811
onnx,-0.1000,7.9000,0.000357,0.003705
onnx,-0.1000,7.9100,0.000348,0.003600
onnx,-0.1000,7.9200,0.000338,0.003494
onnx,-0.1000,7.9300,0.000328,0.003389
onnx,-0.1000,7.9400,0.000319,0.003284
onnx,-0.1000,7.9500,0.000309,0.003180
onnx,-0.1000,7.9600,0.000299,0.003075
onnx,-0.1000,7.9700,0.000290,0.002971
onnx,-0.1000,7.9800,0.000280,0.002866
onnx,-0.1000,7.9900,0.000270,0.002762
onnx,-0.1000,8.0000,0.000261,0.002658
onnx,-0.1000,8.0100,0.000251,0.002554
onnx,-0.1000,8.0200,0.000242,0.002451
onnx,-0.1000,8.0300,0.000232,0.002347
onnx,-0.1000,8.0400,0.000222,0.002244
onnx,-0.1000,8.0500,0.000213,0.002141
onnx,-0.1000,8.0600,0.000203,0.002038
onnx,-0.1000,8.0700,0.000194,0.001935
onnx,-0.1000,8.0800,0.000184,0.001832
onnx,-0.1000,8.0900,0.000175,0.001730
onnx,-0.1000,8.1000,0.000165,0.001627
onnx,-0.1000,8.1100,0.000156,0.001525
onnx,-0.1000,8.1200,0.000147,0.001423
onnx,-0.1000,8.1300,0.000137,0.001321
onnx,-0.1000,8.1400,0.000128,0.001220
onnx,-0.1000,8.1500,0.000118,0.001118
onnx,-0.1000,8.1600,0.000109,0.001017
onnx,-0.1000,8.1700,0.000100,0.000916
onnx,-0.1000,8.1800,0.000090,0.000815
onnx,-0.1000,8.1900,0.000081,0.000714
onnx,-0.1000,8.2000,0.000072,0.000614
onnx,-0.1000,8.2100,0.000062,0.000513
onnx,-0.1000,8.2200,0.000053,0.000413
onnx,-0.1000,8.2300,0.000044,0.000313
onnx,-0.1000,8.2400,0.000035,0.000213
onnx,-0.1000,8.2500,0.000025,0.000113
onnx,-0.1000,8.2600,0.000016,0.000014
onnx,-0.1000,8.2700,0.000007,-0.000086
onnx,-0.1000,8.2800,-0.000002,-0.000185
onnx,-0.1000,8.2900,-0.000011,-0.000284
onnx,-0.1000,8.3000,-0.000020,-0.000383
onnx,-0.1000,8.3100,-0.000029,-0.000482
onnx,-0.1000,8.3200,-0.000039,-0.000580
onnx,-0.1000,8.3300,-0.000048,-0.000678
onnx,-0.1000,8.3400,-0.000057,-0.000776
onnx,-0.1000,8.3500,-0.000066,-0.000874
onnx,-0.1000,8.3600,-0.000075,-0.000972
onnx,-0.1000,8.3700,-0.000084,-0.001070
onnx,-0.1000,8.3800,-0.000093,-0.001167
onnx,-0.1000,8.3900,-0.000102,-0.001264
onnx,-0.1000,8.4000,-0.000111,-0.001361
onnx,-0.1000,8.4100,-0.000120,-0.001458
onnx,-0.1000,8.4200,-0.000129,-0.001555
onnx,-0.1000,8.4300,-0.000138,-0.001651
onnx,-0.1000,8.4400,-0.000147,-0.001747
onnx,-0.1000,8.4500,-0.000155,-0.001843
onnx,-0.1000,8.4600,-0.000164,-0.001939
onnx,-0.1000,8.4700,-0.000173,-0.002035
onnx,-0.1000,8.4800,-0.000182,-0.002130
onnx,-0.1000,8.4900,-0.000191,-0.002225
onnx,-0.1000,8.5000,-0.000200,-0.002320
onnx,-0.1000,8.5100,-0.000208,-0.002415
onnx,-0.1000,8.5200,-0.000217,-0.002510
onnx,-0.1000,8.5300,-0.000226,-0.002605
onnx,-0.1000,8.5400,-0.000235,-0.002699
onnx,-0.1000,8.5500,-0.000243,-0.002793
onnx,-0.1000,8.5600,-0.000252,-0.002887
onnx,-0.1000,8.5700,-0.000261,-0.002981
onnx,-0.1000,8.5800,-0.000269,-0.003074
onnx,-0.1000,8.5900,-0.000278,-0.003167
onnx,-0.1000,8.6000,-0.000286,-0.003260
onnx,-0.1000,8.6100,-0.000295,-0.003353
onnx,-0.1000,8.6200,-0.000304,-0.003446
onnx,-0.1000,8.6300,-0.000312,-0.003539
onnx,-0.1000,8.6400,-0.000321,-0.003631
onnx,-0.1000,8.6500,-0.000329,-0.003723
onnx,-0.1000,8.6600,-0.000338,-0.003815
onnx,-0.1000,8.6700,-0.000346,-0.003907
onnx,-0.1000,8.6800,-0.000355,-0.003998
onnx,-0.1000,8.6900,-0.000363,-0.004089
onnx,-0.1000,8.7000,-0.000372,-0.004180
onnx,-0.1000,8.7100,-0.000380,-0.004271
onnx,-0.1000,8.7200,-0.000388,-0.004362
onnx,-0.1000,8.7300,-0.000397,-0.004452
onnx,-0.1000,8.7400,-0.000405,-0.004543
onnx,-0.1000,8.7500,-0.000413,-0.004633
onnx,-0.1000,8.7600,-0.000422,-0.004723
onnx,-0.1000,8.7700,-0.000430,-0.004812
onnx,-0.1000,8.7800,-0.000438,-0.004902
onnx,-0.1000,8.7900,-0.000447,-0.004991
onnx,-0.1000,8.8000,-0.000455,-0.005080
onnx,-0.1000,8.8100,-0.000463,-0.005169
onnx,-0.1000,8.8200,-0.000471,-0.005257
onnx,-0.1000,8.8300,-0.000479,-0.005346
onnx,-0.1000,8.8400,-0.000488,-0.005434
onnx,-0.1000,8.8500,-0.000496,-0.005522
onnx,-0.1000,8.8600,-0.000504,-0.005609
onnx,-0.1000,8.8700,-0.000512,-0.005697
onnx,-0.1000,8.8800,-0.000520,-0.005784
onnx,-0.1000,8.8900,-0.000528,-0.005871
onnx,-0.1000,8.9000,-0.000536,-0.005958
onnx,-0.1000,8.9100,-0.000544,-0.006045
onnx,-0.1000,8.9200,-0.000552,-0.006131
onnx,-0.1000,8.9300,-0.000560,-0.006217
onnx,-0.1000,8.9400,-0.000568,-0.006303
onnx,-0.1000,8.9500,-0.000576,-0.006389
onnx,-0.1000,8.9600,-0.000584,-0.006475
onnx,-0.1000,8.9700,-0.000592,-0.006560
onnx,-0.1000,8.9800,-0.000600,-0.006645
onnx,-0.1000,8.9900,-0.000608,-0.006730
onnx,-0.1000,9.0000,-0.000615,-0.006815
onnx,-0.1000,9.0100,-0.000623,-0.006899
onnx,-0.1000,9.0200,-0.000631,-0.006984
onnx,-0.1000,9.0300,-0.000639,-0.007068
onnx,-0.1000,9.0400,-0.000647,-0.007151
onnx,-0.1000,9.0500,-0.000654,-0.007235
onnx,-0.1000,9.0600,-0.000662,-0.007318
onnx,-0.1000,9.0700,-0.000670,-0.007402
onnx,-0.1000,9.0800,-0.000677,-0.007484
onnx,-0.1000,9.0900,-0.000685,-0.007567
onnx,-0.1000,9.1000,-0.000693,-0.007650
onnx,-0.1000,9.1100,-0.000700,-0.007732
onnx,-0.1000,9.1200,-0.000708,-0.007814
onnx,-0.1000,9.1300,-0.000715,-0.007896
onnx,-0.1000,9.1400,-0.000723,-0.007977
onnx,-0.1000,9.1500,-0.000731,-0.008059
onnx,-0.1000,9.1600,-0.000738,-0.008140
onnx,-0.1000,9.1700,-0.000746,-0.008221
onnx,-0.1000,9.1800,-0.000753,-0.008301
onnx,-0.1000,9.1900,-0.000761,-0.008382
onnx,-0.1000,9.2000,-0.000768,-0.008462
onnx,-0.1000,9.2100,-0.000775,-0.008542
onnx,-0.1000,9.2200,-0.000783,-0.008622
onnx,-0.1000,9.2300,-0.000790,-0.008701
onnx,-0.1000,9.2400,-0.000797,-0.008780
onnx,-0.1000,9.2500,-0.000805,-0.008860
onnx,-0.1000,9.2600,-0.000812,-0.008938
onnx,-0.1000,9.2700,-0.000819,-0.009017
onnx,-0.1000,9.2800,-0.000827,-0.009095
onnx,-0.1000,9.2900,-0.000834,-0.009173
onnx,-0.1000,9.3000,-0.000841,-0.009251
onnx,-0.1000,9.3100,-0.000848,-0.009329
onnx,-0.1000,9.3200,-0.000855,-0.009406
onnx,-0.1000,9.3300,-0.000863,-0.009484
onnx,-0.1000,9.3400,-0.000870,-0.009561
onnx,-0.1000,9.3500,-0.000877,-0.009637
onnx,-0.1000,9.3600,-0.000884,-0.009714
onnx,-0.1000,9.3700,-0.000891,-0.009790
onnx,-0.1000,9.3800,-0.000898,-0.009866
onnx,-0.1000,9.3900,-0.000905,-0.009942
onnx,-0.1000,9.4000,-0.000912,-0.010018
onnx,-0.1000,9.4100,-0.000919,-0.010093
onnx,-0.1000,9.4200,-0.000926,-0.010168
onnx,-0.1000,9.4300,-0.000933,-0.010243
onnx,-0.1000,9.4400,-0.000940,-0.010317
onnx,-0.1000,9.4500,-0.000947,-0.010392
onnx,-0.1000,9.4600,-0.000954,-0.010466
onnx,-0.1000,9.4700,-0.000960,-0.010540
onnx,-0.1000,9.4800,-0.000967,-0.010614
onnx,-0.1000,9.4900,-0.000974,-0.010687
onnx,-0.1000,9.5000,-0.000981,-0.010760
onnx,-0.1000,9.5100,-0.000988,-0.010833
onnx,-0.1000,9.5200,-0.000994,-0.010906
onnx,-0.1000,9.5300,-0.001001,-0.010978
onnx,-0.1000,9.5400,-0.001008,-0.011051
onnx,-0.1000,9.5500,-0.001014,-0.011123
onnx,-0.1000,9.5600,-0.001021,-0.011194
onnx,-0.1000,9.5700,-0.001028,-0.011266
onnx,-0.1000,9.5800,-0.001034,-0.011337
onnx,-0.1000,9.5900,-0.001041,-0.011408
onnx,-0.1000,9.6000,-0.001047,-0.011479
onnx,-0.1000,9.6100,-0.001054,-0.011550
onnx,-0.1000,9.6200,-0.001061,-0.011620
onnx,-0.1000,9.6300,-0.001067,-0.011690
onnx,-0.1000,9.6400,-0.001074,-0.011760
onnx,-0.1000,9.6500,-0.001080,-0.011829
onnx,-0.1000,9.6600,-0.001086,-0.011899
onnx,-0.1000,9.6700,-0.001093,-0.011968
onnx,-0.1000,9.6800,-0.001099,-0.012037
onnx,-0.1000,9.6900,-0.001106,-0.012105
onnx,-0.1000,9.7000,-0.001112,-0.012174
onnx,-0.1000,9.7100,-0.001118,-0.012242
onnx,-0.1000,9.7200,-0.001124,-0.012310
onnx,-0.1000,9.7300,-0.001131,-0.012377
onnx,-0.1000,9.7400,-0.001137,-0.012445
onnx,-0.1000,9.7500,-0.001143,-0.012512
onnx,-0.1000,9.7600,-0.001149,-0.012579
onnx,-0.1000,9.7700,-0.001156,-0.012645
onnx,-0.1000,9.7800,-0.001162,-0.012712
onnx,-0.1000,9.7900,-0.001168,-0.012778
onnx,-0.1000,9.8000,-0.001174,-0.012844
onnx,-0.1000,9.8100,-0.001180,-0.012910
onnx,-0.1000,9.8200,-0.001186,-0.012975
onnx,-0.1000,9.8300,-0.001192,-0.013040
onnx,-0.1000,9.8400,-0.001198,-0.013105
onnx,-0.1000,9.8500,-0.001204,-0.013170
onnx,-0.1000,9.8600,-0.001210,-0.013234
onnx,-0.1000,9.8700,-0.001216,-0.013298
onnx,-0.1000,9.8800,-0.001222,-0.013362
onnx,-0.1000,9.8900,-0.001228,-0.013426
onnx,-0.1000,9.9000,-0.001234,-0.013489
onnx,-0.1000,9.9100,-0.001240,-0.013553
onnx,-0.1000,9.9200,-0.001246,-0.013616
onnx,-0.1000,9.9300,-0.001251,-0.013678
onnx,-0.1000,9.9400,-0.001257,-0.013741
onnx,-0.1000,9.9500,-0.001263,-0.013803
onnx,-0.1000,9.9600,-0.001269,-0.013865
onnx,-0.1000,9.9700,-0.001274,-0.013927
onnx,-0.1000,9.9800,-0.001280,-0.013988
onnx,-0.1000,9.9900,-0.001286,-0.014049
onnx,-0.1000,10.0000,-0.001292,0.000000
pd,0.2000,0.0000,0.200000,20.000000
pd,0.2000,0.0100,0.198726,19.137067
pd,0.2000,0.0200,0.194962,14.196168
pd,0.2000,0.0300,0.189117,10.305297
pd,0.2000,0.0400,0.181810,7.254450
pd,0.2000,0.0500,0.173527,4.875535
pd,0.2000,0.0600,0.164642,3.033420
pd,0.2000,0.0700,0.155444,1.619219
pd,0.2000,0.0800,0.146154,0.545122
pd,0.2000,0.0900,0.136935,-0.259639
pd,0.2000,0.1000,0.127911,-0.852019
pd,0.2000,0.1100,0.119167,-1.277755
pd,0.2000,0.1200,0.110764,-1.573478
pd,0.2000,0.1300,0.102742,-1.768439
pd,0.2000,0.1400,0.095125,-1.885918
pd,0.2000,0.1500,0.087923,-1.944378
pd,0.2000,0.1600,0.081139,-1.958407
pd,0.2000,0.1700,0.074766,-1.939483
pd,0.2000,0.1800,0.068795,-1.896597
pd,0.2000,0.1900,0.063213,-1.836754
pd,0.2000,0.2000,0.058003,-1.765383
pd,0.2000,0.2100,0.053147,-1.686662
pd,0.2000,0.2200,0.048627,-1.603778
pd,0.2000,0.2300,0.044424,-1.519142
pd,0.2000,0.2400,0.040519,-1.434552
pd,0.2000,0.2500,0.036894,-1.351328
pd,0.2000,0.2600,0.033531,-1.270417
pd,0.2000,0.2700,0.030413,-1.192477
pd,0.2000,0.2800,0.027523,-1.117946
pd,0.2000,0.2900,0.024845,-1.047090
pd,0.2000,0.3000,0.022364,-0.980046
pd,0.2000,0.3100,0.020068,-0.916856
pd,0.2000,0.3200,0.017941,-0.857487
pd,0.2000,0.3300,0.015973,-0.801858
pd,0.2000,0.3400,0.014152,-0.749849
pd,0.2000,0.3500,0.012466,-0.701314
pd,0.2000,0.3600,0.010906,-0.656093
pd,0.2000,0.3700,0.009463,-0.614016
pd,0.2000,0.3800,0.008127,-0.574909
pd,0.2000,0.3900,0.006892,-0.538596
pd,0.2000,0.4000,0.005748,-0.504907
pd,0.2000,0.4100,0.004691,-0.473673
pd,0.2000,0.4200,0.003712,-0.444733
pd,0.2000,0.4300,0.002806,-0.417933
pd,0.2000,0.4400,0.001968,-0.393127
pd,0.2000,0.4500,0.001192,-0.370174
pd,0.2000,0.4600,0.000474,-0.348945
pd,0.2000,0.4700,-0.000191,-0.329315
pd,0.2000,0.4800,-0.000806,-0.311169
pd,0.2000,0.4900,-0.001375,-0.294399
pd,0.2000,0.5000,-0.001903,-0.278905
pd,0.2000,0.5100,-0.002392,-0.264592
pd,0.2000,0.5200,-0.002844,-0.251372
pd,0.2000,0.5300,-0.003264,-0.239165
pd,0.2000,0.5400,-0.003652,-0.227894
pd,0.2000,0.5500,-0.004012,-0.217490
pd,0.2000,0.5600,-0.004346,-0.207888
pd,0.2000,0.5700,-0.004656,-0.199026
pd,0.2000,0.5800,-0.004943,-0.190850
pd,0.2000,0.5900,-0.005209,-0.183307
pd,0.2000,0.6000,-0.005457,-0.176350
pd,0.2000,0.6100,-0.005686,-0.169933
pd,0.2000,0.6200,-0.005900,-0.164017
pd,0.2000,0.6300,-0.006098,-0.158563
pd,0.2000,0.6400,-0.006282,-0.153535
pd,0.2000,0.6500,-0.006453,-0.148902
pd,0.2000,0.6600,-0.006612,-0.144634
pd,0.2000,0.6700,-0.006760,-0.140702
pd,0.2000,0.6800,-0.006898,-0.137081
pd,0.2000,0.6900,-0.007027,-0.133747
pd,0.2000,0.7000,-0.007147,-0.130679
pd,0.2000,0.7100,-0.007258,-0.127855
pd,0.2000,0.7200,-0.007363,-0.125258
pd,0.2000,0.7300,-0.007460,-0.122870
pd,0.2000,0.7400,-0.007551,-0.120675
pd,0.2000,0.7500,-0.007636,-0.118657
pd,0.2000,0.7600,-0.007715,-0.116805
pd,0.2000,0.7700,-0.007790,-0.115104
pd,0.2000,0.7800,-0.007860,-0.113544
pd,0.2000,0.7900,-0.007925,-0.112113
pd,0.2000,0.8000,-0.007987,-0.110802
pd,0.2000,0.8100,-0.008045,-0.109601
pd,0.2000,0.8200,-0.008099,-0.108502
pd,0.2000,0.8300,-0.008150,-0.107497
pd,0.2000,0.8400,-0.008198,-0.106579
pd,0.2000,0.8500,-0.008244,-0.105741
pd,0.2000,0.8600,-0.008287,-0.104977
pd,0.2000,0.8700,-0.008327,-0.104281
pd,0.2000,0.8800,-0.008366,-0.103648
pd,0.2000,0.8900,-0.008402,-0.103073
pd,0.2000,0.9000,-0.008437,-0.102551
pd,0.2000,0.9100,-0.008470,-0.102079
pd,0.2000,0.9200,-0.008501,-0.101652
pd,0.2000,0.9300,-0.008530,-0.101267
pd,0.2000,0.9400,-0.008559,-0.100921
pd,0.2000,0.9500,-0.008586,-0.100611
pd,0.2000,0.9600,-0.008612,-0.100333
pd,0.2000,0.9700,-0.008636,-0.100085
pd,0.2000,0.9800,-0.008660,-0.099866
pd,0.2000,0.9900,-0.008683,-0.099672
pd,0.2000,1.0000,-0.008705,-0.099502
pd,0.2000,1.0100,-0.008725,-0.099353
pd,0.2000,1.0200,-0.008746,-0.099225
pd,0.2000,1.0300,-0.008765,-0.099115
pd,0.2000,1.0400,-0.008784,-0.099021
pd,0.2000,1.0500,-0.008802,-0.098944
pd,0.2000,1.0600,-0.008819,-0.098880
pd,0.2000,1.0700,-0.008836,-0.098830
pd,0.2000,1.0800,-0.008853,-0.098791
pd,0.2000,1.0900,-0.008869,-0.098764
pd,0.2000,1.1000,-0.008884,-0.098747
pd,0.2000,1.1100,-0.008899,-0.098739
pd,0.2000,1.1200,-0.008914,-0.098739
pd,0.2000,1.1300,-0.008928,-0.098747
pd,0.2000,1.1400,-0.008942,-0.098762
pd,0.2000,1.1500,-0.008955,-0.098784
pd,0.2000,1.1600,-0.008969,-0.098811
pd,0.2000,1.1700,-0.008982,-0.098844
pd,0.2000,1.1800,-0.008994,-0.098882
pd,0.2000,1.1900,-0.009006,-0.098924
pd,0.2000,1.2000,-0.009018,-0.098970
pd,0.2000,1.2100,-0.009030,-0.099019
pd,0.2000,1.2200,-0.009042,-0.099072
pd,0.2000,1.2300,-0.009053,-0.099128
pd,0.2000,1.2400,-0.009064,-0.099186
pd,0.2000,1.2500,-0.009075,-0.099247
pd,0.2000,1.2600,-0.009086,-0.099309
pd,0.2000,1.2700,-0.009096,-0.099374
pd,0.2000,1.2800,-0.009107,-0.099440
pd,0.2000,1.2900,-0.009117,-0.099507
pd,0.2000,1.3000,-0.009127,-0.099576
pd,0.2000,1.3100,-0.009136,-0.099646
pd,0.2000,1.3200,-0.009146,-0.099716
pd,0.2000,1.3300,-0.009156,-0.099788
pd,0.2000,1.3400,-0.009165,-0.099860
pd,0.2000,1.3500,-0.009174,-0.099932
pd,0.2000,1.3600,-0.009183,-0.100005
pd,0.2000,1.3700,-0.009192,-0.100077
pd,0.2000,1.3800,-0.009201,-0.100151
pd,0.2000,1.3900,-0.009209,-0.100224
pd,0.2000,1.4000,-0.009218,-0.100297
pd,0.2000,1.4100,-0.009226,-0.100370
pd,0.2000,1.4200,-0.009234,-0.100442
pd,0.2000,1.4300,-0.009242,-0.100515
pd,0.2000,1.4400,-0.009250,-0.100587
pd,0.2000,1.4500,-0.009258,-0.100659
pd,0.2000,1.4600,-0.009266,-0.100730
pd,0.2000,1.4700,-0.009273,-0.100801
pd,0.2000,1.4800,-0.009281,-0.100872
pd,0.2000,1.4900,-0.009288,-0.100941
pd,0.2000,1.5000,-0.009295,-0.101011
pd,0.2000,1.5100,-0.009303,-0.101079
pd,0.2000,1.5200,-0.009310,-0.101147
pd,0.2000,1.5300,-0.009317,-0.101215
pd,0.2000,1.5400,-0.009323,-0.101281
pd,0.2000,1.5500,-0.009330,-0.101347
pd,0.2000,1.5600,-0.009337,-0.101412
pd,0.2000,1.5700,-0.009343,-0.101476
pd,0.2000,1.5800,-0.009349,-0.101540
pd,0.2000,1.5900,-0.009356,-0.101602
pd,0.2000,1.6000,-0.009362,-0.101664
pd,0.2000,1.6100,-0.009368,-0.101725
pd,0.2000,1.6200,-0.009374,-0.101785
pd,0.2000,1.6300,-0.009380,-0.101844
pd,0.2000,1.6400,-0.009386,-0.101902
pd,0.2000,1.6500,-0.009391,-0.101959
pd,0.2000,1.6600,-0.009397,-0.102016
pd,0.2000,1.6700,-0.009402,-0.102071
pd,0.2000,1.6800,-0.009408,-0.102126
pd,0.2000,1.6900,-0.009413,-0.102180
pd,0.2000,1.7000,-0.009418,-0.102232
pd,0.2000,1.7100,-0.009423,-0.102284
pd,0.2000,1.7200,-0.009428,-0.102335
pd,0.2000,1.7300,-0.009433,-0.102385
pd,0.2000,1.7400,-0.009438,-0.102433
pd,0.2000,1.7500,-0.009442,-0.102481
pd,0.2000,1.7600,-0.009447,-0.102528
pd,0.2000,1.7700,-0.009451,-0.102574
pd,0.2000,1.7800,-0.009456,-0.102619
pd,0.2000,1.7900,-0.009460,-0.102663
pd,0.2000,1.8000,-0.009464,-0.102706
pd,0.2000,1.8100,-0.009468,-0.102748
pd,0.2000,1.8200,-0.009472,-0.102789
pd,0.2000,1.8300,-0.009476,-0.102829
pd,0.2000,1.8400,-0.009480,-0.102868
pd,0.2000,1.8500,-0.009484,-0.102906
pd,0.2000,1.8600,-0.009487,-0.102943
pd,0.2000,1.8700,-0.009491,-0.102979
pd,0.2000,1.8800,-0.009494,-0.103014
pd,0.2000,1.8900,-0.009497,-0.103048
pd,0.2000,1.9000,-0.009501,-0.103081
pd,0.2000,1.9100,-0.009504,-0.103113
pd,0.2000,1.9200,-0.009507,-0.103144
pd,0.2000,1.9300,-0.009510,-0.103174
pd,0.2000,1.9400,-0.009513,-0.103203
pd,0.2000,1.9500,-0.009515,-0.103231
pd,0.2000,1.9600,-0.009518,-0.103258
pd,0.2000,1.9700,-0.009521,-0.103284
pd,0.2000,1.9800,-0.009523,-0.103309
pd,0.2000,1.9900,-0.009525,-0.103333
pd,0.2000,2.0000,-0.009528,-0.103356
pd,0.2000,2.0100,-0.009530,-0.103379
pd,0.2000,2.0200,-0.009532,-0.103400
pd,0.2000,2.0300,-0.009534,-0.103420
pd,0.2000,2.0400,-0.009536,-0.103439
pd,0.2000,2.0500,-0.009538,-0.103457
pd,0.2000,2.0600,-0.009539,-0.103474
pd,0.2000,2.0700,-0.009541,-0.103490
pd,0.2000,2.0800,-0.009543,-0.103505
pd,0.2000,2.0900,-0.009544,-0.103520
pd,0.2000,2.1000,-0.009545,-0.103533
pd,0.2000,2.1100,-0.009547,-0.103545
pd,0.2000,2.1200,-0.009548,-0.103556
pd,0.2000,2.1300,-0.009549,-0.103567
pd,0.2000,2.1400,-0.009550,-0.103576
pd,0.2000,2.1500,-0.009551,-0.103584
pd,0.2000,2.1600,-0.009552,-0.103592
pd,0.2000,2.1700,-0.009553,-0.103598
pd,0.2000,2.1800,-0.009553,-0.103603
pd,0.2000,2.1900,-0.009554,-0.103608
pd,0.2000,2.2000,-0.009554,-0.103611
pd,0.2000,2.2100,-0.009555,-0.103614
pd,0.2000,2.2200,-0.009555,-0.103615
pd,0.2000,2.2300,-0.009555,-0.103616
pd,0.2000,2.2400,-0.009555,-0.103615
pd,0.2000,2.2500,-0.009555,-0.103614
pd,0.2000,2.2600,-0.009555,-0.103612
pd,0.2000,2.2700,-0.009555,-0.103608
pd,0.2000,2.2800,-0.009555,-0.103604
pd,0.2000,2.2900,-0.009554,-0.103599
pd,0.2000,2.3000,-0.009554,-0.103593
pd,0.2000,2.3100,-0.009553,-0.103586
pd,0.2000,2.3200,-0.009553,-0.103578
pd,0.2000,2.3300,-0.009552,-0.103569
pd,0.2000,2.3400,-0.009551,-0.103559
pd,0.2000,2.3500,-0.009550,-0.103548
pd,0.2000,2.3600,-0.009549,-0.103536
pd,0.2000,2.3700,-0.009548,-0.103523
pd,0.2000,2.3800,-0.009547,-0.103509
pd,0.2000,2.3900,-0.009546,-0.103495
pd,0.2000,2.4000,-0.009545,-0.103479
pd,0.2000,2.4100,-0.009543,-0.103463
pd,0.2000,2.4200,-0.009542,-0.103445
pd,0.2000,2.4300,-0.009540,-0.103427
pd,0.2000,2.4400,-0.009539,-0.103407
pd,0.2000,2.4500,-0.009537,-0.103387
pd,0.2000,2.4600,-0.009535,-0.103366
pd,0.2000,2.4700,-0.009533,-0.103344
pd,0.2000,2.4800,-0.009531,-0.103321
pd,0.2000,2.4900,-0.009529,-0.103297
pd,0.2000,2.5000,-0.009527,-0.103272
pd,0.2000,2.5100,-0.009525,-0.103246
pd,0.2000,2.5200,-0.009522,-0.103220
pd,0.2000,2.5300,-0.009520,-0.103192
pd,0.2000,2.5400,-0.009518,-0.103163
pd,0.2000,2.5500,-0.009515,-0.103134
pd,0.2000,2.5600,-0.009512,-0.103104
pd,0.2000,2.5700,-0.009510,-0.103072
pd,0.2000,2.5800,-0.009507,-0.103040
pd,0.2000,2.5900,-0.009504,-0.103007
pd,0.2000,2.6000,-0.009501,-0.102973
pd,0.2000,2.6100,-0.009498,-0.102938
pd,0.2000,2.6200,-0.009495,-0.102903
pd,0.2000,2.6300,-0.009491,-0.102866
pd,0.2000,2.6400,-0.009488,-0.102828
pd,0.2000,2.6500,-0.009485,-0.102790
pd,0.2000,2.6600,-0.009481,-0.102751
pd,0.2000,2.6700,-0.009477,-0.102710
pd,0.2000,2.6800,-0.009474,-0.102669
pd,0.2000,2.6900,-0.009470,-0.102627
pd,0.2000,2.7000,-0.009466,-0.102584
pd,0.2000,2.7100,-0.009462,-0.102541
pd,0.2000,2.7200,-0.009458,-0.102496
pd,0.2000,2.7300,-0.009454,-0.102451
pd,0.2000,2.7400,-0.009450,-0.102404
pd,0.2000,2.7500,-0.009446,-0.102357
pd,0.2000,2.7600,-0.009442,-0.102309
pd,0.2000,2.7700,-0.009437,-0.102260
pd,0.2000,2.7800,-0.009433,-0.102210
pd,0.2000,2.7900,-0.009428,-0.102159
pd,0.2000,2.8000,-0.009424,-0.102108
pd,0.2000,2.8100,-0.009419,-0.102055
pd,0.2000,2.8200,-0.009414,-0.102002
pd,0.2000,2.8300,-0.009409,-0.101948
pd,0.2000,2.8400,-0.009404,-0.101893
pd,0.2000,2.8500,-0.009399,-0.101837
pd,0.2000,2.8600,-0.009394,-0.101780
pd,0.2000,2.8700,-0.009389,-0.101722
pd,0.2000,2.8800,-0.009384,-0.101664
pd,0.2000,2.8900,-0.009378,-0.101605
pd,0.2000,2.9000,-0.009373,-0.101545
pd,0.2000,2.9100,-0.009367,-0.101484
pd,0.2000,2.9200,-0.009362,-0.101422
pd,0.2000,2.9300,-0.009356,-0.101359
pd,0.2000,2.9400,-0.009350,-0.101296
pd,0.2000,2.9500,-0.009345,-0.101231
pd,0.2000,2.9600,-0.009339,-0.101166
pd,0.2000,2.9700,-0.009333,-0.101100
pd,0.2000,2.9800,-0.009327,-0.101033
pd,0.2000,2.9900,-0.009321,-0.100966
pd,0.2000,3.0000,-0.009314,-0.100897
pd,0.2000,3.0100,-0.009308,-0.100828
pd,0.2000,3.0200,-0.009302,-0.100758
pd,0.2000,3.0300,-0.009295,-0.100687
pd,0.2000,3.0400,-0.009289,-0.100615
pd,0.2000,3.0500,-0.009282,-0.100543
pd,0.2000,3.0600,-0.009276,-0.100469
pd,0.2000,3.0700,-0.009269,-0.100395
pd,0.2000,3.0800,-0.009262,-0.100320
pd,0.2000,3.0900,-0.009255,-0.100245
pd,0.2000,3.1000,-0.009248,-0.100168
pd,0.2000,3.1100,-0.009241,-0.100091
pd,0.2000,3.1200,-0.009234,-0.100012
pd,0.2000,3.1300,-0.009227,-0.099933
pd,0.2000,3.1400,-0.009220,-0.099854
pd,0.2000,3.1500,-0.009212,-0.099773
pd,0.2000,3.1600,-0.009205,-0.099692
pd,0.2000,3.1700,-0.009198,-0.099610
pd,0.2000,3.1800,-0.009190,-0.099527
pd,0.2000,3.1900,-0.009182,-0.099443
pd,0.2000,3.2000,-0.009175,-0.099358
pd,0.2000,3.2100,-0.009167,-0.099273
pd,0.2000,3.2200,-0.009159,-0.099187
pd,0.2000,3.2300,-0.009151,-0.099100
pd,0.2000,3.2400,-0.009143,-0.099013
pd,0.2000,3.2500,-0.009135,-0.098924
pd,0.2000,3.2600,-0.009127,-0.098835
pd,0.2000,3.2700,-0.009119,-0.098745
pd,0.2000,3.2800,-0.009111,-0.098655
pd,0.2000,3.2900,-0.009102,-0.098563
pd,0.2000,3.3000,-0.009094,-0.098471
pd,0.2000,3.3100,-0.009086,-0.098378
pd,0.2000,3.3200,-0.009077,-0.098284
pd,0.2000,3.3300,-0.009068,-0.098190
pd,0.2000,3.3400,-0.009060,-0.098095
pd,0.2000,3.3500,-0.009051,-0.097999
pd,0.2000,3.3600,-0.009042,-0.097902
pd,0.2000,3.3700,-0.009033,-0.097804
pd,0.2000,3.3800,-0.009024,-0.097706
pd,0.2000,3.3900,-0.009015,-0.097607
pd,0.2000,3.4000,-0.009006,-0.097507
pd,0.2000,3.4100,-0.008997,-0.097407
pd,0.2000,3.4200,-0.008988,-0.097306
pd,0.2000,3.4300,-0.008979,-0.097204
pd,0.2000,3.4400,-0.008969,-0.097101
pd,0.2000,3.4500,-0.008960,-0.096998
pd,0.2000,3.4600,-0.008950,-0.096894
pd,0.2000,3.4700,-0.008941,-0.096789
pd,0.2000,3.4800,-0.008931,-0.096684
pd,0.2000,3.4900,-0.008921,-0.096577
pd,0.2000,3.5000,-0.008912,-0.096470
pd,0.2000,3.5100,-0.008902,-0.096363
pd,0.2000,3.5200,-0.008892,-0.096254
pd,0.2000,3.5300,-0.008882,-0.096145
pd,0.2000,3.5400,-0.008872,-0.096035
pd,0.2000,3.5500,-0.008862,-0.095925
pd,0.2000,3.5600,-0.008852,-0.095814
pd,0.2000,3.5700,-0.008842,-0.095702
pd,0.2000,3.5800,-0.008831,-0.095589
pd,0.2000,3.5900,-0.008821,-0.095476
pd,0.2000,3.6000,-0.008811,-0.095362
pd,0.2000,3.6100,-0.008800,-0.095247
pd,0.2000,3.6200,-0.008789,-0.095132
pd,0.2000,3.6300,-0.008779,-0.095015
pd,0.2000,3.6400,-0.008768,-0.094899
pd,0.2000,3.6500,-0.008757,-0.094781
pd,0.2000,3.6600,-0.008747,-0.094663
pd,0.2000,3.6700,-0.008736,-0.094544
pd,0.2000,3.6800,-0.008725,-0.094425
pd,0.2000,3.6900,-0.008714,-0.094305
pd,0.2000,3.7000,-0.008703,-0.094184
pd,0.2000,3.7100,-0.008692,-0.094062
pd,0.2000,3.7200,-0.008681,-0.093940
pd,0.2000,3.7300,-0.008669,-0.093817
pd,0.2000,3.7400,-0.008658,-0.093694
pd,0.2000,3.7500,-0.008647,-0.093569
pd,0.2000,3.7600,-0.008635,-0.093445
pd,0.2000,3.7700,-0.008624,-0.093319
pd,0.2000,3.7800,-0.008612,-0.093193
pd,0.2000,3.7900,-0.008601,-0.093066
pd,0.2000,3.8000,-0.008589,-0.092939
pd,0.2000,3.8100,-0.008577,-0.092811
pd,0.2000,3.8200,-0.008566,-0.092682
pd,0.2000,3.8300,-0.008554,-0.092552
pd,0.2000,3.8400,-0.008542,-0.092422
pd,0.2000,3.8500,-0.008530,-0.092292
pd,0.2000,3.8600,-0.008518,-0.092160
pd,0.2000,3.8700,-0.008506,-0.092029
pd,0.2000,3.8800,-0.008494,-0.091896
pd,0.2000,3.8900,-0.008481,-0.091763
pd,0.2000,3.9000,-0.008469,-0.091629
pd,0.2000,3.9100,-0.008457,-0.091494
pd,0.2000,3.9200,-0.008445,-0.091359
pd,0.2000,3.9300,-0.008432,-0.091224
pd,0.2000,3.9400,-0.008420,-0.091087
pd,0.2000,3.9500,-0.008407,-0.090950
pd,0.2000,3.9600,-0.008394,-0.090813
pd,0.2000,3.9700,-0.008382,-0.090675
pd,0.2000,3.9800,-0.008369,-0.090536
pd,0.2000,3.9900,-0.008356,-0.090397
pd,0.2000,4.0000,-0.008344,-0.090257
pd,0.2000,4.0100,-0.008331,-0.090116
pd,0.2000,4.0200,-0.008318,-0.089975
pd,0.2000,4.0300,-0.008305,-0.089833
pd,0.2000,4.0400,-0.008292,-0.089691
pd,0.2000,4.0500,-0.008279,-0.089548
pd,0.2000,4.0600,-0.008265,-0.089404
pd,0.2000,4.0700,-0.008252,-0.089260
pd,0.2000,4.0800,-0.008239,-0.089115
pd,0.2000,4.0900,-0.008226,-0.088970
pd,0.2000,4.1000,-0.008212,-0.088824
pd,0.2000,4.1100,-0.008199,-0.088678
pd,0.2000,4.1200,-0.008185,-0.088531
pd,0.2000,4.1300,-0.008172,-0.088383
pd,0.2000,4.1400,-0.008158,-0.088235
pd,0.2000,4.1500,-0.008145,-0.088086
pd,0.2000,4.1600,-0.008131,-0.087937
pd,0.2000,4.1700,-0.008117,-0.087787
pd,0.2000,4.1800,-0.008103,-0.087637
pd,0.2000,4.1900,-0.008090,-0.087486
pd,0.2000,4.2000,-0.008076,-0.087334
pd,0.2000,4.2100,-0.008062,-0.087182
pd,0.2000,4.2200,-0.008048,-0.087029
pd,0.2000,4.2300,-0.008034,-0.086876
pd,0.2000,4.2400,-0.008020,-0.086722
pd,0.2000,4.2500,-0.008005,-0.086568
pd,0.2000,4.2600,-0.007991,-0.086413
pd,0.2000,4.2700,-0.007977,-0.086258
pd,0.2000,4.2800,-0.007963,-0.086102
pd,0.2000,4.2900,-0.007948,-0.085945
pd,0.2000,4.3000,-0.007934,-0.085788
pd,0.2000,4.3100,-0.007920,-0.085631
pd,0.2000,4.3200,-0.007905,-0.085473
pd,0.2000,4.3300,-0.007890,-0.085314
pd,0.2000,4.3400,-0.007876,-0.085155
pd,0.2000,4.3500,-0.007861,-0.084995
pd,0.2000,4.3600,-0.007847,-0.084835
pd,0.2000,4.3700,-0.007832,-0.084675
pd,0.2000,4.3800,-0.007817,-0.084513
pd,0.2000,4.3900,-0.007802,-0.084352
pd,0.2000,4.4000,-0.007787,-0.084189
pd,0.2000,4.4100,-0.007772,-0.084027
pd,0.2000,4.4200,-0.007757,-0.083864
pd,0.2000,4.4300,-0.007742,-0.083700
pd,0.2000,4.4400,-0.007727,-0.083536
pd,0.2000,4.4500,-0.007712,-0.083371
pd,0.2000,4.4600,-0.007697,-0.083206
pd,0.2000,4.4700,-0.007682,-0.083040
pd,0.2000,4.4800,-0.007667,-0.082874
pd,0.2000,4.4900,-0.007651,-0.082707
pd,0.2000,4.5000,-0.007636,-0.082540
pd,0.2000,4.5100,-0.007620,-0.082372
pd,0.2000,4.5200,-0.007605,-0.082204
pd,0.2000,4.5300,-0.007590,-0.082036
pd,0.2000,4.5400,-0.007574,-0.081866
pd,0.2000,4.5500,-0.007558,-0.081697
pd,0.2000,4.5600,-0.007543,-0.081527
pd,0.2000,4.5700,-0.007527,-0.081356
pd,0.2000,4.5800,-0.007512,-0.081185
pd,0.2000,4.5900,-0.007496,-0.081014
pd,0.2000,4.6000,-0.007480,-0.080842
pd,0.2000,4.6100,-0.007464,-0.080670
pd,0.2000,4.6200,-0.007448,-0.080497
pd,0.2000,4.6300,-0.007432,-0.080324
pd,0.2000,4.6400,-0.007416,-0.080150
pd,0.2000,4.6500,-0.007400,-0.079976
pd,0.2000,4.6600,-0.007384,-0.079801
pd,0.2000,4.6700,-0.007368,-0.079626
pd,0.2000,4.6800,-0.007352,-0.079450
pd,0.2000,4.6900,-0.007336,-0.079274
pd,0.2000,4.7000,-0.007320,-0.079098
pd,0.2000,4.7100,-0.007304,-0.078921
pd,0.2000,4.7200,-0.007287,-0.078744
pd,0.2000,4.7300,-0.007271,-0.078566
pd,0.2000,4.7400,-0.007255,-0.078388
pd,0.2000,4.7500,-0.007238,-0.078210
pd,0.2000,4.7600,-0.007222,-0.078031
pd,0.2000,4.7700,-0.007205,-0.077851
pd,0.2000,4.7800,-0.007189,-0.077671
pd,0.2000,4.7900,-0.007172,-0.077491
pd,0.2000,4.8000,-0.007156,-0.077311
pd,0.2000,4.8100,-0.007139,-0.077130
pd,0.2000,4.8200,-0.007122,-0.076948
pd,0.2000,4.8300,-0.007106,-0.076766
pd,0.2000,4.8400,-0.007089,-0.076584
pd,0.2000,4.8500,-0.007072,-0.076401
pd,0.2000,4.8600,-0.007055,-0.076218
pd,0.2000,4.8700,-0.007038,-0.076035
pd,0.2000,4.8800,-0.007021,-0.075851
pd,0.2000,4.8900,-0.007005,-0.075666
pd,0.2000,4.9000,-0.006988,-0.075482
pd,0.2000,4.9100,-0.006971,-0.075297
pd,0.2000,4.9200,-0.006954,-0.075111
pd,0.2000,4.9300,-0.006936,-0.074926
pd,0.2000,4.9400,-0.006919,-0.074739
pd,0.2000,4.9500,-0.006902,-0.074553
pd,0.2000,4.9600,-0.006885,-0.074366
pd,0.2000,4.9700,-0.006868,-0.074178
pd,0.2000,4.9800,-0.006850,-0.073991
pd,0.2000,4.9900,-0.006833,-0.073803
pd,0.2000,5.0000,-0.006816,-0.073614
pd,0.2000,5.0100,-0.006799,-0.073425
pd,0.2000,5.0200,-0.006781,-0.073236
pd,0.2000,5.0300,-0.006764,-0.073047
pd,0.2000,5.0400,-0.006746,-0.072857
pd,0.2000,5.0500,-0.006729,-0.072667
pd,0.2000,5.0600,-0.006711,-0.072476
pd,0.2000,5.0700,-0.006694,-0.072285
pd,0.2000,5.0800,-0.006676,-0.072094
pd,0.2000,5.0900,-0.006658,-0.071902
pd,0.2000,5.1000,-0.006641,-0.071710
pd,0.2000,5.1100,-0.006623,-0.071518
pd,0.2000,5.1200,-0.006605,-0.071325
pd,0.2000,5.1300,-0.006588,-0.071132
pd,0.2000,5.1400,-0.006570,-0.070939
pd,0.2000,5.1500,-0.006552,-0.070745
pd,0.2000,5.1600,-0.006534,-0.070551
pd,0.2000,5.1700,-0.006516,-0.070357
pd,0.2000,5.1800,-0.006498,-0.070162
pd,0.2000,5.1900,-0.006481,-0.069967
pd,0.2000,5.2000,-0.006463,-0.069772
pd,0.2000,5.2100,-0.006445,-0.069576
pd,0.2000,5.2200,-0.006427,-0.069381
pd,0.2000,5.2300,-0.006409,-0.069184
pd,0.2000,5.2400,-0.006390,-0.068988
pd,0.2000,5.2500,-0.006372,-0.068791
pd,0.2000,5.2600,-0.006354,-0.068594
pd,0.2000,5.2700,-0.006336,-0.068396
pd,0.2000,5.2800,-0.006318,-0.068199
pd,0.2000,5.2900,-0.006300,-0.068001
pd,0.2000,5.3000,-0.006281,-0.067802
pd,0.2000,5.3100,-0.006263,-0.067604
pd,0.2000,5.3200,-0.006245,-0.067405
pd,0.2000,5.3300,-0.006226,-0.067205
pd,0.2000,5.3400,-0.006208,-0.067006
pd,0.2000,5.3500,-0.006190,-0.066806
pd,0.2000,5.3600,-0.006171,-0.066606
pd,0.2000,5.3700,-0.006153,-0.066406
pd,0.2000,5.3800,-0.006134,-0.066205
pd,0.2000,5.3900,-0.006116,-0.066004
pd,0.2000,5.4000,-0.006097,-0.065803
pd,0.2000,5.4100,-0.006079,-0.065601
pd,0.2000,5.4200,-0.006060,-0.065400
pd,0.2000,5.4300,-0.006042,-0.065198
pd,0.2000,5.4400,-0.006023,-0.064996
pd,0.2000,5.4500,-0.006004,-0.064793
pd,0.2000,5.4600,-0.005986,-0.064590
pd,0.2000,5.4700,-0.005967,-0.064387
pd,0.2000,5.4800,-0.005948,-0.064184
pd,0.2000,5.4900,-0.005930,-0.063980
pd,0.2000,5.5000,-0.005911,-0.063777
pd,0.2000,5.5100,-0.005892,-0.063573
pd,0.2000,5.5200,-0.005873,-0.063368
pd,0.2000,5.5300,-0.005855,-0.063164
pd,0.2000,5.5400,-0.005836,-0.062959
pd,0.2000,5.5500,-0.005817,-0.062754
pd,0.2000,5.5600,-0.005798,-0.062549
pd,0.2000,5.5700,-0.005779,-0.062343
pd,0.2000,5.5800,-0.005760,-0.062138
pd,0.2000,5.5900,-0.005741,-0.061932
pd,0.2000,5.6000,-0.005722,-0.061726
pd,0.2000,5.6100,-0.005703,-0.061519
pd,0.2000,5.6200,-0.005684,-0.061313
pd,0.2000,5.6300,-0.005665,-0.061106
pd,0.2000,5.6400,-0.005646,-0.060899
pd,0.2000,5.6500,-0.005627,-0.060692
pd,0.2000,5.6600,-0.005608,-0.060484
pd,0.2000,5.6700,-0.005589,-0.060276
pd,0.2000,5.6800,-0.005570,-0.060069
pd,0.2000,5.6900,-0.005550,-0.059860
pd,0.2000,5.7000,-0.005531,-0.059652
pd,0.2000,5.7100,-0.005512,-0.059444
pd,0.2000,5.7200,-0.005493,-0.059235
pd,0.2000,5.7300,-0.005474,-0.059026
pd,0.2000,5.7400,-0.005454,-0.058817
pd,0.2000,5.7500,-0.005435,-0.058608
pd,0.2000,5.7600,-0.005416,-0.058398
pd,0.2000,5.7700,-0.005396,-0.058189
pd,0.2000,5.7800,-0.005377,-0.057979
pd,0.2000,5.7900,-0.005358,-0.057769
pd,0.2000,5.8000,-0.005338,-0.057559
pd,0.2000,5.8100,-0.005319,-0.057348
pd,0.2000,5.8200,-0.005300,-0.057138
pd,0.2000,5.8300,-0.005280,-0.056927
pd,0.2000,5.8400,-0.005261,-0.056716
pd,0.2000,5.8500,-0.005241,-0.056505
pd,0.2000,5.8600,-0.005222,-0.056294
pd,0.2000,5.8700,-0.005202,-0.056082
pd,0.2000,5.8800,-0.005183,-0.055871
pd,0.2000,5.8900,-0.005163,-0.055659
pd,0.2000,5.9000,-0.005144,-0.055447
pd,0.2000,5.9100,-0.005124,-0.055235
pd,0.2000,5.9200,-0.005105,-0.055023
pd,0.2000,5.9300,-0.005085,-0.054811
pd,0.2000,5.9400,-0.005066,-0.054598
pd,0.2000,5.9500,-0.005046,-0.054386
pd,0.2000,5.9600,-0.005027,-0.054173
pd,0.2000,5.9700,-0.005007,-0.053960
pd,0.2000,5.9800,-0.004987,-0.053747
pd,0.2000,5.9900,-0.004968,-0.053534
pd,0.2000,6.0000,-0.004948,-0.053320
pd,0.2000,6.0100,-0.004928,-0.053107
pd,0.2000,6.0200,-0.004909,-0.052893
pd,0.2000,6.0300,-0.004889,-0.052679
pd,0.2000,6.0400,-0.004869,-0.052466
pd,0.2000,6.0500,-0.004850,-0.052252
pd,0.2000,6.0600,-0.004830,-0.052037
pd,0.2000,6.0700,-0.004810,-0.051823
pd,0.2000,6.0800,-0.004790,-0.051609
pd,0.2000,6.0900,-0.004771,-0.051394
pd,0.2000,6.1000,-0.004751,-0.051180
pd,0.2000,6.1100,-0.004731,-0.050965
pd,0.2000,6.1200,-0.004711,-0.050750
pd,0.2000,6.1300,-0.004691,-0.050535
pd,0.2000,6.1400,-0.004672,-0.050320
pd,0.2000,6.1500,-0.004652,-0.050105
pd,0.2000,6.1600,-0.004632,-0.049890
pd,0.2000,6.1700,-0.004612,-0.049675
pd,0.2000,6.1800,-0.004592,-0.049459
pd,0.2000,6.1900,-0.004572,-0.049244
pd,0.2000,6.2000,-0.004553,-0.049028
pd,0.2000,6.2100,-0.004533,-0.048813
pd,0.2000,6.2200,-0.004513,-0.048597
pd,0.2000,6.2300,-0.004493,-0.048381
pd,0.2000,6.2400,-0.004473,-0.048165
pd,0.2000,6.2500,-0.004453,-0.047949
pd,0.2000,6.2600,-0.004433,-0.047733
pd,0.2000,6.2700,-0.004413,-0.047517
pd,0.2000,6.2800,-0.004393,-0.047300
pd,0.2000,6.2900,-0.004373,-0.047084
pd,0.2000,6.3000,-0.004353,-0.046868
pd,0.2000,6.3100,-0.004334,-0.046651
pd,0.2000,6.3200,-0.004314,-0.046435
pd,0.2000,6.3300,-0.004294,-0.046218
pd,0.2000,6.3400,-0.004274,-0.046001
pd,0.2000,6.3500,-0.004254,-0.045785
pd,0.2000,6.3600,-0.004234,-0.045568
pd,0.2000,6.3700,-0.004214,-0.045351
pd,0.2000,6.3800,-0.004194,-0.045134
pd,0.2000,6.3900,-0.004174,-0.044917
pd,0.2000,6.4000,-0.004154,-0.044700
pd,0.2000,6.4100,-0.004134,-0.044483
pd,0.2000,6.4200,-0.004114,-0.044266
pd,0.2000,6.4300,-0.004094,-0.044049
pd,0.2000,6.4400,-0.004074,-0.043832
pd,0.2000,6.4500,-0.004054,-0.043615
pd,0.2000,6.4600,-0.004034,-0.043397
pd,0.2000,6.4700,-0.004014,-0.043180
pd,0.2000,6.4800,-0.003993,-0.042963
pd,0.2000,6.4900,-0.003973,-0.042745
pd,0.2000,6.5000,-0.003953,-0.042528
pd,0.2000,6.5100,-0.003933,-0.042311
pd,0.2000,6.5200,-0.003913,-0.042093
pd,0.2000,6.5300,-0.003893,-0.041876
pd,0.2000,6.5400,-0.003873,-0.041658
pd,0.2000,6.5500,-0.003853,-0.041441
pd,0.2000,6.5600,-0.003833,-0.041223
pd,0.2000,6.5700,-0.003813,-0.041006
pd,0.2000,6.5800,-0.003793,-0.040788
pd,0.2000,6.5900,-0.003773,-0.040571
pd,0.2000,6.6000,-0.003753,-0.040353
pd,0.2000,6.6100,-0.003733,-0.040136
pd,0.2000,6.6200,-0.003713,-0.039918
pd,0.2000,6.6300,-0.003693,-0.039701
pd,0.2000,6.6400,-0.003673,-0.039483
pd,0.2000,6.6500,-0.003653,-0.039265
pd,0.2000,6.6600,-0.003632,-0.039048
pd,0.2000,6.6700,-0.003612,-0.038830
pd,0.2000,6.6800,-0.003592,-0.038613
pd,0.2000,6.6900,-0.003572,-0.038395
pd,0.2000,6.7000,-0.003552,-0.038178
pd,0.2000,6.7100,-0.003532,-0.037960
pd,0.2000,6.7200,-0.003512,-0.037743
pd,0.2000,6.7300,-0.003492,-0.037525
pd,0.2000,6.7400,-0.003472,-0.037308
pd,0.2000,6.7500,-0.003452,-0.037090
pd,0.2000,6.7600,-0.003432,-0.036873
pd,0.2000,6.7700,-0.003412,-0.036656
pd,0.2000,6.7800,-0.003392,-0.036438
pd,0.2000,6.7900,-0.003372,-0.036221
pd,0.2000,6.8000,-0.003352,-0.036004
pd,0.2000,6.8100,-0.003332,-0.035786
pd,0.2000,6.8200,-0.003312,-0.035569
pd,0.2000,6.8300,-0.003292,-0.035352
pd,0.2000,6.8400,-0.003272,-0.035135
pd,0.2000,6.8500,-0.003252,-0.034918
pd,0.2000,6.8600,-0.003232,-0.034701
pd,0.2000,6.8700,-0.003212,-0.034484
pd,0.2000,6.8800,-0.003191,-0.034267
pd,0.2000,6.8900,-0.003171,-0.034050
pd,0.2000,6.9000,-0.003151,-0.033833
pd,0.2000,6.9100,-0.003131,-0.033616
pd,0.2000,6.9200,-0.003111,-0.033399
pd,0.2000,6.9300,-0.003091,-0.033183
pd,0.2000,6.9400,-0.003072,-0.032966
pd,0.2000,6.9500,-0.003052,-0.032750
pd,0.2000,6.9600,-0.003032,-0.032533
pd,0.2000,6.9700,-0.003012,-0.032317
pd,0.2000,6.9800,-0.002992,-0.032100
pd,0.2000,6.9900,-0.002972,-0.031884
pd,0.2000,7.0000,-0.002952,-0.031668
pd,0.2000,7.0100,-0.002932,-0.031451
pd,0.2000,7.0200,-0.002912,-0.031235
pd,0.2000,7.0300,-0.002892,-0.031019
pd,0.2000,7.0400,-0.002872,-0.030803
pd,0.2000,7.0500,-0.002852,-0.030588
pd,0.2000,7.0600,-0.002832,-0.030372
pd,0.2000,7.0700,-0.002812,-0.030156
pd,0.2000,7.0800,-0.002792,-0.029940
pd,0.2000,7.0900,-0.002772,-0.029725
pd,0.2000,7.1000,-0.002753,-0.029509
pd,0.2000,7.1100,-0.002733,-0.029294
pd,0.2000,7.1200,-0.002713,-0.029079
pd,0.2000,7.1300,-0.002693,-0.028864
pd,0.2000,7.1400,-0.002673,-0.028649
pd,0.2000,7.1500,-0.002653,-0.028434
pd,0.2000,7.1600,-0.002633,-0.028219
pd,0.2000,7.1700,-0.002614,-0.028004
pd,0.2000,7.1800,-0.002594,-0.027789
pd,0.2000,7.1900,-0.002574,-0.027575
pd,0.2000,7.2000,-0.002554,-0.027360
pd,0.2000,7.2100,-0.002534,-0.027146
pd,0.2000,7.2200,-0.002515,-0.026932
pd,0.2000,7.2300,-0.002495,-0.026718
pd,0.2000,7.2400,-0.002475,-0.026504
pd,0.2000,7.2500,-0.002455,-0.026290
pd,0.2000,7.2600,-0.002436,-0.026076
pd,0.2000,7.2700,-0.002416,-0.025863
pd,0.2000,7.2800,-0.002396,-0.025649
pd,0.2000,7.2900,-0.002377,-0.025436
pd,0.2000,7.3000,-0.002357,-0.025222
pd,0.2000,7.3100,-0.002337,-0.025009
pd,0.2000,7.3200,-0.002318,-0.024796
pd,0.2000,7.3300,-0.002298,-0.024583
pd,0.2000,7.3400,-0.002278,-0.024371
pd,0.2000,7.3500,-0.002259,-0.024158
pd,0.2000,7.3600,-0.002239,-0.023946
pd,0.2000,7.3700,-0.002219,-0.023733
pd,0.2000,7.3800,-0.002200,-0.023521
pd,0.2000,7.3900,-0.002180,-0.023309
pd,0.2000,7.4000,-0.002161,-0.023097
pd,0.2000,7.4100,-0.002141,-0.022885
pd,0.2000,7.4200,-0.002122,-0.022674
pd,0.2000,7.4300,-0.002102,-0.022462
pd,0.2000,7.4400,-0.002083,-0.022251
pd,0.2000,7.4500,-0.002063,-0.022040
pd,0.2000,7.4600,-0.002044,-0.021829
pd,0.2000,7.4700,-0.002024,-0.021618
pd,0.2000,7.4800,-0.002005,-0.021407
pd,0.2000,7.4900,-0.001985,-0.021196
pd,0.2000,7.5000,-0.001966,-0.020986
pd,0.2000,7.5100,-0.001946,-0.020776
pd,0.2000,7.5200,-0.001927,-0.020566
pd,0.2000,7.5300,-0.001908,-0.020356
pd,0.2000,7.5400,-0.001888,-0.020146
pd,0.2000,7.5500,-0.001869,-0.019937
pd,0.2000,7.5600,-0.001850,-0.019727
pd,0.2000,7.5700,-0.001830,-0.019518
pd,0.2000,7.5800,-0.001811,-0.019309
pd,0.2000,7.5900,-0.001792,-0.019100
pd,0.2000,7.6000,-0.001772,-0.018891
pd,0.2000,7.6100,-0.001753,-0.018683
pd,0.2000,7.6200,-0.001734,-0.018474
pd,0.2000,7.6300,-0.001715,-0.018266
pd,0.2000,7.6400,-0.001695,-0.018058
pd,0.2000,7.6500,-0.001676,-0.017851
pd,0.2000,7.6600,-0.001657,-0.017643
pd,0.2000,7.6700,-0.001638,-0.017436
pd,0.2000,7.6800,-0.001619,-0.017228
pd,0.2000,7.6900,-0.001600,-0.017021
pd,0.2000,7.7000,-0.001581,-0.016814
pd,0.2000,7.7100,-0.001562,-0.016608
pd,0.2000,7.7200,-0.001542,-0.016401
pd,0.2000,7.7300,-0.001523,-0.016195
pd,0.2000,7.7400,-0.001504,-0.015989
pd,0.2000,7.7500,-0.001485,-0.015783
pd,0.2000,7.7600,-0.001466,-0.015578
pd,0.2000,7.7700,-0.001447,-0.015372
pd,0.2000,7.7800,-0.001428,-0.015167
pd,0.2000,7.7900,-0.001409,-0.014962
pd,0.2000,7.8000,-0.001391,-0.014757
pd,0.2000,7.8100,-0.001372,-0.014552
pd,0.2000,7.8200,-0.001353,-0.014348
pd,0.2000,7.8300,-0.001334,-0.014144
pd,0.2000,7.8400,-0.001315,-0.013940
pd,0.2000,7.8500,-0.001296,-0.013736
pd,0.2000,7.8600,-0.001277,-0.013532
pd,0.2000,7.8700,-0.001259,-0.013329
pd,0.2000,7.8800,-0.001240,-0.013126
pd,0.2000,7.8900,-0.001221,-0.012923
pd,0.2000,7.9000,-0.001202,-0.012721
pd,0.2000,7.9100,-0.001184,-0.012518
pd,0.2000,7.9200,-0.001165,-0.012316
pd,0.2000,7.9300,-0.001146,-0.012114
pd,0.2000,7.9400,-0.001128,-0.011912
pd,0.2000,7.9500,-0.001109,-0.011711
pd,0.2000,7.9600,-0.001091,-0.011509
pd,0.2000,7.9700,-0.001072,-0.011308
pd,0.2000,7.9800,-0.001053,-0.011107
pd,0.2000,7.9900,-0.001035,-0.010907
pd,0.2000,8.0000,-0.001016,-0.010707
pd,0.2000,8.0100,-0.000998,-0.010506
pd,0.2000,8.0200,-0.000979,-0.010307
pd,0.2000,8.0300,-0.000961,-0.010107
pd,0.2000,8.0400,-0.000943,-0.009908
pd,0.2000,8.0500,-0.000924,-0.009709
pd,0.2000,8.0600,-0.000906,-0.009510
pd,0.2000,8.0700,-0.000887,-0.009311
pd,0.2000,8.0800,-0.000869,-0.009113
pd,0.2000,8.0900,-0.000851,-0.008915
pd,0.2000,8.1000,-0.000833,-0.008717
pd,0.2000,8.1100,-0.000814,-0.008519
pd,0.2000,8.1200,-0.000796,-0.008322
pd,0.2000,8.1300,-0.000778,-0.008125
pd,0.2000,8.1400,-0.000760,-0.007928
pd,0.2000,8.1500,-0.000741,-0.007731
pd,0.2000,8.1600,-0.000723,-0.007535
pd,0.2000,8.1700,-0.000705,-0.007339
pd,0.2000,8.1800,-0.000687,-0.007143
pd,0.2000,8.1900,-0.000669,-0.006947
pd,0.2000,8.2000,-0.000651,-0.006752
pd,0.2000,8.2100,-0.000633,-0.006557
pd,0.2000,8.2200,-0.000615,-0.006363
pd,0.2000,8.2300,-0.000597,-0.006168
pd,0.2000,8.2400,-0.000579,-0.005974
pd,0.2000,8.2500,-0.000561,-0.005780
pd,0.2000,8.2600,-0.000543,-0.005586
pd,0.2000,8.2700,-0.000525,-0.005393
pd,0.2000,8.2800,-0.000508,-0.005200
pd,0.2000,8.2900,-0.000490,-0.005007
pd,0.2000,8.3000,-0.000472,-0.004815
pd,0.2000,8.3100,-0.000454,-0.004622
pd,0.2000,8.3200,-0.000436,-0.004430
pd,0.2000,8.3300,-0.000419,-0.004239
pd,0.2000,8.3400,-0.000401,-0.004047
pd,0.2000,8.3500,-0.000383,-0.003856
pd,0.2000,8.3600,-0.000366,-0.003665
pd,0.2000,8.3700,-0.000348,-0.003475
pd,0.2000,8.3800,-0.000330,-0.003285
pd,0.2000,8.3900,-0.000313,-0.003095
pd,0.2000,8.4000,-0.000295,-0.002905
pd,0.2000,8.4100,-0.000278,-0.002716
pd,0.2000,8.4200,-0.000260,-0.002527
pd,0.2000,8.4300,-0.000243,-0.002338
pd,0.2000,8.4400,-0.000226,-0.002150
pd,0.2000,8.4500,-0.000208,-0.001961
pd,0.2000,8.4600,-0.000191,-0.001774
pd,0.2000,8.4700,-0.000173,-0.001586
pd,0.2000,8.4800,-0.000156,-0.001399
pd,0.2000,8.4900,-0.000139,-0.001212
pd,0.2000,8.5000,-0.000122,-0.001025
pd,0.2000,8.5100,-0.000104,-0.000839
pd,0.2000,8.5200,-0.000087,-0.000653
pd,0.2000,8.5300,-0.000070,-0.000467
pd,0.2000,8.5400,-0.000053,-0.000282
pd,0.2000,8.5500,-0.000036,-0.000097
pd,0.2000,8.5600,-0.000019,0.000088
pd,0.2000,8.5700,-0.000002,0.000273
pd,0.2000,8.5800,0.000015,0.000457
pd,0.2000,8.5900,0.000032,0.000641
pd,0.2000,8.6000,0.000049,0.000824
pd,0.2000,8.6100,0.000066,0.001007
pd,0.2000,8.6200,0.000083,0.001190
pd,0.2000,8.6300,0.000100,0.001373
pd,0.2000,8.6400,0.000117,0.001555
pd,0.2000,8.6500,0.000134,0.001737
pd,0.2000,8.6600,0.000151,0.001919
pd,0.2000,8.6700,0.000167,0.002100
pd,0.2000,8.6800,0.000184,0.002281
pd,0.2000,8.6900,0.000201,0.002461
pd,0.2000,8.7000,0.000217,0.002642
pd,0.2000,8.7100,0.000234,0.002822
pd,0.2000,8.7200,0.000251,0.003001
pd,0.2000,8.7300,0.000267,0.003180
pd,0.2000,8.7400,0.000284,0.003359
pd,0.2000,8.7500,0.000300,0.003538
pd,0.2000,8.7600,0.000317,0.003716
pd,0.2000,8.7700,0.000333,0.003894
pd,0.2000,8.7800,0.000350,0.004072
pd,0.2000,8.7900,0.000366,0.004249
pd,0.2000,8.8000,0.000383,0.004426
pd,0.2000,8.8100,0.000399,0.004603
pd,0.2000,8.8200,0.000415,0.004779
pd,0.2000,8.8300,0.000431,0.004955
pd,0.2000,8.8400,0.000448,0.005130
pd,0.2000,8.8500,0.000464,0.005306
pd,0.2000,8.8600,0.000480,0.005480
pd,0.2000,8.8700,0.000496,0.005655
pd,0.2000,8.8800,0.000512,0.005829
pd,0.2000,8.8900,0.000528,0.006003
pd,0.2000,8.9000,0.000544,0.006176
pd,0.2000,8.9100,0.000560,0.006349
pd,0.2000,8.9200,0.000576,0.006522
pd,0.2000,8.9300,0.000592,0.006695
pd,0.2000,8.9400,0.000608,0.006867
pd,0.2000,8.9500,0.000624,0.007038
pd,0.2000,8.9600,0.000640,0.007210
pd,0.2000,8.9700,0.000656,0.007381
pd,0.2000,8.9800,0.000672,0.007551
pd,0.2000,8.9900,0.000687,0.007722
pd,0.2000,9.0000,0.000703,0.007891
pd,0.2000,9.0100,0.000719,0.008061
pd,0.2000,9.0200,0.000734,0.008230
pd,0.2000,9.0300,0.000750,0.008399
pd,0.2000,9.0400,0.000766,0.008567
pd,0.2000,9.0500,0.000781,0.008736
pd,0.2000,9.0600,0.000797,0.008903
pd,0.2000,9.0700,0.000812,0.009071
pd,0.2000,9.0800,0.000828,0.009238
pd,0.2000,9.0900,0.000843,0.009404
pd,0.2000,9.1000,0.000858,0.009570
pd,0.2000,9.1100,0.000874,0.009736
pd,0.2000,9.1200,0.000889,0.009902
pd,0.2000,9.1300,0.000904,0.010067
pd,0.2000,9.1400,0.000920,0.010232
pd,0.2000,9.1500,0.000935,0.010396
pd,0.2000,9.1600,0.000950,0.010560
pd,0.2000,9.1700,0.000965,0.010724
pd,0.2000,9.1800,0.000980,0.010887
pd,0.2000,9.1900,0.000995,0.011050
pd,0.2000,9.2000,0.001010,0.011212
pd,0.2000,9.2100,0.001025,0.011375
pd,0.2000,9.2200,0.001040,0.011536
pd,0.2000,9.2300,0.001055,0.011698
pd,0.2000,9.2400,0.001070,0.011859
pd,0.2000,9.2500,0.001085,0.012019
pd,0.2000,9.2600,0.001100,0.012179
pd,0.2000,9.2700,0.001115,0.012339
pd,0.2000,9.2800,0.001130,0.012499
pd,0.2000,9.2900,0.001144,0.012658
pd,0.2000,9.3000,0.001159,0.012816
pd,0.2000,9.3100,0.001174,0.012975
pd,0.2000,9.3200,0.001188,0.013133
pd,0.2000,9.3300,0.001203,0.013290
pd,0.2000,9.3400,0.001217,0.013447
pd,0.2000,9.3500,0.001232,0.013604
pd,0.2000,9.3600,0.001246,0.013760
pd,0.2000,9.3700,0.001261,0.013916
pd,0.2000,9.3800,0.001275,0.014072
pd,0.2000,9.3900,0.001290,0.014227
pd,0.2000,9.4000,0.001304,0.014382
pd,0.2000,9.4100,0.001318,0.014536
pd,0.2000,9.4200,0.001332,0.014690
pd,0.2000,9.4300,0.001347,0.014843
pd,0.2000,9.4400,0.001361,0.014997
pd,0.2000,9.4500,0.001375,0.015149
pd,0.2000,9.4600,0.001389,0.015302
pd,0.2000,9.4700,0.001403,0.015454
pd,0.2000,9.4800,0.001417,0.015605
pd,0.2000,9.4900,0.001431,0.015756
pd,0.2000,9.5000,0.001445,0.015907
pd,0.2000,9.5100,0.001459,0.016057
pd,0.2000,9.5200,0.001473,0.016207
pd,0.2000,9.5300,0.001487,0.016357
pd,0.2000,9.5400,0.001501,0.016506
pd,0.2000,9.5500,0.001514,0.016655
pd,0.2000,9.5600,0.001528,0.016803
pd,0.2000,9.5700,0.001542,0.016951
pd,0.2000,9.5800,0.001555,0.017099
pd,0.2000,9.5900,0.001569,0.017246
pd,0.2000,9.6000,0.001583,0.017392
pd,0.2000,9.6100,0.001596,0.017539
pd,0.2000,9.6200,0.001610,0.017684
pd,0.2000,9.6300,0.001623,0.017830
pd,0.2000,9.6400,0.001637,0.017975
pd,0.2000,9.6500,0.001650,0.018120
pd,0.2000,9.6600,0.001663,0.018264
pd,0.2000,9.6700,0.001677,0.018408
pd,0.2000,9.6800,0.001690,0.018551
pd,0.2000,9.6900,0.001703,0.018694
pd,0.2000,9.7000,0.001716,0.018836
pd,0.2000,9.7100,0.001730,0.018979
pd,0.2000,9.7200,0.001743,0.019120
pd,0.2000,9.7300,0.001756,0.019262
pd,0.2000,9.7400,0.001769,0.019402
pd,0.2000,9.7500,0.001782,0.019543
pd,0.2000,9.7600,0.001795,0.019683
pd,0.2000,9.7700,0.001808,0.019823
pd,0.2000,9.7800,0.001821,0.019962
pd,0.2000,9.7900,0.001834,0.020101
pd,0.2000,9.8000,0.001846,0.020239
pd,0.2000,9.8100,0.001859,0.020377
pd,0.2000,9.8200,0.001872,0.020514
pd,0.2000,9.8300,0.001885,0.020651
pd,0.2000,9.8400,0.001897,0.020788
pd,0.2000,9.8500,0.001910,0.020924
pd,0.2000,9.8600,0.001922,0.021060
pd,0.2000,9.8700,0.001935,0.021196
pd,0.2000,9.8800,0.001948,0.021331
pd,0.2000,9.8900,0.001960,0.021465
pd,0.2000,9.9000,0.001972,0.021599
pd,0.2000,9.9100,0.001985,0.021733
pd,0.2000,9.9200,0.001997,0.021866
pd,0.2000,9.9300,0.002009,0.021999
pd,0.2000,9.9400,0.002022,0.022131
pd,0.2000,9.9500,0.002034,0.022263
pd,0.2000,9.9600,0.002046,0.022395
pd,0.2000,9.9700,0.002058,0.022526
pd,0.2000,9.9800,0.002070,0.022657
pd,0.2000,9.9900,0.002083,0.022787
pd,0.2000,10.0000,0.002095,0.000000
onnx,0.2000,0.0000,0.200000,20.000000
onnx,0.2000,0.0100,0.198726,17.898788
onnx,0.2000,0.0200,0.195051,13.322197
onnx,0.2000,0.0300,0.189446,9.729475
onnx,0.2000,0.0400,0.182484,6.919367
onnx,0.2000,0.0500,0.174611,4.731817
onnx,0.2000,0.0600,0.166174,3.039034
onnx,0.2000,0.0700,0.157437,1.738774
onnx,0.2000,0.0800,0.148601,0.749150
onnx,0.2000,0.0900,0.139817,0.004624
onnx,0.2000,0.1000,0.131198,-0.547221
onnx,0.2000,0.1100,0.122824,-0.948215
onnx,0.2000,0.1200,0.114751,-1.231686
onnx,0.2000,0.1300,0.107016,-1.424104
onnx,0.2000,0.1400,0.099642,-1.546442
onnx,0.2000,0.1500,0.092640,-1.615276
onnx,0.2000,0.1600,0.086015,-1.643649
onnx,0.2000,0.1700,0.079762,-1.641802
onnx,0.2000,0.1800,0.073874,-1.617740
onnx,0.2000,0.1900,0.068340,-1.577691
onnx,0.2000,0.2000,0.063147,-1.526484
onnx,0.2000,0.2100,0.058280,-1.467835
onnx,0.2000,0.2200,0.053724,-1.404591
onnx,0.2000,0.2300,0.049462,-1.338910
onnx,0.2000,0.2400,0.045478,-1.272412
onnx,0.2000,0.2500,0.041757,-1.206305
onnx,0.2000,0.2600,0.038283,-1.141462
onnx,0.2000,0.2700,0.035041,-1.078509
onnx,0.2000,0.2800,0.032016,-1.017877
onnx,0.2000,0.2900,0.029195,-0.959844
onnx,0.2000,0.3000,0.026565,-0.904580
onnx,0.2000,0.3100,0.024114,-0.852166
onnx,0.2000,0.3200,0.021829,-0.802617
onnx,0.2000,0.3300,0.019699,-0.755904
onnx,0.2000,0.3400,0.017714,-0.711964
onnx,0.2000,0.3500,0.015865,-0.670708
onnx,0.2000,0.3600,0.014142,-0.632031
onnx,0.2000,0.3700,0.012537,-0.595818
onnx,0.2000,0.3800,0.011041,-0.561950
onnx,0.2000,0.3900,0.009647,-0.530303
onnx,0.2000,0.4000,0.008349,-0.500752
onnx,0.2000,0.4100,0.007139,-0.473179
onnx,0.2000,0.4200,0.006012,-0.447464
onnx,0.2000,0.4300,0.004961,-0.423493
onnx,0.2000,0.4400,0.003982,-0.401157
onnx,0.2000,0.4500,0.003070,-0.380350
onnx,0.2000,0.4600,0.002220,-0.360976
onnx,0.2000,0.4700,0.001427,-0.342938
onnx,0.2000,0.4800,0.000689,-0.326150
onnx,0.2000,0.4900,-0.000000,-0.310528
onnx,0.2000,0.5000,-0.000642,-0.295993
onnx,0.2000,0.5100,-0.001241,-0.282472
onnx,0.2000,0.5200,-0.001799,-0.269896
onnx,0.2000,0.5300,-0.002320,-0.258201
onnx,0.2000,0.5400,-0.002806,-0.247326
onnx,0.2000,0.5500,-0.003259,-0.237216
onnx,0.2000,0.5600,-0.003682,-0.227817
onnx,0.2000,0.5700,-0.004077,-0.219082
onnx,0.2000,0.5800,-0.004445,-0.210963
onnx,0.2000,0.5900,-0.004789,-0.203419
onnx,0.2000,0.6000,-0.005110,-0.196410
onnx,0.2000,0.6100,-0.005410,-0.189898
onnx,0.2000,0.6200,-0.005690,-0.183850
onnx,0.2000,0.6300,-0.005952,-0.178233
onnx,0.2000,0.6400,-0.006197,-0.173016
onnx,0.2000,0.6500,-0.006426,-0.168174
onnx,0.2000,0.6600,-0.006640,-0.163678
onnx,0.2000,0.6700,-0.006840,-0.159506
onnx,0.2000,0.6800,-0.007027,-0.155634
onnx,0.2000,0.6900,-0.007203,-0.152042
onnx,0.2000,0.7000,-0.007367,-0.148710
onnx,0.2000,0.7100,-0.007521,-0.145621
onnx,0.2000,0.7200,-0.007665,-0.142756
onnx,0.2000,0.7300,-0.007800,-0.140101
onnx,0.2000,0.7400,-0.007927,-0.137641
onnx,0.2000,0.7500,-0.008045,-0.135363
onnx,0.2000,0.7600,-0.008157,-0.133252
onnx,0.2000,0.7700,-0.008262,-0.131299
onnx,0.2000,0.7800,-0.008360,-0.129492
onnx,0.2000,0.7900,-0.008453,-0.127820
onnx,0.2000,0.8000,-0.008540,-0.126274
onnx,0.2000,0.8100,-0.008622,-0.124845
onnx,0.2000,0.8200,-0.008700,-0.123526
onnx,0.2000,0.8300,-0.008772,-0.122308
onnx,0.2000,0.8400,-0.008841,-0.121184
onnx,0.2000,0.8500,-0.008906,-0.120148
onnx,0.2000,0.8600,-0.008967,-0.119193
onnx,0.2000,0.8700,-0.009025,-0.118314
onnx,0.2000,0.8800,-0.009079,-0.117505
onnx,0.2000,0.8900,-0.009131,-0.116762
onnx,0.2000,0.9000,-0.009180,-0.116079
onnx,0.2000,0.9100,-0.009227,-0.115453
onnx,0.2000,0.9200,-0.009271,-0.114879
onnx,0.2000,0.9300,-0.009313,-0.114354
onnx,0.2000,0.9400,-0.009352,-0.113874
onnx,0.2000,0.9500,-0.009390,-0.113436
onnx,0.2000,0.9600,-0.009426,-0.113038
onnx,0.2000,0.9700,-0.009460,-0.112675
onnx,0.2000,0.9800,-0.009493,-0.112346
onnx,0.2000,0.9900,-0.009524,-0.112048
onnx,0.2000,1.0000,-0.009554,-0.111779
onnx,0.2000,1.0100,-0.009583,-0.111537
onnx,0.2000,1.0200,-0.009610,-0.111320
onnx,0.2000,1.0300,-0.009636,-0.111126
onnx,0.2000,1.0400,-0.009661,-0.110953
onnx,0.2000,1.0500,-0.009685,-0.110800
onnx,0.2000,1.0600,-0.009708,-0.110665
onnx,0.2000,1.0700,-0.009730,-0.110547
onnx,0.2000,1.0800,-0.009752,-0.110445
onnx,0.2000,1.0900,-0.009772,-0.110358
onnx,0.2000,1.1000,-0.009792,-0.110284
onnx,0.2000,1.1100,-0.009811,-0.110222
onnx,0.2000,1.1200,-0.009830,-0.110172
onnx,0.2000,1.1300,-0.009848,-0.110132
onnx,0.2000,1.1400,-0.009865,-0.110102
onnx,0.2000,1.1500,-0.009882,-0.110081
onnx,0.2000,1.1600,-0.009898,-0.110069
onnx,0.2000,1.1700,-0.009914,-0.110063
onnx,0.2000,1.1800,-0.009929,-0.110065
onnx,0.2000,1.1900,-0.009944,-0.110074
onnx,0.2000,1.2000,-0.009958,-0.110088
onnx,0.2000,1.2100,-0.009972,-0.110108
onnx,0.2000,1.2200,-0.009986,-0.110132
onnx,0.2000,1.2300,-0.009999,-0.110161
onnx,0.2000,1.2400,-0.010012,-0.110194
onnx,0.2000,1.2500,-0.010025,-0.110231
onnx,0.2000,1.2600,-0.010037,-0.110272
onnx,0.2000,1.2700,-0.010049,-0.110315
onnx,0.2000,1.2800,-0.010061,-0.110361
onnx,0.2000,1.2900,-0.010072,-0.110409
onnx,0.2000,1.3000,-0.010083,-0.110460
onnx,0.2000,1.3100,-0.010094,-0.110513
onnx,0.2000,1.3200,-0.010105,-0.110568
onnx,0.2000,1.3300,-0.010115,-0.110624
onnx,0.2000,1.3400,-0.010125,-0.110681
onnx,0.2000,1.3500,-0.010135,-0.110739
onnx,0.2000,1.3600,-0.010145,-0.110799
onnx,0.2000,1.3700,-0.010155,-0.110860
onnx,0.2000,1.3800,-0.010164,-0.110921
onnx,0.2000,1.3900,-0.010173,-0.110983
onnx,0.2000,1.4000,-0.010182,-0.111045
onnx,0.2000,1.4100,-0.010191,-0.111107
onnx,0.2000,1.4200,-0.010200,-0.111170
onnx,0.2000,1.4300,-0.010208,-0.111233
onnx,0.2000,1.4400,-0.010216,-0.111296
onnx,0.2000,1.4500,-0.010224,-0.111358
onnx,0.2000,1.4600,-0.010232,-0.111421
onnx,0.2000,1.4700,-0.010240,-0.111483
onnx,0.2000,1.4800,-0.010248,-0.111546
onnx,0.2000,1.4900,-0.010255,-0.111607
onnx,0.2000,1.5000,-0.010263,-0.111669
onnx,0.2000,1.5100,-0.010270,-0.111730
onnx,0.2000,1.5200,-0.010277,-0.111790
onnx,0.2000,1.5300,-0.010284,-0.111850
onnx,0.2000,1.5400,-0.010291,-0.111909
onnx,0.2000,1.5500,-0.010297,-0.111968
onnx,0.2000,1.5600,-0.010304,-0.112026
onnx,0.2000,1.5700,-0.010310,-0.112083
onnx,0.2000,1.5800,-0.010316,-0.112139
onnx,0.2000,1.5900,-0.010322,-0.112195
onnx,0.2000,1.6000,-0.010328,-0.112249
onnx,0.2000,1.6100,-0.010334,-0.112303
onnx,0.2000,1.6200,-0.010340,-0.112356
onnx,0.2000,1.6300,-0.010345,-0.112408
onnx,0.2000,1.6400,-0.010351,-0.112460
onnx,0.2000,1.6500,-0.010356,-0.112510
onnx,0.2000,1.6600,-0.010361,-0.112559
onnx,0.2000,1.6700,-0.010366,-0.112608
onnx,0.2000,1.6800,-0.010371,-0.112655
onnx,0.2000,1.6900,-0.010376,-0.112702
onnx,0.2000,1.7000,-0.010381,-0.112747
onnx,0.2000,1.7100,-0.010386,-0.112791
onnx,0.2000,1.7200,-0.010390,-0.112835
onnx,0.2000,1.7300,-0.010394,-0.112877
onnx,0.2000,1.7400,-0.010399,-0.112918
onnx,0.2000,1.7500,-0.010403,-0.112958
onnx,0.2000,1.7600,-0.010407,-0.112997
onnx,0.2000,1.7700,-0.010411,-0.113035
onnx,0.2000,1.7800,-0.010414,-0.113072
onnx,0.2000,1.7900,-0.010418,-0.113108
onnx,0.2000,1.8000,-0.010422,-0.113143
onnx,0.2000,1.8100,-0.010425,-0.113176
onnx,0.2000,1.8200,-0.010428,-0.113209
onnx,0.2000,1.8300,-0.010432,-0.113241
onnx,0.2000,1.8400,-0.010435,-0.113271
onnx,0.2000,1.8500,-0.010438,-0.113300
onnx,0.2000,1.8600,-0.010441,-0.113328
onnx,0.2000,1.8700,-0.010443,-0.113355
onnx,0.2000,1.8800,-0.010446,-0.113381
onnx,0.2000,1.8900,-0.010449,-0.113406
onnx,0.2000,1.9000,-0.010451,-0.113429
onnx,0.2000,1.9100,-0.010453,-0.113452
onnx,0.2000,1.9200,-0.010456,-0.113473
onnx,0.2000,1.9300,-0.010458,-0.113493
onnx,0.2000,1.9400,-0.010460,-0.113512
onnx,0.2000,1.9500,-0.010462,-0.113530
onnx,0.2000,1.9600,-0.010463,-0.113547
onnx,0.2000,1.9700,-0.010465,-0.113563
onnx,0.2000,1.9800,-0.010467,-0.113577
onnx,0.2000,1.9900,-0.010468,-0.113591
onnx,0.2000,2.0000,-0.010469,-0.113603
onnx,0.2000,2.0100,-0.010471,-0.113614
onnx,0.2000,2.0200,-0.010472,-0.113624
onnx,0.2000,2.0300,-0.010473,-0.113633
onnx,0.2000,2.0400,-0.010474,-0.113641
onnx,0.2000,2.0500,-0.010475,-0.113648
onnx,0.2000,2.0600,-0.010475,-0.113653
onnx,0.2000,2.0700,-0.010476,-0.113658
onnx,0.2000,2.0800,-0.010476,-0.113661
onnx,0.2000,2.0900,-0.010477,-0.113663
onnx,0.2000,2.1000,-0.010477,-0.113664
onnx,0.2000,2.1100,-0.010477,-0.113664
onnx,0.2000,2.1200,-0.010477,-0.113663
onnx,0.2000,2.1300,-0.010477,-0.113661
onnx,0.2000,2.1400,-0.010477,-0.113657
onnx,0.2000,2.1500,-0.010477,-0.113653
onnx,0.2000,2.1600,-0.010477,-0.113647
onnx,0.2000,2.1700,-0.010476,-0.113640
onnx,0.2000,2.1800,-0.010476,-0.113632
onnx,0.2000,2.1900,-0.010475,-0.113623
onnx,0.2000,2.2000,-0.010474,-0.113613
onnx,0.2000,2.2100,-0.010473,-0.113602
onnx,0.2000,2.2200,-0.010472,-0.113590
onnx,0.2000,2.2300,-0.010471,-0.113576
onnx,0.2000,2.2400,-0.010470,-0.113562
onnx,0.2000,2.2500,-0.010469,-0.113546
onnx,0.2000,2.2600,-0.010467,-0.113529
onnx,0.2000,2.2700,-0.010466,-0.113512
onnx,0.2000,2.2800,-0.010464,-0.113493
onnx,0.2000,2.2900,-0.010463,-0.113473
onnx,0.2000,2.3000,-0.010461,-0.113452
onnx,0.2000,2.3100,-0.010459,-0.113429
onnx,0.2000,2.3200,-0.010457,-0.113406
onnx,0.2000,2.3300,-0.010455,-0.113382
onnx,0.2000,2.3400,-0.010453,-0.113356
onnx,0.2000,2.3500,-0.010451,-0.113330
onnx,0.2000,2.3600,-0.010448,-0.113302
onnx,0.2000,2.3700,-0.010446,-0.113274
onnx,0.2000,2.3800,-0.010443,-0.113244
onnx,0.2000,2.3900,-0.010440,-0.113213
onnx,0.2000,2.4000,-0.010438,-0.113181
onnx,0.2000,2.4100,-0.010435,-0.113148
onnx,0.2000,2.4200,-0.010432,-0.113115
onnx,0.2000,2.4300,-0.010429,-0.113079
onnx,0.2000,2.4400,-0.010426,-0.113043
onnx,0.2000,2.4500,-0.010422,-0.113006
onnx,0.2000,2.4600,-0.010419,-0.112968
onnx,0.2000,2.4700,-0.010416,-0.112929
onnx,0.2000,2.4800,-0.010412,-0.112888
onnx,0.2000,2.4900,-0.010408,-0.112847
onnx,0.2000,2.5000,-0.010405,-0.112805
onnx,0.2000,2.5100,-0.010401,-0.112761
onnx,0.2000,2.5200,-0.010397,-0.112717
onnx,0.2000,2.5300,-0.010393,-0.112671
onnx,0.2000,2.5400,-0.010389,-0.112625
onnx,0.2000,2.5500,-0.010384,-0.112577
onnx,0.2000,2.5600,-0.010380,-0.112528
onnx,0.2000,2.5700,-0.010376,-0.112479
onnx,0.2000,2.5800,-0.010371,-0.112428
onnx,0.2000,2.5900,-0.010367,-0.112376
onnx,0.2000,2.6000,-0.010362,-0.112323
onnx,0.2000,2.6100,-0.010357,-0.112270
onnx,0.2000,2.6200,-0.010352,-0.112215
onnx,0.2000,2.6300,-0.010347,-0.112159
onnx,0.2000,2.6400,-0.010342,-0.112102
onnx,0.2000,2.6500,-0.010337,-0.112045
onnx,0.2000,2.6600,-0.010332,-0.111986
onnx,0.2000,2.6700,-0.010326,-0.111926
onnx,0.2000,2.6800,-0.010321,-0.111865
onnx,0.2000,2.6900,-0.010315,-0.111803
onnx,0.2000,2.7000,-0.010310,-0.111740
onnx,0.2000,2.7100,-0.010304,-0.111676
onnx,0.2000,2.7200,-0.010298,-0.111612
onnx,0.2000,2.7300,-0.010292,-0.111546
onnx,0.2000,2.7400,-0.010286,-0.111479
onnx,0.2000,2.7500,-0.010280,-0.111411
onnx,0.2000,2.7600,-0.010274,-0.111342
onnx,0.2000,2.7700,-0.010268,-0.111273
onnx,0.2000,2.7800,-0.010261,-0.111202
onnx,0.2000,2.7900,-0.010255,-0.111130
onnx,0.2000,2.8000,-0.010248,-0.111057
onnx,0.2000,2.8100,-0.010242,-0.110984
onnx,0.2000,2.8200,-0.010235,-0.110909
onnx,0.2000,2.8300,-0.010228,-0.110834
onnx,0.2000,2.8400,-0.010221,-0.110757
onnx,0.2000,2.8500,-0.010214,-0.110680
onnx,0.2000,2.8600,-0.010207,-0.110601
onnx,0.2000,2.8700,-0.010200,-0.110522
onnx,0.2000,2.8800,-0.010193,-0.110441
onnx,0.2000,2.8900,-0.010185,-0.110360
onnx,0.2000,2.9000,-0.010178,-0.110278
onnx,0.2000,2.9100,-0.010170,-0.110194
onnx,0.2000,2.9200,-0.010163,-0.110110
onnx,0.2000,2.9300,-0.010155,-0.110025
onnx,0.2000,2.9400,-0.010147,-0.109939
onnx,0.2000,2.9500,-0.010139,-0.109852
onnx,0.2000,2.9600,-0.010131,-0.109764
onnx,0.2000,2.9700,-0.010123,-0.109675
onnx,0.2000,2.9800,-0.010115,-0.109585
onnx,0.2000,2.9900,-0.010107,-0.109495
onnx,0.2000,3.0000,-0.010099,-0.109403
onnx,0.2000,3.0100,-0.010090,-0.109310
onnx,0.2000,3.0200,-0.010082,-0.109217
onnx,0.2000,3.0300,-0.010073,-0.109122
onnx,0.2000,3.0400,-0.010064,-0.109027
onnx,0.2000,3.0500,-0.010056,-0.108931
onnx,0.2000,3.0600,-0.010047,-0.108834
onnx,0.2000,3.0700,-0.010038,-0.108736
onnx,0.2000,3.0800,-0.010029,-0.108637
onnx,0.2000,3.0900,-0.010020,-0.108537
onnx,0.2000,3.1000,-0.010011,-0.108436
onnx,0.2000,3.1100,-0.010002,-0.108334
onnx,0.2000,3.1200,-0.009992,-0.108232
onnx,0.2000,3.1300,-0.009983,-0.108128
onnx,0.2000,3.1400,-0.009973,-0.108024
onnx,0.2000,3.1500,-0.009964,-0.107919
onnx,0.2000,3.1600,-0.009954,-0.107813
onnx,0.2000,3.1700,-0.009944,-0.107706
onnx,0.2000,3.1800,-0.009935,-0.107598
onnx,0.2000,3.1900,-0.009925,-0.107489
onnx,0.2000,3.2000,-0.009915,-0.107380
onnx,0.2000,3.2100,-0.009905,-0.107269
onnx,0.2000,3.2200,-0.009895,-0.107158
onnx,0.2000,3.2300,-0.009884,-0.107046
onnx,0.2000,3.2400,-0.009874,-0.106932
onnx,0.2000,3.2500,-0.009864,-0.106819
onnx,0.2000,3.2600,-0.009853,-0.106704
onnx,0.2000,3.2700,-0.009843,-0.106588
onnx,0.2000,3.2800,-0.009832,-0.106472
onnx,0.2000,3.2900,-0.009821,-0.106354
onnx,0.2000,3.3000,-0.009811,-0.106236
onnx,0.2000,3.3100,-0.009800,-0.106117
onnx,0.2000,3.3200,-0.009789,-0.105998
onnx,0.2000,3.3300,-0.009778,-0.105877
onnx,0.2000,3.3400,-0.009767,-0.105755
onnx,0.2000,3.3500,-0.009756,-0.105633
onnx,0.2000,3.3600,-0.009744,-0.105510
onnx,0.2000,3.3700,-0.009733,-0.105386
onnx,0.2000,3.3800,-0.009722,-0.105261
onnx,0.2000,3.3900,-0.009710,-0.105135
onnx,0.2000,3.4000,-0.009699,-0.105009
onnx,0.2000,3.4100,-0.009687,-0.104881
onnx,0.2000,3.4200,-0.009675,-0.104753
onnx,0.2000,3.4300,-0.009664,-0.104624
onnx,0.2000,3.4400,-0.009652,-0.104495
onnx,0.2000,3.4500,-0.009640,-0.104364
onnx,0.2000,3.4600,-0.009628,-0.104233
onnx,0.2000,3.4700,-0.009616,-0.104101
onnx,0.2000,3.4800,-0.009604,-0.103968
onnx,0.2000,3.4900,-0.009592,-0.103834
onnx,0.2000,3.5000,-0.009579,-0.103700
onnx,0.2000,3.5100,-0.009567,-0.103564
onnx,0.2000,3.5200,-0.009555,-0.103428
onnx,0.2000,3.5300,-0.009542,-0.103291
onnx,0.2000,3.5400,-0.009529,-0.103154
onnx,0.2000,3.5500,-0.009517,-0.103015
onnx,0.2000,3.5600,-0.009504,-0.102876
onnx,0.2000,3.5700,-0.009491,-0.102736
onnx,0.2000,3.5800,-0.009478,-0.102596
onnx,0.2000,3.5900,-0.009466,-0.102454
onnx,0.2000,3.6000,-0.009453,-0.102312
onnx,0.2000,3.6100,-0.009439,-0.102169
onnx,0.2000,3.6200,-0.009426,-0.102025
onnx,0.2000,3.6300,-0.009413,-0.101881
onnx,0.2000,3.6400,-0.009400,-0.101735
onnx,0.2000,3.6500,-0.009387,-0.101589
onnx,0.2000,3.6600,-0.009373,-0.101442
onnx,0.2000,3.6700,-0.009360,-0.101295
onnx,0.2000,3.6800,-0.009346,-0.101147
onnx,0.2000,3.6900,-0.009332,-0.100998
onnx,0.2000,3.7000,-0.009319,-0.100848
onnx,0.2000,3.7100,-0.009305,-0.100698
onnx,0.2000,3.7200,-0.009291,-0.100546
onnx,0.2000,3.7300,-0.009277,-0.100395
onnx,0.2000,3.7400,-0.009263,-0.100242
onnx,0.2000,3.7500,-0.009249,-0.100089
onnx,0.2000,3.7600,-0.009235,-0.099935
onnx,0.2000,3.7700,-0.009221,-0.099780
onnx,0.2000,3.7800,-0.009207,-0.099624
onnx,0.2000,3.7900,-0.009193,-0.099468
onnx,0.2000,3.8000,-0.009178,-0.099311
onnx,0.2000,3.8100,-0.009164,-0.099154
onnx,0.2000,3.8200,-0.009149,-0.098995
onnx,0.2000,3.8300,-0.009135,-0.098836
onnx,0.2000,3.8400,-0.009120,-0.098677
onnx,0.2000,3.8500,-0.009105,-0.098516
onnx,0.2000,3.8600,-0.009091,-0.098355
onnx,0.2000,3.8700,-0.009076,-0.098193
onnx,0.2000,3.8800,-0.009061,-0.098031
onnx,0.2000,3.8900,-0.009046,-0.097868
onnx,0.2000,3.9000,-0.009031,-0.097704
onnx,0.2000,3.9100,-0.009016,-0.097539
onnx,0.2000,3.9200,-0.009001,-0.097374
onnx,0.2000,3.9300,-0.008986,-0.097208
onnx,0.2000,3.9400,-0.008970,-0.097042
onnx,0.2000,3.9500,-0.008955,-0.096875
onnx,0.2000,3.9600,-0.008940,-0.096707
onnx,0.2000,3.9700,-0.008924,-0.096538
onnx,0.2000,3.9800,-0.008909,-0.096369
onnx,0.2000,3.9900,-0.008893,-0.096199
onnx,0.2000,4.0000,-0.008878,-0.096029
onnx,0.2000,4.0100,-0.008862,-0.095858
onnx,0.2000,4.0200,-0.008846,-0.095686
onnx,0.2000,4.0300,-0.008830,-0.095514
onnx,0.2000,4.0400,-0.008815,-0.095341
onnx,0.2000,4.0500,-0.008799,-0.095167
onnx,0.2000,4.0600,-0.008783,-0.094993
onnx,0.2000,4.0700,-0.008767,-0.094818
onnx,0.2000,4.0800,-0.008751,-0.094642
onnx,0.2000,4.0900,-0.008734,-0.094466
onnx,0.2000,4.1000,-0.008718,-0.094289
onnx,0.2000,4.1100,-0.008702,-0.094112
onnx,0.2000,4.1200,-0.008686,-0.093934
onnx,0.2000,4.1300,-0.008669,-0.093755
onnx,0.2000,4.1400,-0.008653,-0.093576
onnx,0.2000,4.1500,-0.008636,-0.093396
onnx,0.2000,4.1600,-0.008620,-0.093216
onnx,0.2000,4.1700,-0.008603,-0.093035
onnx,0.2000,4.1800,-0.008587,-0.092853
onnx,0.2000,4.1900,-0.008570,-0.092671
onnx,0.2000,4.2000,-0.008553,-0.092488
onnx,0.2000,4.2100,-0.008536,-0.092305
onnx,0.2000,4.2200,-0.008519,-0.092121
onnx,0.2000,4.2300,-0.008503,-0.091936
onnx,0.2000,4.2400,-0.008486,-0.091751
onnx,0.2000,4.2500,-0.008469,-0.091565
onnx,0.2000,4.2600,-0.008451,-0.091379
onnx,0.2000,4.2700,-0.008434,-0.091192
onnx,0.2000,4.2800,-0.008417,-0.091004
onnx,0.2000,4.2900,-0.008400,-0.090816
onnx,0.2000,4.3000,-0.008383,-0.090628
onnx,0.2000,4.3100,-0.008365,-0.090439
onnx,0.2000,4.3200,-0.008348,-0.090249
onnx,0.2000,4.3300,-0.008330,-0.090059
onnx,0.2000,4.3400,-0.008313,-0.089868
onnx,0.2000,4.3500,-0.008295,-0.089676
onnx,0.2000,4.3600,-0.008278,-0.089484
onnx,0.2000,4.3700,-0.008260,-0.089292
onnx,0.2000,4.3800,-0.008242,-0.089099
onnx,0.2000,4.3900,-0.008225,-0.088905
onnx,0.2000,4.4000,-0.008207,-0.088711
onnx,0.2000,4.4100,-0.008189,-0.088517
onnx,0.2000,4.4200,-0.008171,-0.088322
onnx,0.2000,4.4300,-0.008153,-0.088126
onnx,0.2000,4.4400,-0.008135,-0.087930
onnx,0.2000,4.4500,-0.008117,-0.087733
onnx,0.2000,4.4600,-0.008099,-0.087536
onnx,0.2000,4.4700,-0.008081,-0.087338
onnx,0.2000,4.4800,-0.008063,-0.087140
onnx,0.2000,4.4900,-0.008044,-0.086941
onnx,0.2000,4.5000,-0.008026,-0.086742
onnx,0.2000,4.5100,-0.008008,-0.086542
onnx,0.2000,4.5200,-0.007989,-0.086342
onnx,0.2000,4.5300,-0.007971,-0.086141
onnx,0.2000,4.5400,-0.007952,-0.085940
onnx,0.2000,4.5500,-0.007934,-0.085738
onnx,0.2000,4.5600,-0.007915,-0.085536
onnx,0.2000,4.5700,-0.007897,-0.085333
onnx,0.2000,4.5800,-0.007878,-0.085130
onnx,0.2000,4.5900,-0.007859,-0.084926
onnx,0.2000,4.6000,-0.007841,-0.084722
onnx,0.2000,4.6100,-0.007822,-0.084518
onnx,0.2000,4.6200,-0.007803,-0.084313
onnx,0.2000,4.6300,-0.007784,-0.084107
onnx,0.2000,4.6400,-0.007765,-0.083901
onnx,0.2000,4.6500,-0.007746,-0.083695
onnx,0.2000,4.6600,-0.007727,-0.083488
onnx,0.2000,4.6700,-0.007708,-0.083280
onnx,0.2000,4.6800,-0.007689,-0.083072
onnx,0.2000,4.6900,-0.007670,-0.082864
onnx,0.2000,4.7000,-0.007651,-0.082655
onnx,0.2000,4.7100,-0.007632,-0.082446
onnx,0.2000,4.7200,-0.007612,-0.082236
onnx,0.2000,4.7300,-0.007593,-0.082026
onnx,0.2000,4.7400,-0.007574,-0.081816
onnx,0.2000,4.7500,-0.007554,-0.081605
onnx,0.2000,4.7600,-0.007535,-0.081393
onnx,0.2000,4.7700,-0.007515,-0.081182
onnx,0.2000,4.7800,-0.007496,-0.080969
onnx,0.2000,4.7900,-0.007476,-0.080757
onnx,0.2000,4.8000,-0.007457,-0.080544
onnx,0.2000,4.8100,-0.007437,-0.080330
onnx,0.2000,4.8200,-0.007417,-0.080116
onnx,0.2000,4.8300,-0.007398,-0.079902
onnx,0.2000,4.8400,-0.007378,-0.079687
onnx,0.2000,4.8500,-0.007358,-0.079472
onnx,0.2000,4.8600,-0.007338,-0.079257
onnx,0.2000,4.8700,-0.007319,-0.079041
onnx,0.2000,4.8800,-0.007299,-0.078824
onnx,0.2000,4.8900,-0.007279,-0.078608
onnx,0.2000,4.9000,-0.007259,-0.078391
onnx,0.2000,4.9100,-0.007239,-0.078173
onnx,0.2000,4.9200,-0.007219,-0.077955
onnx,0.2000,4.9300,-0.007199,-0.077737
onnx,0.2000,4.9400,-0.007179,-0.077518
onnx,0.2000,4.9500,-0.007159,-0.077299
onnx,0.2000,4.9600,-0.007138,-0.077080
onnx,0.2000,4.9700,-0.007118,-0.076860
onnx,0.2000,4.9800,-0.007098,-0.076640
onnx,0.2000,4.9900,-0.007078,-0.076420
onnx,0.2000,5.0000,-0.007057,-0.076199
onnx,0.2000,5.0100,-0.007037,-0.075977
onnx,0.2000,5.0200,-0.007017,-0.075756
onnx,0.2000,5.0300,-0.006996,-0.075534
onnx,0.2000,5.0400,-0.006976,-0.075312
onnx,0.2000,5.0500,-0.006955,-0.075089
onnx,0.2000,5.0600,-0.006935,-0.074866
onnx,0.2000,5.0700,-0.006914,-0.074643
onnx,0.2000,5.0800,-0.006894,-0.074419
onnx,0.2000,5.0900,-0.006873,-0.074195
onnx,0.2000,5.1000,-0.006853,-0.073971
onnx,0.2000,5.1100,-0.006832,-0.073746
onnx,0.2000,5.1200,-0.006811,-0.073521
onnx,0.2000,5.1300,-0.006791,-0.073296
onnx,0.2000,5.1400,-0.006770,-0.073070
onnx,0.2000,5.1500,-0.006749,-0.072844
onnx,0.2000,5.1600,-0.006728,-0.072618
onnx,0.2000,5.1700,-0.006707,-0.072392
onnx,0.2000,5.1800,-0.006686,-0.072165
onnx,0.2000,5.1900,-0.006666,-0.071938
onnx,0.2000,5.2000,-0.006645,-0.071710
onnx,0.2000,5.2100,-0.006624,-0.071482
onnx,0.2000,5.2200,-0.006603,-0.071254
onnx,0.2000,5.2300,-0.006582,-0.071026
onnx,0.2000,5.2400,-0.006561,-0.070797
onnx,0.2000,5.2500,-0.006540,-0.070568
onnx,0.2000,5.2600,-0.006519,-0.070339
onnx,0.2000,5.2700,-0.006497,-0.070109
onnx,0.2000,5.2800,-0.006476,-0.069880
onnx,0.2000,5.2900,-0.006455,-0.069649
onnx,0.2000,5.3000,-0.006434,-0.069419
onnx,0.2000,5.3100,-0.006413,-0.069188
onnx,0.2000,5.3200,-0.006391,-0.068957
onnx,0.2000,5.3300,-0.006370,-0.068726
onnx,0.2000,5.3400,-0.006349,-0.068495
onnx,0.2000,5.3500,-0.006328,-0.068263
onnx,0.2000,5.3600,-0.006306,-0.068031
onnx,0.2000,5.3700,-0.006285,-0.067799
onnx,0.2000,5.3800,-0.006263,-0.067566
onnx,0.2000,5.3900,-0.006242,-0.067334
onnx,0.2000,5.4000,-0.006221,-0.067101
onnx,0.2000,5.4100,-0.006199,-0.066867
onnx,0.2000,5.4200,-0.006178,-0.066634
onnx,0.2000,5.4300,-0.006156,-0.066400
onnx,0.2000,5.4400,-0.006135,-0.066166
onnx,0.2000,5.4500,-0.006113,-0.065932
onnx,0.2000,5.4600,-0.006091,-0.065697
onnx,0.2000,5.4700,-0.006070,-0.065463
onnx,0.2000,5.4800,-0.006048,-0.065228
onnx,0.2000,5.4900,-0.006027,-0.064993
onnx,0.2000,5.5000,-0.006005,-0.064757
onnx,0.2000,5.5100,-0.005983,-0.064522
onnx,0.2000,5.5200,-0.005962,-0.064286
onnx,0.2000,5.5300,-0.005940,-0.064050
onnx,0.2000,5.5400,-0.005918,-0.063814
onnx,0.2000,5.5500,-0.005896,-0.063577
onnx,0.2000,5.5600,-0.005875,-0.063341
onnx,0.2000,5.5700,-0.005853,-0.063104
onnx,0.2000,5.5800,-0.005831,-0.062867
onnx,0.2000,5.5900,-0.005809,-0.062630
onnx,0.2000,5.6000,-0.005787,-0.062392
onnx,0.2000,5.6100,-0.005765,-0.062155
onnx,0.2000,5.6200,-0.005743,-0.061917
onnx,0.2000,5.6300,-0.005722,-0.061679
onnx,0.2000,5.6400,-0.005700,-0.061441
onnx,0.2000,5.6500,-0.005678,-0.061202
onnx,0.2000,5.6600,-0.005656,-0.060964
onnx,0.2000,5.6700,-0.005634,-0.060725
onnx,0.2000,5.6800,-0.005612,-0.060486
onnx,0.2000,5.6900,-0.005590,-0.060247
onnx,0.2000,5.7000,-0.005568,-0.060008
onnx,0.2000,5.7100,-0.005546,-0.059769
onnx,0.2000,5.7200,-0.005524,-0.059529
onnx,0.2000,5.7300,-0.005502,-0.059289
onnx,0.2000,5.7400,-0.005479,-0.059050
onnx,0.2000,5.7500,-0.005457,-0.058810
onnx,0.2000,5.7600,-0.005435,-0.058569
onnx,0.2000,5.7700,-0.005413,-0.058329
onnx,0.2000,5.7800,-0.005391,-0.058089
onnx,0.2000,5.7900,-0.005369,-0.057848
onnx,0.2000,5.8000,-0.005347,-0.057607
onnx,0.2000,5.8100,-0.005324,-0.057366
onnx,0.2000,5.8200,-0.005302,-0.057125
onnx,0.2000,5.8300,-0.005280,-0.056884
onnx,0.2000,5.8400,-0.005258,-0.056643
onnx,0.2000,5.8500,-0.005236,-0.056402
onnx,0.2000,5.8600,-0.005213,-0.056160
onnx,0.2000,5.8700,-0.005191,-0.055918
onnx,0.2000,5.8800,-0.005169,-0.055677
onnx,0.2000,5.8900,-0.005147,-0.055435
onnx,0.2000,5.9000,-0.005124,-0.055193
onnx,0.2000,5.9100,-0.005102,-0.054950
onnx,0.2000,5.9200,-0.005080,-0.054708
onnx,0.2000,5.9300,-0.005057,-0.054466
onnx,0.2000,5.9400,-0.005035,-0.054224
onnx,0.2000,5.9500,-0.005013,-0.053981
onnx,0.2000,5.9600,-0.004990,-0.053738
onnx,0.2000,5.9700,-0.004968,-0.053496
onnx,0.2000,5.9800,-0.004946,-0.053253
onnx,0.2000,5.9900,-0.004923,-0.053010
onnx,0.2000,6.0000,-0.004901,-0.052767
onnx,0.2000,6.0100,-0.004878,-0.052524
onnx,0.2000,6.0200,-0.004856,-0.052281
onnx,0.2000,6.0300,-0.004834,-0.052037
onnx,0.2000,6.0400,-0.004811,-0.051794
onnx,0.2000,6.0500,-0.004789,-0.051551
onnx,0.2000,6.0600,-0.004766,-0.051307
onnx,0.2000,6.0700,-0.004744,-0.051064
onnx,0.2000,6.0800,-0.004721,-0.050820
onnx,0.2000,6.0900,-0.004699,-0.050576
onnx,0.2000,6.1000,-0.004677,-0.050332
onnx,0.2000,6.1100,-0.004654,-0.050089
onnx,0.2000,6.1200,-0.004632,-0.049845
onnx,0.2000,6.1300,-0.004609,-0.049601
onnx,0.2000,6.1400,-0.004587,-0.049357
onnx,0.2000,6.1500,-0.004564,-0.049113
onnx,0.2000,6.1600,-0.004542,-0.048869
onnx,0.2000,6.1700,-0.004519,-0.048624
onnx,0.2000,6.1800,-0.004497,-0.048380
onnx,0.2000,6.1900,-0.004474,-0.048136
onnx,0.2000,6.2000,-0.004452,-0.047892
onnx,0.2000,6.2100,-0.004429,-0.047648
onnx,0.2000,6.2200,-0.004407,-0.047403
onnx,0.2000,6.2300,-0.004384,-0.047159
onnx,0.2000,6.2400,-0.004362,-0.046915
onnx,0.2000,6.2500,-0.004339,-0.046670
onnx,0.2000,6.2600,-0.004317,-0.046426
onnx,0.2000,6.2700,-0.004294,-0.046181
onnx,0.2000,6.2800,-0.004271,-0.045937
onnx,0.2000,6.2900,-0.004249,-0.045692
onnx,0.2000,6.3000,-0.004226,-0.045448
onnx,0.2000,6.3100,-0.004204,-0.045203
onnx,0.2000,6.3200,-0.004181,-0.044959
onnx,0.2000,6.3300,-0.004159,-0.044714
onnx,0.2000,6.3400,-0.004136,-0.044470
onnx,0.2000,6.3500,-0.004114,-0.044225
onnx,0.2000,6.3600,-0.004091,-0.043981
onnx,0.2000,6.3700,-0.004069,-0.043736
onnx,0.2000,6.3800,-0.004046,-0.043492
onnx,0.2000,6.3900,-0.004024,-0.043247
onnx,0.2000,6.4000,-0.004001,-0.043003
onnx,0.2000,6.4100,-0.003978,-0.042758
onnx,0.2000,6.4200,-0.003956,-0.042514
onnx,0.2000,6.4300,-0.003933,-0.042269
onnx,0.2000,6.4400,-0.003911,-0.042025
onnx,0.2000,6.4500,-0.003888,-0.041780
onnx,0.2000,6.4600,-0.003866,-0.041536
onnx,0.2000,6.4700,-0.003843,-0.041292
onnx,0.2000,6.4800,-0.003821,-0.041047
onnx,0.2000,6.4900,-0.003798,-0.040803
onnx,0.2000,6.5000,-0.003776,-0.040559
onnx,0.2000,6.5100,-0.003753,-0.040315
onnx,0.2000,6.5200,-0.003731,-0.040070
onnx,0.2000,6.5300,-0.003708,-0.039826
onnx,0.2000,6.5400,-0.003686,-0.039582
onnx,0.2000,6.5500,-0.003663,-0.039338
onnx,0.2000,6.5600,-0.003641,-0.039094
onnx,0.2000,6.5700,-0.003618,-0.038850
onnx,0.2000,6.5800,-0.003596,-0.038606
onnx,0.2000,6.5900,-0.003573,-0.038362
onnx,0.2000,6.6000,-0.003551,-0.038119
onnx,0.2000,6.6100,-0.003528,-0.037875
onnx,0.2000,6.6200,-0.003506,-0.037631
onnx,0.2000,6.6300,-0.003483,-0.037388
onnx,0.2000,6.6400,-0.003461,-0.037144
onnx,0.2000,6.6500,-0.003438,-0.036901
onnx,0.2000,6.6600,-0.003416,-0.036657
onnx,0.2000,6.6700,-0.003393,-0.036414
onnx,0.2000,6.6800,-0.003371,-0.036171
onnx,0.2000,6.6900,-0.003349,-0.035928
onnx,0.2000,6.7000,-0.003326,-0.035685
onnx,0.2000,6.7100,-0.003304,-0.035442
onnx,0.2000,6.7200,-0.003281,-0.035199
onnx,0.2000,6.7300,-0.003259,-0.034956
onnx,0.2000,6.7400,-0.003237,-0.034713
onnx,0.2000,6.7500,-0.003214,-0.034471
onnx,0.2000,6.7600,-0.003192,-0.034228
onnx,0.2000,6.7700,-0.003169,-0.033986
onnx,0.2000,6.7800,-0.003147,-0.033743
onnx,0.2000,6.7900,-0.003125,-0.033501
onnx,0.2000,6.8000,-0.003102,-0.033259
onnx,0.2000,6.8100,-0.003080,-0.033017
onnx,0.2000,6.8200,-0.003058,-0.032775
onnx,0.2000,6.8300,-0.003035,-0.032533
onnx,0.2000,6.8400,-0.003013,-0.032291
onnx,0.2000,6.8500,-0.002991,-0.032050
onnx,0.2000,6.8600,-0.002969,-0.031808
onnx,0.2000,6.8700,-0.002946,-0.031567
onnx,0.2000,6.8800,-0.002924,-0.031326
onnx,0.2000,6.8900,-0.002902,-0.031085
onnx,0.2000,6.9000,-0.002880,-0.030844
onnx,0.2000,6.9100,-0.002857,-0.030603
onnx,0.2000,6.9200,-0.002835,-0.030362
onnx,0.2000,6.9300,-0.002813,-0.030122
onnx,0.2000,6.9400,-0.002791,-0.029881
onnx,0.2000,6.9500,-0.002769,-0.029641
onnx,0.2000,6.9600,-0.002746,-0.029401
onnx,0.2000,6.9700,-0.002724,-0.029161
onnx,0.2000,6.9800,-0.002702,-0.028921
onnx,0.2000,6.9900,-0.002680,-0.028681
onnx,0.2000,7.0000,-0.002658,-0.028441
onnx,0.2000,7.0100,-0.002636,-0.028202
onnx,0.2000,7.0200,-0.002614,-0.027963
onnx,0.2000,7.0300,-0.002592,-0.027724
onnx,0.2000,7.0400,-0.002570,-0.027485
onnx,0.2000,7.0500,-0.002548,-0.027246
onnx,0.2000,7.0600,-0.002526,-0.027007
onnx,0.2000,7.0700,-0.002504,-0.026769
onnx,0.2000,7.0800,-0.002482,-0.026530
onnx,0.2000,7.0900,-0.002460,-0.026292
onnx,0.2000,7.1000,-0.002438,-0.026054
onnx,0.2000,7.1100,-0.002416,-0.025816
onnx,0.2000,7.1200,-0.002394,-0.025579
onnx,0.2000,7.1300,-0.002372,-0.025341
onnx,0.2000,7.1400,-0.002350,-0.025104
onnx,0.2000,7.1500,-0.002328,-0.024866
onnx,0.2000,7.1600,-0.002306,-0.024630
onnx,0.2000,7.1700,-0.002284,-0.024393
onnx,0.2000,7.1800,-0.002262,-0.024156
onnx,0.2000,7.1900,-0.002241,-0.023920
onnx,0.2000,7.2000,-0.002219,-0.023684
onnx,0.2000,7.2100,-0.002197,-0.023448
onnx,0.2000,7.2200,-0.002175,-0.023212
onnx,0.2000,7.2300,-0.002154,-0.022976
onnx,0.2000,7.2400,-0.002132,-0.022741
onnx,0.2000,7.2500,-0.002110,-0.022505
onnx,0.2000,7.2600,-0.002088,-0.022270
onnx,0.2000,7.2700,-0.002067,-0.022035
onnx,0.2000,7.2800,-0.002045,-0.021801
onnx,0.2000,7.2900,-0.002023,-0.021566
onnx,0.2000,7.3000,-0.002002,-0.021332
onnx,0.2000,7.3100,-0.001980,-0.021098
onnx,0.2000,7.3200,-0.001959,-0.020864
onnx,0.2000,7.3300,-0.001937,-0.020631
onnx,0.2000,7.3400,-0.001916,-0.020397
onnx,0.2000,7.3500,-0.001894,-0.020164
onnx,0.2000,7.3600,-0.001872,-0.019931
onnx,0.2000,7.3700,-0.001851,-0.019699
onnx,0.2000,7.3800,-0.001830,-0.019466
onnx,0.2000,7.3900,-0.001808,-0.019234
onnx,0.2000,7.4000,-0.001787,-0.019002
onnx,0.2000,7.4100,-0.001765,-0.018770
onnx,0.2000,7.4200,-0.001744,-0.018538
onnx,0.2000,7.4300,-0.001723,-0.018307
onnx,0.2000,7.4400,-0.001701,-0.018076
onnx,0.2000,7.4500,-0.001680,-0.017845
onnx,0.2000,7.4600,-0.001659,-0.017614
onnx,0.2000,7.4700,-0.001637,-0.017384
onnx,0.2000,7.4800,-0.001616,-0.017154
onnx,0.2000,7.4900,-0.001595,-0.016924
onnx,0.2000,7.5000,-0.001574,-0.016694
onnx,0.2000,7.5100,-0.001552,-0.016465
onnx,0.2000,7.5200,-0.001531,-0.016236
onnx,0.2000,7.5300,-0.001510,-0.016007
onnx,0.2000,7.5400,-0.001489,-0.015778
onnx,0.2000,7.5500,-0.001468,-0.015550
onnx,0.2000,7.5600,-0.001447,-0.015322
onnx,0.2000,7.5700,-0.001426,-0.015094
onnx,0.2000,7.5800,-0.001405,-0.014866
onnx,0.2000,7.5900,-0.001384,-0.014639
onnx,0.2000,7.6000,-0.001363,-0.014412
onnx,0.2000,7.6100,-0.001342,-0.014185
onnx,0.2000,7.6200,-0.001321,-0.013958
onnx,0.2000,7.6300,-0.001300,-0.013732
onnx,0.2000,7.6400,-0.001279,-0.013506
onnx,0.2000,7.6500,-0.001258,-0.013280
onnx,0.2000,7.6600,-0.001237,-0.013055
onnx,0.2000,7.6700,-0.001217,-0.012829
onnx,0.2000,7.6800,-0.001196,-0.012605
onnx,0.2000,7.6900,-0.001175,-0.012380
onnx,0.2000,7.7000,-0.001154,-0.012156
onnx,0.2000,7.7100,-0.001134,-0.011931
onnx,0.2000,7.7200,-0.001113,-0.011708
onnx,0.2000,7.7300,-0.001092,-0.011484
onnx,0.2000,7.7400,-0.001072,-0.011261
onnx,0.2000,7.7500,-0.001051,-0.011038
onnx,0.2000,7.7600,-0.001031,-0.010815
onnx,0.2000,7.7700,-0.001010,-0.010593
onnx,0.2000,7.7800,-0.000990,-0.010371
onnx,0.2000,7.7900,-0.000969,-0.010149
onnx,0.2000,7.8000,-0.000949,-0.009928
onnx,0.2000,7.8100,-0.000928,-0.009707
onnx,0.2000,7.8200,-0.000908,-0.009486
onnx,0.2000,7.8300,-0.000887,-0.009265
onnx,0.2000,7.8400,-0.000867,-0.009045
onnx,0.2000,7.8500,-0.000847,-0.008825
onnx,0.2000,7.8600,-0.000826,-0.008606
onnx,0.2000,7.8700,-0.000806,-0.008386
onnx,0.2000,7.8800,-0.000786,-0.008167
onnx,0.2000,7.8900,-0.000766,-0.007948
onnx,0.2000,7.9000,-0.000746,-0.007730
onnx,0.2000,7.9100,-0.000725,-0.007512
onnx,0.2000,7.9200,-0.000705,-0.007294
onnx,0.2000,7.9300,-0.000685,-0.007077
onnx,0.2000,7.9400,-0.000665,-0.006860
onnx,0.2000,7.9500,-0.000645,-0.006643
onnx,0.2000,7.9600,-0.000625,-0.006427
onnx,0.2000,7.9700,-0.000605,-0.006210
onnx,0.2000,7.9800,-0.000585,-0.005995
onnx,0.2000,7.9900,-0.000565,-0.005779
onnx,0.2000,8.0000,-0.000545,-0.005564
onnx,0.2000,8.0100,-0.000526,-0.005349
onnx,0.2000,8.0200,-0.000506,-0.005135
onnx,0.2000,8.0300,-0.000486,-0.004921
onnx,0.2000,8.0400,-0.000466,-0.004707
onnx,0.2000,8.0500,-0.000446,-0.004493
onnx,0.2000,8.0600,-0.000427,-0.004280
onnx,0.2000,8.0700,-0.000407,-0.004067
onnx,0.2000,8.0800,-0.000387,-0.003855
onnx,0.2000,8.0900,-0.000368,-0.003643
onnx,0.2000,8.1000,-0.000348,-0.003431
onnx,0.2000,8.1100,-0.000329,-0.003220
onnx,0.2000,8.1200,-0.000309,-0.003009
onnx,0.2000,8.1300,-0.000290,-0.002798
onnx,0.2000,8.1400,-0.000270,-0.002588
onnx,0.2000,8.1500,-0.000251,-0.002378
onnx,0.2000,8.1600,-0.000232,-0.002168
onnx,0.2000,8.1700,-0.000212,-0.001959
onnx,0.2000,8.1800,-0.000193,-0.001750
onnx,0.2000,8.1900,-0.000174,-0.001541
onnx,0.2000,8.2000,-0.000154,-0.001333
onnx,0.2000,8.2100,-0.000135,-0.001125
onnx,0.2000,8.2200,-0.000116,-0.000918
onnx,0.2000,8.2300,-0.000097,-0.000711
onnx,0.2000,8.2400,-0.000078,-0.000504
onnx,0.2000,8.2500,-0.000059,-0.000298
onnx,0.2000,8.2600,-0.000040,-0.000092
onnx,0.2000,8.2700,-0.000021,0.000114
onnx,0.2000,8.2800,-0.000002,0.000319
onnx,0.2000,8.2900,0.000017,0.000524
onnx,0.2000,8.3000,0.000036,0.000729
onnx,0.2000,8.3100,0.000055,0.000933
onnx,0.2000,8.3200,0.000074,0.001137
onnx,0.2000,8.3300,0.000093,0.001340
onnx,0.2000,8.3400,0.000112,0.001543
onnx,0.2000,8.3500,0.000130,0.001746
onnx,0.2000,8.3600,0.000149,0.001948
onnx,0.2000,8.3700,0.000168,0.002150
onnx,0.2000,8.3800,0.000186,0.002351
onnx,0.2000,8.3900,0.000205,0.002552
onnx,0.2000,8.4000,0.000223,0.002753
onnx,0.2000,8.4100,0.000242,0.002953
onnx,0.2000,8.4200,0.000260,0.003153
onnx,0.2000,8.4300,0.000279,0.003353
onnx,0.2000,8.4400,0.000297,0.003552
onnx,0.2000,8.4500,0.000316,0.003751
onnx,0.2000,8.4600,0.000334,0.003949
onnx,0.2000,8.4700,0.000352,0.004147
onnx,0.2000,8.4800,0.000371,0.004345
onnx,0.2000,8.4900,0.000389,0.004542
onnx,0.2000,8.5000,0.000407,0.004739
onnx,0.2000,8.5100,0.000425,0.004935
onnx,0.2000,8.5200,0.000443,0.005131
onnx,0.2000,8.5300,0.000461,0.005326
onnx,0.2000,8.5400,0.000480,0.005522
onnx,0.2000,8.5500,0.000498,0.005716
onnx,0.2000,8.5600,0.000516,0.005911
onnx,0.2000,8.5700,0.000533,0.006105
onnx,0.2000,8.5800,0.000551,0.006298
onnx,0.2000,8.5900,0.000569,0.006491
onnx,0.2000,8.6000,0.000587,0.006684
onnx,0.2000,8.6100,0.000605,0.006876
onnx,0.2000,8.6200,0.000623,0.007068
onnx,0.2000,8.6300,0.000640,0.007259
onnx,0.2000,8.6400,0.000658,0.007451
onnx,0.2000,8.6500,0.000676,0.007641
onnx,0.2000,8.6600,0.000693,0.007831
onnx,0.2000,8.6700,0.000711,0.008021
onnx,0.2000,8.6800,0.000728,0.008210
onnx,0.2000,8.6900,0.000746,0.008399
onnx,0.2000,8.7000,0.000763,0.008588
onnx,0.2000,8.7100,0.000781,0.008776
onnx,0.2000,8.7200,0.000798,0.008964
onnx,0.2000,8.7300,0.000815,0.009151
onnx,0.2000,8.7400,0.000833,0.009338
onnx,0.2000,8.7500,0.000850,0.009524
onnx,0.2000,8.7600,0.000867,0.009710
onnx,0.2000,8.7700,0.000884,0.009895
onnx,0.2000,8.7800,0.000901,0.010081
onnx,0.2000,8.7900,0.000918,0.010265
onnx,0.2000,8.8000,0.000935,0.010449
onnx,0.2000,8.8100,0.000952,0.010633
onnx,0.2000,8.8200,0.000969,0.010817
onnx,0.2000,8.8300,0.000986,0.010999
onnx,0.2000,8.8400,0.001003,0.011182
onnx,0.2000,8.8500,0.001020,0.011364
onnx,0.2000,8.8600,0.001037,0.011545
onnx,0.2000,8.8700,0.001054,0.011727
onnx,0.2000,8.8800,0.001070,0.011907
onnx,0.2000,8.8900,0.001087,0.012088
onnx,0.2000,8.9000,0.001104,0.012267
onnx,0.2000,8.9100,0.001120,0.012447
onnx,0.2000,8.9200,0.001137,0.012626
onnx,0.2000,8.9300,0.001153,0.012804
onnx,0.2000,8.9400,0.001170,0.012982
onnx,0.2000,8.9500,0.001186,0.013160
onnx,0.2000,8.9600,0.001203,0.013337
onnx,0.2000,8.9700,0.001219,0.013513
onnx,0.2000,8.9800,0.001235,0.013690
onnx,0.2000,8.9900,0.001252,0.013865
onnx,0.2000,9.0000,0.001268,0.014041
onnx,0.2000,9.0100,0.001284,0.014216
onnx,0.2000,9.0200,0.001300,0.014390
onnx,0.2000,9.0300,0.001316,0.014564
onnx,0.2000,9.0400,0.001332,0.014737
onnx,0.2000,9.0500,0.001348,0.014910
onnx,0.2000,9.0600,0.001364,0.015083
onnx,0.2000,9.0700,0.001380,0.015255
onnx,0.2000,9.0800,0.001396,0.015427
onnx,0.2000,9.0900,0.001412,0.015598
onnx,0.2000,9.1000,0.001428,0.015769
onnx,0.2000,9.1100,0.001444,0.015939
onnx,0.2000,9.1200,0.001459,0.016109
onnx,0.2000,9.1300,0.001475,0.016278
onnx,0.2000,9.1400,0.001491,0.016447
onnx,0.2000,9.1500,0.001506,0.016615
onnx,0.2000,9.1600,0.001522,0.016783
onnx,0.2000,9.1700,0.001537,0.016950
onnx,0.2000,9.1800,0.001553,0.017117
onnx,0.2000,9.1900,0.001568,0.017284
onnx,0.2000,9.2000,0.001584,0.017450
onnx,0.2000,9.2100,0.001599,0.017616
onnx,0.2000,9.2200,0.001614,0.017781
onnx,0.2000,9.2300,0.001629,0.017945
onnx,0.2000,9.2400,0.001645,0.018109
onnx,0.2000,9.2500,0.001660,0.018273
onnx,0.2000,9.2600,0.001675,0.018436
onnx,0.2000,9.2700,0.001690,0.018599
onnx,0.2000,9.2800,0.001705,0.018761
onnx,0.2000,9.2900,0.001720,0.018923
onnx,0.2000,9.3000,0.001735,0.019084
onnx,0.2000,9.3100,0.001750,0.019245
onnx,0.2000,9.3200,0.001765,0.019405
onnx,0.2000,9.3300,0.001779,0.019565
onnx,0.2000,9.3400,0.001794,0.019724
onnx,0.2000,9.3500,0.001809,0.019883
onnx,0.2000,9.3600,0.001824,0.020042
onnx,0.2000,9.3700,0.001838,0.020200
onnx,0.2000,9.3800,0.001853,0.020357
onnx,0.2000,9.3900,0.001867,0.020514
onnx,0.2000,9.4000,0.001882,0.020670
onnx,0.2000,9.4100,0.001896,0.020826
onnx,0.2000,9.4200,0.001911,0.020982
onnx,0.2000,9.4300,0.001925,0.021137
onnx,0.2000,9.4400,0.001939,0.021291
onnx,0.2000,9.4500,0.001954,0.021445
onnx,0.2000,9.4600,0.001968,0.021599
onnx,0.2000,9.4700,0.001982,0.021752
onnx,0.2000,9.4800,0.001996,0.021904
onnx,0.2000,9.4900,0.002010,0.022056
onnx,0.2000,9.5000,0.002024,0.022208
onnx,0.2000,9.5100,0.002038,0.022359
onnx,0.2000,9.5200,0.002052,0.022509
onnx,0.2000,9.5300,0.002066,0.022660
onnx,0.2000,9.5400,0.002080,0.022809
onnx,0.2000,9.5500,0.002094,0.022958
onnx,0.2000,9.5600,0.002108,0.023107
onnx,0.2000,9.5700,0.002121,0.023255
onnx,0.2000,9.5800,0.002135,0.023402
onnx,0.2000,9.5900,0.002149,0.023549
onnx,0.2000,9.6000,0.002162,0.023696
onnx,0.2000,9.6100,0.002176,0.023842
onnx,0.2000,9.6200,0.002189,0.023988
onnx,0.2000,9.6300,0.002203,0.024133
onnx,0.2000,9.6400,0.002216,0.024277
onnx,0.2000,9.6500,0.002229,0.024421
onnx,0.2000,9.6600,0.002243,0.024565
onnx,0.2000,9.6700,0.002256,0.024708
onnx,0.2000,9.6800,0.002269,0.024851
onnx,0.2000,9.6900,0.002282,0.024993
onnx,0.2000,9.7000,0.002296,0.025134
onnx,0.2000,9.7100,0.002309,0.025275
onnx,0.2000,9.7200,0.002322,0.025416
onnx,0.2000,9.7300,0.002335,0.025556
onnx,0.2000,9.7400,0.002348,0.025695
onnx,0.2000,9.7500,0.002360,0.025834
onnx,0.2000,9.7600,0.002373,0.025973
onnx,0.2000,9.7700,0.002386,0.026111
onnx,0.2000,9.7800,0.002399,0.026248
onnx,0.2000,9.7900,0.002412,0.026385
onnx,0.2000,9.8000,0.002424,0.026522
onnx,0.2000,9.8100,0.002437,0.026658
onnx,0.2000,9.8200,0.002449,0.026793
onnx,0.2000,9.8300,0.002462,0.026928
onnx,0.2000,9.8400,0.002474,0.027063
onnx,0.2000,9.8500,0.002487,0.027197
onnx,0.2000,9.8600,0.002499,0.027330
onnx,0.2000,9.8700,0.002512,0.027463
onnx,0.2000,9.8800,0.002524,0.027596
onnx,0.2000,9.8900,0.002536,0.027727
onnx,0.2000,9.9000,0.002548,0.027859
onnx,0.2000,9.9100,0.002560,0.027990
onnx,0.2000,9.9200,0.002572,0.028120
onnx,0.2000,9.9300,0.002585,0.028250
onnx,0.2000,9.9400,0.002597,0.028379
onnx,0.2000,9.9500,0.002608,0.028508
onnx,0.2000,9.9600,0.002620,0.028636
onnx,0.2000,9.9700,0.002632,0.028764
onnx,0.2000,9.9800,0.002644,0.028891
onnx,0.2000,9.9900,0.002656,0.029018
onnx,0.2000,10.0000,0.002668,0.000000
pd,-0.2000,0.0000,-0.200000,-20.000000
pd,-0.2000,0.0100,-0.198726,-19.137067
pd,-0.2000,0.0200,-0.194962,-14.196168
pd,-0.2000,0.0300,-0.189117,-10.305297
pd,-0.2000,0.0400,-0.181810,-7.254450
pd,-0.2000,0.0500,-0.173527,-4.875535
pd,-0.2000,0.0600,-0.164642,-3.033420
pd,-0.2000,0.0700,-0.155444,-1.619219
pd,-0.2000,0.0800,-0.146154,-0.545122
pd,-0.2000,0.0900,-0.136935,0.259639
pd,-0.2000,0.1000,-0.127911,0.852019
pd,-0.2000,0.1100,-0.119167,1.277755
pd,-0.2000,0.1200,-0.110764,1.573478
pd,-0.2000,0.1300,-0.102742,1.768439
pd,-0.2000,0.1400,-0.095125,1.885918
pd,-0.2000,0.1500,-0.087923,1.944378
pd,-0.2000,0.1600,-0.081139,1.958407
pd,-0.2000,0.1700,-0.074766,1.939483
pd,-0.2000,0.1800,-0.068795,1.896597
pd,-0.2000,0.1900,-0.063213,1.836754
pd,-0.2000,0.2000,-0.058003,1.765383
pd,-0.2000,0.2100,-0.053147,1.686662
pd,-0.2000,0.2200,-0.048627,1.603778
pd,-0.2000,0.2300,-0.044424,1.519142
pd,-0.2000,0.2400,-0.040519,1.434552
pd,-0.2000,0.2500,-0.036894,1.351328
pd,-0.2000,0.2600,-0.033531,1.270417
pd,-0.2000,0.2700,-0.030413,1.192477
pd,-0.2000,0.2800,-0.027523,1.117946
pd,-0.2000,0.2900,-0.024845,1.047090
pd,-0.2000,0.3000,-0.022364,0.980046
pd,-0.2000,0.3100,-0.020068,0.916856
pd,-0.2000,0.3200,-0.017941,0.857487
pd,-0.2000,0.3300,-0.015973,0.801858
pd,-0.2000,0.3400,-0.014152,0.749849
pd,-0.2000,0.3500,-0.012466,0.701314
pd,-0.2000,0.3600,-0.010906,0.656093
pd,-0.2000,0.3700,-0.009463,0.614016
pd,-0.2000,0.3800,-0.008127,0.574909
pd,-0.2000,0.3900,-0.006892,0.538596
pd,-0.2000,0.4000,-0.005748,0.504907
pd,-0.2000,0.4100,-0.004691,0.473673
pd,-0.2000,0.4200,-0.003712,0.444733
pd,-0.2000,0.4300,-0.002806,0.417933
pd,-0.2000,0.4400,-0.001968,0.393127
pd,-0.2000,0.4500,-0.001192,0.370174
pd,-0.2000,0.4600,-0.000474,0.348945
pd,-0.2000,0.4700,0.000191,0.329315
pd,-0.2000,0.4800,0.000806,0.311169
pd,-0.2000,0.4900,0.001375,0.294399
pd,-0.2000,0.5000,0.001903,0.278905
pd,-0.2000,0.5100,0.002392,0.264592
pd,-0.2000,0.5200,0.002844,0.251372
pd,-0.2000,0.5300,0.003264,0.239165
pd,-0.2000,0.5400,0.003652,0.227894
pd,-0.2000,0.5500,0.004012,0.217490
pd,-0.2000,0.5600,0.004346,0.207888
pd,-0.2000,0.5700,0.004656,0.199026
pd,-0.2000,0.5800,0.004943,0.190850
pd,-0.2000,0.5900,0.005209,0.183307
pd,-0.2000,0.6000,0.005457,0.176350
pd,-0.2000,0.6100,0.005686,0.169933
pd,-0.2000,0.6200,0.005900,0.164017
pd,-0.2000,0.6300,0.006098,0.158563
pd,-0.2000,0.6400,0.006282,0.153535
pd,-0.2000,0.6500,0.006453,0.148902
pd,-0.2000,0.6600,0.006612,0.144634
pd,-0.2000,0.6700,0.006760,0.140702
pd,-0.2000,0.6800,0.006898,0.137081
pd,-0.2000,0.6900,0.007027,0.133747
pd,-0.2000,0.7000,0.007147,0.130679
pd,-0.2000,0.7100,0.007258,0.127855
pd,-0.2000,0.7200,0.007363,0.125258
pd,-0.2000,0.7300,0.007460,0.122870
pd,-0.2000,0.7400,0.007551,0.120675
pd,-0.2000,0.7500,0.007636,0.118657
pd,-0.2000,0.7600,0.007715,0.116805
pd,-0.2000,0.7700,0.007790,0.115104
pd,-0.2000,0.7800,0.007860,0.113544
pd,-0.2000,0.7900,0.007925,0.112113
pd,-0.2000,0.8000,0.007987,0.110802
pd,-0.2000,0.8100,0.008045,0.109601
pd,-0.2000,0.8200,0.008099,0.108502
pd,-0.2000,0.8300,0.008150,0.107497
pd,-0.2000,0.8400,0.008198,0.106579
pd,-0.2000,0.8500,0.008244,0.105741
pd,-0.2000,0.8600,0.008287,0.104977
pd,-0.2000,0.8700,0.008327,0.104281
pd,-0.2000,0.8800,0.008366,0.103648
pd,-0.2000,0.8900,0.008402,0.103073
pd,-0.2000,0.9000,0.008437,0.102551
pd,-0.2000,0.9100,0.008470,0.102079
pd,-0.2000,0.9200,0.008501,0.101652
pd,-0.2000,0.9300,0.008530,0.101267
pd,-0.2000,0.9400,0.008559,0.100921
pd,-0.2000,0.9500,0.008586,0.100611
pd,-0.2000,0.9600,0.008612,0.100333
pd,-0.2000,0.9700,0.008636,0.100085
pd,-0.2000,0.9800,0.008660,0.099866
pd,-0.2000,0.9900,0.008683,0.099672
pd,-0.2000,1.0000,0.008705,0.099502
pd,-0.2000,1.0100,0.008725,0.099353
pd,-0.2000,1.0200,0.008746,0.099225
pd,-0.2000,1.0300,0.008765,0.099115
pd,-0.2000,1.0400,0.008784,0.099021
pd,-0.2000,1.0500,0.008802,0.098944
pd,-0.2000,1.0600,0.008819,0.098880
pd,-0.2000,1.0700,0.008836,0.098830
pd,-0.2000,1.0800,0.008853,0.098791
pd,-0.2000,1.0900,0.008869,0.098764
pd,-0.2000,1.1000,0.008884,0.098747
pd,-0.2000,1.1100,0.008899,0.098739
pd,-0.2000,1.1200,0.008914,0.098739
pd,-0.2000,1.1300,0.008928,0.098747
pd,-0.2000,1.1400,0.008942,0.098762
pd,-0.2000,1.1500,0.008955,0.098784
pd,-0.2000,1.1600,0.008969,0.098811
pd,-0.2000,1.1700,0.008982,0.098844
pd,-0.2000,1.1800,0.008994,0.098882
pd,-0.2000,1.1900,0.009006,0.098924
pd,-0.2000,1.2000,0.009018,0.098970
pd,-0.2000,1.2100,0.009030,0.099019
pd,-0.2000,1.2200,0.009042,0.099072
pd,-0.2000,1.2300,0.009053,0.099128
pd,-0.2000,1.2400,0.009064,0.099186
pd,-0.2000,1.2500,0.009075,0.099247
pd,-0.2000,1.2600,0.009086,0.099309
pd,-0.2000,1.2700,0.009096,0.099374
pd,-0.2000,1.2800,0.009107,0.099440
pd,-0.2000,1.2900,0.009117,0.099507
pd,-0.2000,1.3000,0.009127,0.099576
pd,-0.2000,1.3100,0.009136,0.099646
pd,-0.2000,1.3200,0.009146,0.099716
pd,-0.2000,1.3300,0.009156,0.099788
pd,-0.2000,1.3400,0.009165,0.099860
pd,-0.2000,1.3500,0.009174,0.099932
pd,-0.2000,1.3600,0.009183,0.100005
pd,-0.2000,1.3700,0.009192,0.100077
pd,-0.2000,1.3800,0.009201,0.100151
pd,-0.2000,1.3900,0.009209,0.100224
pd,-0.2000,1.4000,0.009218,0.100297
pd,-0.2000,1.4100,0.009226,0.100370
pd,-0.2000,1.4200,0.009234,0.100442
pd,-0.2000,1.4300,0.009242,0.100515
pd,-0.2000,1.4400,0.009250,0.100587
pd,-0.2000,1.4500,0.009258,0.100659
pd,-0.2000,1.4600,0.009266,0.100730
pd,-0.2000,1.4700,0.009273,0.100801
pd,-0.2000,1.4800,0.009281,0.100872
pd,-0.2000,1.4900,0.009288,0.100941
pd,-0.2000,1.5000,0.009295,0.101011
pd,-0.2000,1.5100,0.009303,0.101079
pd,-0.2000,1.5200,0.009310,0.101147
pd,-0.2000,1.5300,0.009317,0.101215
pd,-0.2000,1.5400,0.009323,0.101281
pd,-0.2000,1.5500,0.009330,0.101347
pd,-0.2000,1.5600,0.009337,0.101412
pd,-0.2000,1.5700,0.009343,0.101476
pd,-0.2000,1.5800,0.009349,0.101540
pd,-0.2000,1.5900,0.009356,0.101602
pd,-0.2000,1.6000,0.009362,0.101664
pd,-0.2000,1.6100,0.009368,0.101725
pd,-0.2000,1.6200,0.009374,0.101785
pd,-0.2000,1.6300,0.009380,0.101844
pd,-0.2000,1.6400,0.009386,0.101902
pd,-0.2000,1.6500,0.009391,0.101959
pd,-0.2000,1.6600,0.009397,0.102016
pd,-0.2000,1.6700,0.009402,0.102071
pd,-0.2000,1.6800,0.009408,0.102126
pd,-0.2000,1.6900,0.009413,0.102180
pd,-0.2000,1.7000,0.009418,0.102232
pd,-0.2000,1.7100,0.009423,0.102284
pd,-0.2000,1.7200,0.009428,0.102335
pd,-0.2000,1.7300,0.009433,0.102385
pd,-0.2000,1.7400,0.009438,0.102433
pd,-0.2000,1.7500,0.009442,0.102481
pd,-0.2000,1.7600,0.009447,0.102528
pd,-0.2000,1.7700,0.009451,0.102574
pd,-0.2000,1.7800,0.009456,0.102619
pd,-0.2000,1.7900,0.009460,0.102663
pd,-0.2000,1.8000,0.009464,0.102706
pd,-0.2000,1.8100,0.009468,0.102748
pd,-0.2000,1.8200,0.009472,0.102789
pd,-0.2000,1.8300,0.009476,0.102829
pd,-0.2000,1.8400,0.009480,0.102868
pd,-0.2000,1.8500,0.009484,0.102906
pd,-0.2000,1.8600,0.009487,0.102943
pd,-0.2000,1.8700,0.009491,0.102979
pd,-0.2000,1.8800,0.009494,0.103014
pd,-0.2000,1.8900,0.009497,0.103048
pd,-0.2000,1.9000,0.009501,0.103081
pd,-0.2000,1.9100,0.009504,0.103113
pd,-0.2000,1.9200,0.009507,0.103144
pd,-0.2000,1.9300,0.009510,0.103174
pd,-0.2000,1.9400,0.009513,0.103203
pd,-0.2000,1.9500,0.009515,0.103231
pd,-0.2000,1.9600,0.009518,0.103258
pd,-0.2000,1.9700,0.009521,0.103284
pd,-0.2000,1.9800,0.009523,0.103309
pd,-0.2000,1.9900,0.009525,0.103333
pd,-0.2000,2.0000,0.009528,0.103356
pd,-0.2000,2.0100,0.009530,0.103379
pd,-0.2000,2.0200,0.009532,0.103400
pd,-0.2000,2.0300,0.009534,0.103420
pd,-0.2000,2.0400,0.009536,0.103439
pd,-0.2000,2.0500,0.009538,0.103457
pd,-0.2000,2.0600,0.009539,0.103474
pd,-0.2000,2.0700,0.009541,0.103490
pd,-0.2000,2.0800,0.009543,0.103505
pd,-0.2000,2.0900,0.009544,0.103520
pd,-0.2000,2.1000,0.009545,0.103533
pd,-0.2000,2.1100,0.009547,0.103545
pd,-0.2000,2.1200,0.009548,0.103556
pd,-0.2000,2.1300,0.009549,0.103567
pd,-0.2000,2.1400,0.009550,0.103576
pd,-0.2000,2.1500,0.009551,0.103584
pd,-0.2000,2.1600,0.009552,0.103592
pd,-0.2000,2.1700,0.009553,0.103598
pd,-0.2000,2.1800,0.009553,0.103603
pd,-0.2000,2.1900,0.009554,0.103608
pd,-0.2000,2.2000,0.009554,0.103611
pd,-0.2000,2.2100,0.009555,0.103614
pd,-0.2000,2.2200,0.009555,0.103615
pd,-0.2000,2.2300,0.009555,0.103616
pd,-0.2000,2.2400,0.009555,0.103615
pd,-0.2000,2.2500,0.009555,0.103614
pd,-0.2000,2.2600,0.009555,0.103612
pd,-0.2000,2.2700,0.009555,0.103608
pd,-0.2000,2.2800,0.009555,0.103604
pd,-0.2000,2.2900,0.009554,0.103599
pd,-0.2000,2.3000,0.009554,0.103593
pd,-0.2000,2.3100,0.009553,0.103586
pd,-0.2000,2.3200,0.009553,0.103578
pd,-0.2000,2.3300,0.009552,0.103569
pd,-0.2000,2.3400,0.009551,0.103559
pd,-0.2000,2.3500,0.009550,0.103548
pd,-0.2000,2.3600,0.009549,0.103536
pd,-0.2000,2.3700,0.009548,0.103523
pd,-0.2000,2.3800,0.009547,0.103509
pd,-0.2000,2.3900,0.009546,0.103495
pd,-0.2000,2.4000,0.009545,0.103479
pd,-0.2000,2.4100,0.009543,0.103463
pd,-0.2000,2.4200,0.009542,0.103445
pd,-0.2000,2.4300,0.009540,0.103427
pd,-0.2000,2.4400,0.009539,0.103407
pd,-0.2000,2.4500,0.009537,0.103387
pd,-0.2000,2.4600,0.009535,0.103366
pd,-0.2000,2.4700,0.009533,0.103344
pd,-0.2000,2.4800,0.009531,0.103321
pd,-0.2000,2.4900,0.009529,0.103297
pd,-0.2000,2.5000,0.009527,0.103272
pd,-0.2000,2.5100,0.009525,0.103246
pd,-0.2000,2.5200,0.009522,0.103220
pd,-0.2000,2.5300,0.009520,0.103192
pd,-0.2000,2.5400,0.009518,0.103163
pd,-0.2000,2.5500,0.009515,0.103134
pd,-0.2000,2.5600,0.009512,0.103104
pd,-0.2000,2.5700,0.009510,0.103072
pd,-0.2000,2.5800,0.009507,0.103040
pd,-0.2000,2.5900,0.009504,0.103007
pd,-0.2000,2.6000,0.009501,0.102973
pd,-0.2000,2.6100,0.009498,0.102938
pd,-0.2000,2.6200,0.009495,0.102903
pd,-0.2000,2.6300,0.009491,0.102866
pd,-0.2000,2.6400,0.009488,0.102828
pd,-0.2000,2.6500,0.009485,0.102790
pd,-0.2000,2.6600,0.009481,0.102751
pd,-0.2000,2.6700,0.009477,0.102710
pd,-0.2000,2.6800,0.009474,0.102669
pd,-0.2000,2.6900,0.009470,0.102627
pd,-0.2000,2.7000,0.009466,0.102584
pd,-0.2000,2.7100,0.009462,0.102541
pd,-0.2000,2.7200,0.009458,0.102496
pd,-0.2000,2.7300,0.009454,0.102451
pd,-0.2000,2.7400,0.009450,0.102404
pd,-0.2000,2.7500,0.009446,0.102357
pd,-0.2000,2.7600,0.009442,0.102309
pd,-0.2000,2.7700,0.009437,0.102260
pd,-0.2000,2.7800,0.009433,0.102210
pd,-0.2000,2.7900,0.009428,0.102159
pd,-0.2000,2.8000,0.009424,0.102108
pd,-0.2000,2.8100,0.009419,0.102055
pd,-0.2000,2.8200,0.009414,0.102002
pd,-0.2000,2.8300,0.009409,0.101948
pd,-0.2000,2.8400,0.009404,0.101893
pd,-0.2000,2.8500,0.009399,0.101837
pd,-0.2000,2.8600,0.009394,0.101780
pd,-0.2000,2.8700,0.009389,0.101722
pd,-0.2000,2.8800,0.009384,0.101664
pd,-0.2000,2.8900,0.009378,0.101605
pd,-0.2000,2.9000,0.009373,0.101545
pd,-0.2000,2.9100,0.009367,0.101484
pd,-0.2000,2.9200,0.009362,0.101422
pd,-0.2000,2.9300,0.009356,0.101359
pd,-0.2000,2.9400,0.009350,0.101296
pd,-0.2000,2.9500,0.009345,0.101231
pd,-0.2000,2.9600,0.009339,0.101166
pd,-0.2000,2.9700,0.009333,0.101100
pd,-0.2000,2.9800,0.009327,0.101033
pd,-0.2000,2.9900,0.009321,0.100966
pd,-0.2000,3.0000,0.009314,0.100897
pd,-0.2000,3.0100,0.009308,0.100828
pd,-0.2000,3.0200,0.009302,0.100758
pd,-0.2000,3.0300,0.009295,0.100687
pd,-0.2000,3.0400,0.009289,0.100615
pd,-0.2000,3.0500,0.009282,0.100543
pd,-0.2000,3.0600,0.009276,0.100469
pd,-0.2000,3.0700,0.009269,0.100395
pd,-0.2000,3.0800,0.009262,0.100320
pd,-0.2000,3.0900,0.009255,0.100245
pd,-0.2000,3.1000,0.009248,0.100168
pd,-0.2000,3.1100,0.009241,0.100091
pd,-0.2000,3.1200,0.009234,0.100012
pd,-0.2000,3.1300,0.009227,0.099933
pd,-0.2000,3.1400,0.009220,0.099854
pd,-0.2000,3.1500,0.009212,0.099773
pd,-0.2000,3.1600,0.009205,0.099692
pd,-0.2000,3.1700,0.009198,0.099610
pd,-0.2000,3.1800,0.009190,0.099527
pd,-0.2000,3.1900,0.009182,0.099443
pd,-0.2000,3.2000,0.009175,0.099358
pd,-0.2000,3.2100,0.009167,0.099273
pd,-0.2000,3.2200,0.009159,0.099187
pd,-0.2000,3.2300,0.009151,0.099100
pd,-0.2000,3.2400,0.009143,0.099013
pd,-0.2000,3.2500,0.009135,0.098924
pd,-0.2000,3.2600,0.009127,0.098835
pd,-0.2000,3.2700,0.009119,0.098745
pd,-0.2000,3.2800,0.009111,0.098655
pd,-0.2000,3.2900,0.009102,0.098563
pd,-0.2000,3.3000,0.009094,0.098471
pd,-0.2000,3.3100,0.009086,0.098378
pd,-0.2000,3.3200,0.009077,0.098284
pd,-0.2000,3.3300,0.009068,0.098190
pd,-0.2000,3.3400,0.009060,0.098095
pd,-0.2000,3.3500,0.009051,0.097999
pd,-0.2000,3.3600,0.009042,0.097902
pd,-0.2000,3.3700,0.009033,0.097804
pd,-0.2000,3.3800,0.009024,0.097706
pd,-0.2000,3.3900,0.009015,0.097607
pd,-0.2000,3.4000,0.009006,0.097507
pd,-0.2000,3.4100,0.008997,0.097407
pd,-0.2000,3.4200,0.008988,0.097306
pd,-0.2000,3.4300,0.008979,0.097204
pd,-0.2000,3.4400,0.008969,0.097101
pd,-0.2000,3.4500,0.008960,0.096998
pd,-0.2000,3.4600,0.008950,0.096894
pd,-0.2000,3.4700,0.008941,0.096789
pd,-0.2000,3.4800,0.008931,0.096684
pd,-0.2000,3.4900,0.008921,0.096577
pd,-0.2000,3.5000,0.008912,0.096470
pd,-0.2000,3.5100,0.008902,0.096363
pd,-0.2000,3.5200,0.008892,0.096254
pd,-0.2000,3.5300,0.008882,0.096145
pd,-0.2000,3.5400,0.008872,0.096035
pd,-0.2000,3.5500,0.008862,0.095925
pd,-0.2000,3.5600,0.008852,0.095814
pd,-0.2000,3.5700,0.008842,0.095702
pd,-0.2000,3.5800,0.008831,0.095589
pd,-0.2000,3.5900,0.008821,0.095476
pd,-0.2000,3.6000,0.008811,0.095362
pd,-0.2000,3.6100,0.008800,0.095247
pd,-0.2000,3.6200,0.008789,0.095132
pd,-0.2000,3.6300,0.008779,0.095015
pd,-0.2000,3.6400,0.008768,0.094899
pd,-0.2000,3.6500,0.008757,0.094781
pd,-0.2000,3.6600,0.008747,0.094663
pd,-0.2000,3.6700,0.008736,0.094544
pd,-0.2000,3.6800,0.008725,0.094425
pd,-0.2000,3.6900,0.008714,0.094305
pd,-0.2000,3.7000,0.008703,0.094184
pd,-0.2000,3.7100,0.008692,0.094062
pd,-0.2000,3.7200,0.008681,0.093940
pd,-0.2000,3.7300,0.008669,0.093817
pd,-0.2000,3.7400,0.008658,0.093694
pd,-0.2000,3.7500,0.008647,0.093569
pd,-0.2000,3.7600,0.008635,0.093445
pd,-0.2000,3.7700,0.008624,0.093319
pd,-0.2000,3.7800,0.008612,0.093193
pd,-0.2000,3.7900,0.008601,0.093066
pd,-0.2000,3.8000,0.008589,0.092939
pd,-0.2000,3.8100,0.008577,0.092811
pd,-0.2000,3.8200,0.008566,0.092682
pd,-0.2000,3.8300,0.008554,0.092552
pd,-0.2000,3.8400,0.008542,0.092422
pd,-0.2000,3.8500,0.008530,0.092292
pd,-0.2000,3.8600,0.008518,0.092160
pd,-0.2000,3.8700,0.008506,0.092029
pd,-0.2000,3.8800,0.008494,0.091896
pd,-0.2000,3.8900,0.008481,0.091763
pd,-0.2000,3.9000,0.008469,0.091629
pd,-0.2000,3.9100,0.008457,0.091494
pd,-0.2000,3.9200,0.008445,0.091359
pd,-0.2000,3.9300,0.008432,0.091224
pd,-0.2000,3.9400,0.008420,0.091087
pd,-0.2000,3.9500,0.008407,0.090950
pd,-0.2000,3.9600,0.008394,0.090813
pd,-0.2000,3.9700,0.008382,0.090675
pd,-0.2000,3.9800,0.008369,0.090536
pd,-0.2000,3.9900,0.008356,0.090397
pd,-0.2000,4.0000,0.008344,0.090257
pd,-0.2000,4.0100,0.008331,0.090116
pd,-0.2000,4.0200,0.008318,0.089975
pd,-0.2000,4.0300,0.008305,0.089833
pd,-0.2000,4.0400,0.008292,0.089691
pd,-0.2000,4.0500,0.008279,0.089548
pd,-0.2000,4.0600,0.008265,0.089404
pd,-0.2000,4.0700,0.008252,0.089260
pd,-0.2000,4.0800,0.008239,0.089115
pd,-0.2000,4.0900,0.008226,0.088970
pd,-0.2000,4.1000,0.008212,0.088824
pd,-0.2000,4.1100,0.008199,0.088678
pd,-0.2000,4.1200,0.008185,0.088531
pd,-0.2000,4.1300,0.008172,0.088383
pd,-0.2000,4.1400,0.008158,0.088235
pd,-0.2000,4.1500,0.008145,0.088086
pd,-0.2000,4.1600,0.008131,0.087937
pd,-0.2000,4.1700,0.008117,0.087787
pd,-0.2000,4.1800,0.008103,0.087637
pd,-0.2000,4.1900,0.008090,0.087486
pd,-0.2000,4.2000,0.008076,0.087334
pd,-0.2000,4.2100,0.008062,0.087182
pd,-0.2000,4.2200,0.008048,0.087029
pd,-0.2000,4.2300,0.008034,0.086876
pd,-0.2000,4.2400,0.008020,0.086722
pd,-0.2000,4.2500,0.008005,0.086568
pd,-0.2000,4.2600,0.007991,0.086413
pd,-0.2000,4.2700,0.007977,0.086258
pd,-0.2000,4.2800,0.007963,0.086102
pd,-0.2000,4.2900,0.007948,0.085945
pd,-0.2000,4.3000,0.007934,0.085788
pd,-0.2000,4.3100,0.007920,0.085631
pd,-0.2000,4.3200,0.007905,0.085473
pd,-0.2000,4.3300,0.007890,0.085314
pd,-0.2000,4.3400,0.007876,0.085155
pd,-0.2000,4.3500,0.007861,0.084995
pd,-0.2000,4.3600,0.007847,0.084835
pd,-0.2000,4.3700,0.007832,0.084675
pd,-0.2000,4.3800,0.007817,0.084513
pd,-0.2000,4.3900,0.007802,0.084352
pd,-0.2000,4.4000,0.007787,0.084189
pd,-0.2000,4.4100,0.007772,0.084027
pd,-0.2000,4.4200,0.007757,0.083864
pd,-0.2000,4.4300,0.007742,0.083700
pd,-0.2000,4.4400,0.007727,0.083536
pd,-0.2000,4.4500,0.007712,0.083371
pd,-0.2000,4.4600,0.007697,0.083206
pd,-0.2000,4.4700,0.007682,0.083040
pd,-0.2000,4.4800,0.007667,0.082874
pd,-0.2000,4.4900,0.007651,0.082707
pd,-0.2000,4.5000,0.007636,0.082540
pd,-0.2000,4.5100,0.007620,0.082372
pd,-0.2000,4.5200,0.007605,0.082204
pd,-0.2000,4.5300,0.007590,0.082036
pd,-0.2000,4.5400,0.007574,0.081866
pd,-0.2000,4.5500,0.007558,0.081697
pd,-0.2000,4.5600,0.007543,0.081527
pd,-0.2000,4.5700,0.007527,0.081356
pd,-0.2000,4.5800,0.007512,0.081185
pd,-0.2000,4.5900,0.007496,0.081014
pd,-0.2000,4.6000,0.007480,0.080842
pd,-0.2000,4.6100,0.007464,0.080670
pd,-0.2000,4.6200,0.007448,0.080497
pd,-0.2000,4.6300,0.007432,0.080324
pd,-0.2000,4.6400,0.007416,0.080150
pd,-0.2000,4.6500,0.007400,0.079976
pd,-0.2000,4.6600,0.007384,0.079801
pd,-0.2000,4.6700,0.007368,0.079626
pd,-0.2000,4.6800,0.007352,0.079450
pd,-0.2000,4.6900,0.007336,0.079274
pd,-0.2000,4.7000,0.007320,0.079098
pd,-0.2000,4.7100,0.007304,0.078921
pd,-0.2000,4.7200,0.007287,0.078744
pd,-0.2000,4.7300,0.007271,0.078566
pd,-0.2000,4.7400,0.007255,0.078388
pd,-0.2000,4.7500,0.007238,0.078210
pd,-0.2000,4.7600,0.007222,0.078031
pd,-0.2000,4.7700,0.007205,0.077851
pd,-0.2000,4.7800,0.007189,0.077671
pd,-0.2000,4.7900,0.007172,0.077491
pd,-0.2000,4.8000,0.007156,0.077311
pd,-0.2000,4.8100,0.007139,0.077130
pd,-0.2000,4.8200,0.007122,0.076948
pd,-0.2000,4.8300,0.007106,0.076766
pd,-0.2000,4.8400,0.007089,0.076584
pd,-0.2000,4.8500,0.007072,0.076401
pd,-0.2000,4.8600,0.007055,0.076218
pd,-0.2000,4.8700,0.007038,0.076035
pd,-0.2000,4.8800,0.007021,0.075851
pd,-0.2000,4.8900,0.007005,0.075666
pd,-0.2000,4.9000,0.006988,0.075482
pd,-0.2000,4.9100,0.006971,0.075297
pd,-0.2000,4.9200,0.006954,0.075111
pd,-0.2000,4.9300,0.006936,0.074926
pd,-0.2000,4.9400,0.006919,0.074739
pd,-0.2000,4.9500,0.006902,0.074553
pd,-0.2000,4.9600,0.006885,0.074366
pd,-0.2000,4.9700,0.006868,0.074178
pd,-0.2000,4.9800,0.006850,0.073991
pd,-0.2000,4.9900,0.006833,0.073803
pd,-0.2000,5.0000,0.006816,0.073614
pd,-0.2000,5.0100,0.006799,0.073425
pd,-0.2000,5.0200,0.006781,0.073236
pd,-0.2000,5.0300,0.006764,0.073047
pd,-0.2000,5.0400,0.006746,0.072857
pd,-0.2000,5.0500,0.006729,0.072667
pd,-0.2000,5.0600,0.006711,0.072476
pd,-0.2000,5.0700,0.006694,0.072285
pd,-0.2000,5.0800,0.006676,0.072094
pd,-0.2000,5.0900,0.006658,0.071902
pd,-0.2000,5.1000,0.006641,0.071710
pd,-0.2000,5.1100,0.006623,0.071518
pd,-0.2000,5.1200,0.006605,0.071325
pd,-0.2000,5.1300,0.006588,0.071132
pd,-0.2000,5.1400,0.006570,0.070939
pd,-0.2000,5.1500,0.006552,0.070745
pd,-0.2000,5.1600,0.006534,0.070551
pd,-0.2000,5.1700,0.006516,0.070357
pd,-0.2000,5.1800,0.006498,0.070162
pd,-0.2000,5.1900,0.006481,0.069967
pd,-0.2000,5.2000,0.006463,0.069772
pd,-0.2000,5.2100,0.006445,0.069576
pd,-0.2000,5.2200,0.006427,0.069381
pd,-0.2000,5.2300,0.006409,0.069184
pd,-0.2000,5.2400,0.006390,0.068988
pd,-0.2000,5.2500,0.006372,0.068791
pd,-0.2000,5.2600,0.006354,0.068594
pd,-0.2000,5.2700,0.006336,0.068396
pd,-0.2000,5.2800,0.006318,0.068199
pd,-0.2000,5.2900,0.006300,0.068001
pd,-0.2000,5.3000,0.006281,0.067802
pd,-0.2000,5.3100,0.006263,0.067604
pd,-0.2000,5.3200,0.006245,0.067405
pd,-0.2000,5.3300,0.006226,0.067205
pd,-0.2000,5.3400,0.006208,0.067006
pd,-0.2000,5.3500,0.006190,0.066806
pd,-0.2000,5.3600,0.006171,0.066606
pd,-0.2000,5.3700,0.006153,0.066406
pd,-0.2000,5.3800,0.006134,0.066205
pd,-0.2000,5.3900,0.006116,0.066004
pd,-0.2000,5.4000,0.006097,0.065803
pd,-0.2000,5.4100,0.006079,0.065601
pd,-0.2000,5.4200,0.006060,0.065400
pd,-0.2000,5.4300,0.006042,0.065198
pd,-0.2000,5.4400,0.006023,0.064996
pd,-0.2000,5.4500,0.006004,0.064793
pd,-0.2000,5.4600,0.005986,0.064590
pd,-0.2000,5.4700,0.005967,0.064387
pd,-0.2000,5.4800,0.005948,0.064184
pd,-0.2000,5.4900,0.005930,0.063980
pd,-0.2000,5.5000,0.005911,0.063777
pd,-0.2000,5.5100,0.005892,0.063573
pd,-0.2000,5.5200,0.005873,0.063368
pd,-0.2000,5.5300,0.005855,0.063164
pd,-0.2000,5.5400,0.005836,0.062959
pd,-0.2000,5.5500,0.005817,0.062754
pd,-0.2000,5.5600,0.005798,0.062549
pd,-0.2000,5.5700,0.005779,0.062343
pd,-0.2000,5.5800,0.005760,0.062138
pd,-0.2000,5.5900,0.005741,0.061932
pd,-0.2000,5.6000,0.005722,0.061726
pd,-0.2000,5.6100,0.005703,0.061519
pd,-0.2000,5.6200,0.005684,0.061313
pd,-0.2000,5.6300,0.005665,0.061106
pd,-0.2000,5.6400,0.005646,0.060899
pd,-0.2000,5.6500,0.005627,0.060692
pd,-0.2000,5.6600,0.005608,0.060484
pd,-0.2000,5.6700,0.005589,0.060276
pd,-0.2000,5.6800,0.005570,0.060069
pd,-0.2000,5.6900,0.005550,0.059860
pd,-0.2000,5.7000,0.005531,0.059652
pd,-0.2000,5.7100,0.005512,0.059444
pd,-0.2000,5.7200,0.005493,0.059235
pd,-0.2000,5.7300,0.005474,0.059026
pd,-0.2000,5.7400,0.005454,0.058817
pd,-0.2000,5.7500,0.005435,0.058608
pd,-0.2000,5.7600,0.005416,0.058398
pd,-0.2000,5.7700,0.005396,0.058189
pd,-0.2000,5.7800,0.005377,0.057979
pd,-0.2000,5.7900,0.005358,0.057769
pd,-0.2000,5.8000,0.005338,0.057559
pd,-0.2000,5.8100,0.005319,0.057348
pd,-0.2000,5.8200,0.005300,0.057138
pd,-0.2000,5.8300,0.005280,0.056927
pd,-0.2000,5.8400,0.005261,0.056716
pd,-0.2000,5.8500,0.005241,0.056505
pd,-0.2000,5.8600,0.005222,0.056294
pd,-0.2000,5.8700,0.005202,0.056082
pd,-0.2000,5.8800,0.005183,0.055871
pd,-0.2000,5.8900,0.005163,0.055659
pd,-0.2000,5.9000,0.005144,0.055447
pd,-0.2000,5.9100,0.005124,0.055235
pd,-0.2000,5.9200,0.005105,0.055023
pd,-0.2000,5.9300,0.005085,0.054811
pd,-0.2000,5.9400,0.005066,0.054598
pd,-0.2000,5.9500,0.005046,0.054386
pd,-0.2000,5.9600,0.005027,0.054173
pd,-0.2000,5.9700,0.005007,0.053960
pd,-0.2000,5.9800,0.004987,0.053747
pd,-0.2000,5.9900,0.004968,0.053534
pd,-0.2000,6.0000,0.004948,0.053320
pd,-0.2000,6.0100,0.004928,0.053107
pd,-0.2000,6.0200,0.004909,0.052893
pd,-0.2000,6.0300,0.004889,0.052679
pd,-0.2000,6.0400,0.004869,0.052466
pd,-0.2000,6.0500,0.004850,0.052252
pd,-0.2000,6.0600,0.004830,0.052037
pd,-0.2000,6.0700,0.004810,0.051823
pd,-0.2000,6.0800,0.004790,0.051609
pd,-0.2000,6.0900,0.004771,0.051394
pd,-0.2000,6.1000,0.004751,0.051180
pd,-0.2000,6.1100,0.004731,0.050965
pd,-0.2000,6.1200,0.004711,0.050750
pd,-0.2000,6.1300,0.004691,0.050535
pd,-0.2000,6.1400,0.004672,0.050320
pd,-0.2000,6.1500,0.004652,0.050105
pd,-0.2000,6.1600,0.004632,0.049890
pd,-0.2000,6.1700,0.004612,0.049675
pd,-0.2000,6.1800,0.004592,0.049459
pd,-0.2000,6.1900,0.004572,0.049244
pd,-0.2000,6.2000,0.004553,0.049028
pd,-0.2000,6.2100,0.004533,0.048813
pd,-0.2000,6.2200,0.004513,0.048597
pd,-0.2000,6.2300,0.004493,0.048381
pd,-0.2000,6.2400,0.004473,0.048165
pd,-0.2000,6.2500,0.004453,0.047949
pd,-0.2000,6.2600,0.004433,0.047733
pd,-0.2000,6.2700,0.004413,0.047517
pd,-0.2000,6.2800,0.004393,0.047300
pd,-0.2000,6.2900,0.004373,0.047084
pd,-0.2000,6.3000,0.004353,0.046868
pd,-0.2000,6.3100,0.004334,0.046651
pd,-0.2000,6.3200,0.004314,0.046435
pd,-0.2000,6.3300,0.004294,0.046218
pd,-0.2000,6.3400,0.004274,0.046001
pd,-0.2000,6.3500,0.004254,0.045785
pd,-0.2000,6.3600,0.004234,0.045568
pd,-0.2000,6.3700,0.004214,0.045351
pd,-0.2000,6.3800,0.004194,0.045134
pd,-0.2000,6.3900,0.004174,0.044917
pd,-0.2000,6.4000,0.004154,0.044700
pd,-0.2000,6.4100,0.004134,0.044483
pd,-0.2000,6.4200,0.004114,0.044266
pd,-0.2000,6.4300,0.004094,0.044049
pd,-0.2000,6.4400,0.004074,0.043832
pd,-0.2000,6.4500,0.004054,0.043615
pd,-0.2000,6.4600,0.004034,0.043397
pd,-0.2000,6.4700,0.004014,0.043180
pd,-0.2000,6.4800,0.003993,0.042963
pd,-0.2000,6.4900,0.003973,0.042745
pd,-0.2000,6.5000,0.003953,0.042528
pd,-0.2000,6.5100,0.003933,0.042311
pd,-0.2000,6.5200,0.003913,0.042093
pd,-0.2000,6.5300,0.003893,0.041876
pd,-0.2000,6.5400,0.003873,0.041658
pd,-0.2000,6.5500,0.003853,0.041441
pd,-0.2000,6.5600,0.003833,0.041223
pd,-0.2000,6.5700,0.003813,0.041006
pd,-0.2000,6.5800,0.003793,0.040788
pd,-0.2000,6.5900,0.003773,0.040571
pd,-0.2000,6.6000,0.003753,0.040353
pd,-0.2000,6.6100,0.003733,0.040136
pd,-0.2000,6.6200,0.003713,0.039918
pd,-0.2000,6.6300,0.003693,0.039701
pd,-0.2000,6.6400,0.003673,0.039483
pd,-0.2000,6.6500,0.003653,0.039265
pd,-0.2000,6.6600,0.003632,0.039048
pd,-0.2000,6.6700,0.003612,0.038830
pd,-0.2000,6.6800,0.003592,0.038613
pd,-0.2000,6.6900,0.003572,0.038395
pd,-0.2000,6.7000,0.003552,0.038178
pd,-0.2000,6.7100,0.003532,0.037960
pd,-0.2000,6.7200,0.003512,0.037743
pd,-0.2000,6.7300,0.003492,0.037525
pd,-0.2000,6.7400,0.003472,0.037308
pd,-0.2000,6.7500,0.003452,0.037090
pd,-0.2000,6.7600,0.003432,0.036873
pd,-0.2000,6.7700,0.003412,0.036656
pd,-0.2000,6.7800,0.003392,0.036438
pd,-0.2000,6.7900,0.003372,0.036221
pd,-0.2000,6.8000,0.003352,0.036004
pd,-0.2000,6.8100,0.003332,0.035786
pd,-0.2000,6.8200,0.003312,0.035569
pd,-0.2000,6.8300,0.003292,0.035352
pd,-0.2000,6.8400,0.003272,0.035135
pd,-0.2000,6.8500,0.003252,0.034918
pd,-0.2000,6.8600,0.003232,0.034701
pd,-0.2000,6.8700,0.003212,0.034484
pd,-0.2000,6.8800,0.003191,0.034267
pd,-0.2000,6.8900,0.003171,0.034050
pd,-0.2000,6.9000,0.003151,0.033833
pd,-0.2000,6.9100,0.003131,0.033616
pd,-0.2000,6.9200,0.003111,0.033399
pd,-0.2000,6.9300,0.003091,0.033183
pd,-0.2000,6.9400,0.003072,0.032966
pd,-0.2000,6.9500,0.003052,0.032750
pd,-0.2000,6.9600,0.003032,0.032533
pd,-0.2000,6.9700,0.003012,0.032317
pd,-0.2000,6.9800,0.002992,0.032100
pd,-0.2000,6.9900,0.002972,0.031884
pd,-0.2000,7.0000,0.002952,0.031668
pd,-0.2000,7.0100,0.002932,0.031451
pd,-0.2000,7.0200,0.002912,0.031235
pd,-0.2000,7.0300,0.002892,0.031019
pd,-0.2000,7.0400,0.002872,0.030803
pd,-0.2000,7.0500,0.002852,0.030588
pd,-0.2000,7.0600,0.002832,0.030372
pd,-0.2000,7.0700,0.002812,0.030156
pd,-0.2000,7.0800,0.002792,0.029940
pd,-0.2000,7.0900,0.002772,0.029725
pd,-0.2000,7.1000,0.002753,0.029509
pd,-0.2000,7.1100,0.002733,0.029294
pd,-0.2000,7.1200,0.002713,0.029079
pd,-0.2000,7.1300,0.002693,0.028864
pd,-0.2000,7.1400,0.002673,0.028649
pd,-0.2000,7.1500,0.002653,0.028434
pd,-0.2000,7.1600,0.002633,0.028219
pd,-0.2000,7.1700,0.002614,0.028004
pd,-0.2000,7.1800,0.002594,0.027789
pd,-0.2000,7.1900,0.002574,0.027575
pd,-0.2000,7.2000,0.002554,0.027360
pd,-0.2000,7.2100,0.002534,0.027146
pd,-0.2000,7.2200,0.002515,0.026932
pd,-0.2000,7.2300,0.002495,0.026718
pd,-0.2000,7.2400,0.002475,0.026504
pd,-0.2000,7.2500,0.002455,0.026290
pd,-0.2000,7.2600,0.002436,0.026076
pd,-0.2000,7.2700,0.002416,0.025863
pd,-0.2000,7.2800,0.002396,0.025649
pd,-0.2000,7.2900,0.002377,0.025436
pd,-0.2000,7.3000,0.002357,0.025222
pd,-0.2000,7.3100,0.002337,0.025009
pd,-0.2000,7.3200,0.002318,0.024796
pd,-0.2000,7.3300,0.002298,0.024583
pd,-0.2000,7.3400,0.002278,0.024371
pd,-0.2000,7.3500,0.002259,0.024158
pd,-0.2000,7.3600,0.002239,0.023946
pd,-0.2000,7.3700,0.002219,0.023733
pd,-0.2000,7.3800,0.002200,0.023521
pd,-0.2000,7.3900,0.002180,0.023309
pd,-0.2000,7.4000,0.002161,0.023097
pd,-0.2000,7.4100,0.002141,0.022885
pd,-0.2000,7.4200,0.002122,0.022674
pd,-0.2000,7.4300,0.002102,0.022462
pd,-0.2000,7.4400,0.002083,0.022251
pd,-0.2000,7.4500,0.002063,0.022040
pd,-0.2000,7.4600,0.002044,0.021829
pd,-0.2000,7.4700,0.002024,0.021618
pd,-0.2000,7.4800,0.002005,0.021407
pd,-0.2000,7.4900,0.001985,0.021196
pd,-0.2000,7.5000,0.001966,0.020986
pd,-0.2000,7.5100,0.001946,0.020776
pd,-0.2000,7.5200,0.001927,0.020566
pd,-0.2000,7.5300,0.001908,0.020356
pd,-0.2000,7.5400,0.001888,0.020146
pd,-0.2000,7.5500,0.001869,0.019937
pd,-0.2000,7.5600,0.001850,0.019727
pd,-0.2000,7.5700,0.001830,0.019518
pd,-0.2000,7.5800,0.001811,0.019309
pd,-0.2000,7.5900,0.001792,0.019100
pd,-0.2000,7.6000,0.001772,0.018891
pd,-0.2000,7.6100,0.001753,0.018683
pd,-0.2000,7.6200,0.001734,0.018474
pd,-0.2000,7.6300,0.001715,0.018266
pd,-0.2000,7.6400,0.001695,0.018058
pd,-0.2000,7.6500,0.001676,0.017851
pd,-0.2000,7.6600,0.001657,0.017643
pd,-0.2000,7.6700,0.001638,0.017436
pd,-0.2000,7.6800,0.001619,0.017228
pd,-0.2000,7.6900,0.001600,0.017021
pd,-0.2000,7.7000,0.001581,0.016814
pd,-0.2000,7.7100,0.001562,0.016608
pd,-0.2000,7.7200,0.001542,0.016401
pd,-0.2000,7.7300,0.001523,0.016195
pd,-0.2000,7.7400,0.001504,0.015989
pd,-0.2000,7.7500,0.001485,0.015783
pd,-0.2000,7.7600,0.001466,0.015578
pd,-0.2000,7.7700,0.001447,0.015372
pd,-0.2000,7.7800,0.001428,0.015167
pd,-0.2000,7.7900,0.001409,0.014962
pd,-0.2000,7.8000,0.001391,0.014757
pd,-0.2000,7.8100,0.001372,0.014552
pd,-0.2000,7.8200,0.001353,0.014348
pd,-0.2000,7.8300,0.001334,0.014144
pd,-0.2000,7.8400,0.001315,0.013940
pd,-0.2000,7.8500,0.001296,0.013736
pd,-0.2000,7.8600,0.001277,0.013532
pd,-0.2000,7.8700,0.001259,0.013329
pd,-0.2000,7.8800,0.001240,0.013126
pd,-0.2000,7.8900,0.001221,0.012923
pd,-0.2000,7.9000,0.001202,0.012721
pd,-0.2000,7.9100,0.001184,0.012518
pd,-0.2000,7.9200,0.001165,0.012316
pd,-0.2000,7.9300,0.001146,0.012114
pd,-0.2000,7.9400,0.001128,0.011912
pd,-0.2000,7.9500,0.001109,0.011711
pd,-0.2000,7.9600,0.001091,0.011509
pd,-0.2000,7.9700,0.001072,0.011308
pd,-0.2000,7.9800,0.001053,0.011107
pd,-0.2000,7.9900,0.001035,0.010907
pd,-0.2000,8.0000,0.001016,0.010707
pd,-0.2000,8.0100,0.000998,0.010506
pd,-0.2000,8.0200,0.000979,0.010307
pd,-0.2000,8.0300,0.000961,0.010107
pd,-0.2000,8.0400,0.000943,0.009908
pd,-0.2000,8.0500,0.000924,0.009709
pd,-0.2000,8.0600,0.000906,0.009510
pd,-0.2000,8.0700,0.000887,0.009311
pd,-0.2000,8.0800,0.000869,0.009113
pd,-0.2000,8.0900,0.000851,0.008915
pd,-0.2000,8.1000,0.000833,0.008717
pd,-0.2000,8.1100,0.000814,0.008519
pd,-0.2000,8.1200,0.000796,0.008322
pd,-0.2000,8.1300,0.000778,0.008125
pd,-0.2000,8.1400,0.000760,0.007928
pd,-0.2000,8.1500,0.000741,0.007731
pd,-0.2000,8.1600,0.000723,0.007535
pd,-0.2000,8.1700,0.000705,0.007339
pd,-0.2000,8.1800,0.000687,0.007143
pd,-0.2000,8.1900,0.000669,0.006947
pd,-0.2000,8.2000,0.000651,0.006752
pd,-0.2000,8.2100,0.000633,0.006557
pd,-0.2000,8.2200,0.000615,0.006363
pd,-0.2000,8.2300,0.000597,0.006168
pd,-0.2000,8.2400,0.000579,0.005974
pd,-0.2000,8.2500,0.000561,0.005780
pd,-0.2000,8.2600,0.000543,0.005586
pd,-0.2000,8.2700,0.000525,0.005393
pd,-0.2000,8.2800,0.000508,0.005200
pd,-0.2000,8.2900,0.000490,0.005007
pd,-0.2000,8.3000,0.000472,0.004815
pd,-0.2000,8.3100,0.000454,0.004622
pd,-0.2000,8.3200,0.000436,0.004430
pd,-0.2000,8.3300,0.000419,0.004239
pd,-0.2000,8.3400,0.000401,0.004047
pd,-0.2000,8.3500,0.000383,0.003856
pd,-0.2000,8.3600,0.000366,0.003665
pd,-0.2000,8.3700,0.000348,0.003475
pd,-0.2000,8.3800,0.000330,0.003285
pd,-0.2000,8.3900,0.000313,0.003095
pd,-0.2000,8.4000,0.000295,0.002905
pd,-0.2000,8.4100,0.000278,0.002716
pd,-0.2000,8.4200,0.000260,0.002527
pd,-0.2000,8.4300,0.000243,0.002338
pd,-0.2000,8.4400,0.000226,0.002150
pd,-0.2000,8.4500,0.000208,0.001961
pd,-0.2000,8.4600,0.000191,0.001774
pd,-0.2000,8.4700,0.000173,0.001586
pd,-0.2000,8.4800,0.000156,0.001399
pd,-0.2000,8.4900,0.000139,0.001212
pd,-0.2000,8.5000,0.000122,0.001025
pd,-0.2000,8.5100,0.000104,0.000839
pd,-0.2000,8.5200,0.000087,0.000653
pd,-0.2000,8.5300,0.000070,0.000467
pd,-0.2000,8.5400,0.000053,0.000282
pd,-0.2000,8.5500,0.000036,0.000097
pd,-0.2000,8.5600,0.000019,-0.000088
pd,-0.2000,8.5700,0.000002,-0.000273
pd,-0.2000,8.5800,-0.000015,-0.000457
pd,-0.2000,8.5900,-0.000032,-0.000641
pd,-0.2000,8.6000,-0.000049,-0.000824
pd,-0.2000,8.6100,-0.000066,-0.001007
pd,-0.2000,8.6200,-0.000083,-0.001190
pd,-0.2000,8.6300,-0.000100,-0.001373
pd,-0.2000,8.6400,-0.000117,-0.001555
pd,-0.2000,8.6500,-0.000134,-0.001737
pd,-0.2000,8.6600,-0.000151,-0.001919
pd,-0.2000,8.6700,-0.000167,-0.002100
pd,-0.2000,8.6800,-0.000184,-0.002281
pd,-0.2000,8.6900,-0.000201,-0.002461
pd,-0.2000,8.7000,-0.000217,-0.002642
pd,-0.2000,8.7100,-0.000234,-0.002822
pd,-0.2000,8.7200,-0.000251,-0.003001
pd,-0.2000,8.7300,-0.000267,-0.003180
pd,-0.2000,8.7400,-0.000284,-0.003359
pd,-0.2000,8.7500,-0.000300,-0.003538
pd,-0.2000,8.7600,-0.000317,-0.003716
pd,-0.2000,8.7700,-0.000333,-0.003894
pd,-0.2000,8.7800,-0.000350,-0.004072
pd,-0.2000,8.7900,-0.000366,-0.004249
pd,-0.2000,8.8000,-0.000383,-0.004426
pd,-0.2000,8.8100,-0.000399,-0.004603
pd,-0.2000,8.8200,-0.000415,-0.004779
pd,-0.2000,8.8300,-0.000431,-0.004955
pd,-0.2000,8.8400,-0.000448,-0.005130
pd,-0.2000,8.8500,-0.000464,-0.005306
pd,-0.2000,8.8600,-0.000480,-0.005480
pd,-0.2000,8.8700,-0.000496,-0.005655
pd,-0.2000,8.8800,-0.000512,-0.005829
pd,-0.2000,8.8900,-0.000528,-0.006003
pd,-0.2000,8.9000,-0.000544,-0.006176
pd,-0.2000,8.9100,-0.000560,-0.006349
pd,-0.2000,8.9200,-0.000576,-0.006522
pd,-0.2000,8.9300,-0.000592,-0.006695
pd,-0.2000,8.9400,-0.000608,-0.006867
pd,-0.2000,8.9500,-0.000624,-0.007038
pd,-0.2000,8.9600,-0.000640,-0.007210
pd,-0.2000,8.9700,-0.000656,-0.007381
pd,-0.2000,8.9800,-0.000672,-0.007551
pd,-0.2000,8.9900,-0.000687,-0.007722
pd,-0.2000,9.0000,-0.000703,-0.007891
pd,-0.2000,9.0100,-0.000719,-0.008061
pd,-0.2000,9.0200,-0.000734,-0.008230
pd,-0.2000,9.0300,-0.000750,-0.008399
pd,-0.2000,9.0400,-0.000766,-0.008567
pd,-0.2000,9.0500,-0.000781,-0.008736
pd,-0.2000,9.0600,-0.000797,-0.008903
pd,-0.2000,9.0700,-0.000812,-0.009071
pd,-0.2000,9.0800,-0.000828,-0.009238
pd,-0.2000,9.0900,-0.000843,-0.009404
pd,-0.2000,9.1000,-0.000858,-0.009570
pd,-0.2000,9.1100,-0.000874,-0.009736
pd,-0.2000,9.1200,-0.000889,-0.009902
pd,-0.2000,9.1300,-0.000904,-0.010067
pd,-0.2000,9.1400,-0.000920,-0.010232
pd,-0.2000,9.1500,-0.000935,-0.010396
pd,-0.2000,9.1600,-0.000950,-0.010560
pd,-0.2000,9.1700,-0.000965,-0.010724
pd,-0.2000,9.1800,-0.000980,-0.010887
pd,-0.2000,9.1900,-0.000995,-0.011050
pd,-0.2000,9.2000,-0.001010,-0.011212
pd,-0.2000,9.2100,-0.001025,-0.011375
pd,-0.2000,9.2200,-0.001040,-0.011536
pd,-0.2000,9.2300,-0.001055,-0.011698
pd,-0.2000,9.2400,-0.001070,-0.011859
pd,-0.2000,9.2500,-0.001085,-0.012019
pd,-0.2000,9.2600,-0.001100,-0.012179
pd,-0.2000,9.2700,-0.001115,-0.012339
pd,-0.2000,9.2800,-0.001130,-0.012499
pd,-0.2000,9.2900,-0.001144,-0.012658
pd,-0.2000,9.3000,-0.001159,-0.012816
pd,-0.2000,9.3100,-0.001174,-0.012975
pd,-0.2000,9.3200,-0.001188,-0.013133
pd,-0.2000,9.3300,-0.001203,-0.013290
pd,-0.2000,9.3400,-0.001217,-0.013447
pd,-0.2000,9.3500,-0.001232,-0.013604
pd,-0.2000,9.3600,-0.001246,-0.013760
pd,-0.2000,9.3700,-0.001261,-0.013916
pd,-0.2000,9.3800,-0.001275,-0.014072
pd,-0.2000,9.3900,-0.001290,-0.014227
pd,-0.2000,9.4000,-0.001304,-0.014382
pd,-0.2000,9.4100,-0.001318,-0.014536
pd,-0.2000,9.4200,-0.001332,-0.014690
pd,-0.2000,9.4300,-0.001347,-0.014843
pd,-0.2000,9.4400,-0.001361,-0.014997
pd,-0.2000,9.4500,-0.001375,-0.015149
pd,-0.2000,9.4600,-0.001389,-0.015302
pd,-0.2000,9.4700,-0.001403,-0.015454
pd,-0.2000,9.4800,-0.001417,-0.015605
pd,-0.2000,9.4900,-0.001431,-0.015756
pd,-0.2000,9.5000,-0.001445,-0.015907
pd,-0.2000,9.5100,-0.001459,-0.016057
pd,-0.2000,9.5200,-0.001473,-0.016207
pd,-0.2000,9.5300,-0.001487,-0.016357
pd,-0.2000,9.5400,-0.001501,-0.016506
pd,-0.2000,9.5500,-0.001514,-0.016655
pd,-0.2000,9.5600,-0.001528,-0.016803
pd,-0.2000,9.5700,-0.001542,-0.016951
pd,-0.2000,9.5800,-0.001555,-0.017099
pd,-0.2000,9.5900,-0.001569,-0.017246
pd,-0.2000,9.6000,-0.001583,-0.017392
pd,-0.2000,9.6100,-0.001596,-0.017539
pd,-0.2000,9.6200,-0.001610,-0.017684
pd,-0.2000,9.6300,-0.001623,-0.017830
pd,-0.2000,9.6400,-0.001637,-0.017975
pd,-0.2000,9.6500,-0.001650,-0.018120
pd,-0.2000,9.6600,-0.001663,-0.018264
pd,-0.2000,9.6700,-0.001677,-0.018408
pd,-0.2000,9.6800,-0.001690,-0.018551
pd,-0.2000,9.6900,-0.001703,-0.018694
pd,-0.2000,9.7000,-0.001716,-0.018836
pd,-0.2000,9.7100,-0.001730,-0.018979
pd,-0.2000,9.7200,-0.001743,-0.019120
pd,-0.2000,9.7300,-0.001756,-0.019262
pd,-0.2000,9.7400,-0.001769,-0.019402
pd,-0.2000,9.7500,-0.001782,-0.019543
pd,-0.2000,9.7600,-0.001795,-0.019683
pd,-0.2000,9.7700,-0.001808,-0.019823
pd,-0.2000,9.7800,-0.001821,-0.019962
pd,-0.2000,9.7900,-0.001834,-0.020101
pd,-0.2000,9.8000,-0.001846,-0.020239
pd,-0.2000,9.8100,-0.001859,-0.020377
pd,-0.2000,9.8200,-0.001872,-0.020514
pd,-0.2000,9.8300,-0.001885,-0.020651
pd,-0.2000,9.8400,-0.001897,-0.020788
pd,-0.2000,9.8500,-0.001910,-0.020924
pd,-0.2000,9.8600,-0.001922,-0.021060
pd,-0.2000,9.8700,-0.001935,-0.021196
pd,-0.2000,9.8800,-0.001948,-0.021331
pd,-0.2000,9.8900,-0.001960,-0.021465
pd,-0.2000,9.9000,-0.001972,-0.021599
pd,-0.2000,9.9100,-0.001985,-0.021733
pd,-0.2000,9.9200,-0.001997,-0.021866
pd,-0.2000,9.9300,-0.002009,-0.021999
pd,-0.2000,9.9400,-0.002022,-0.022131
pd,-0.2000,9.9500,-0.002034,-0.022263
pd,-0.2000,9.9600,-0.002046,-0.022395
pd,-0.2000,9.9700,-0.002058,-0.022526
pd,-0.2000,9.9800,-0.002070,-0.022657
pd,-0.2000,9.9900,-0.002083,-0.022787
pd,-0.2000,10.0000,-0.002095,0.000000
onnx,-0.2000,0.0000,-0.200000,-20.000000
onnx,-0.2000,0.0100,-0.198726,-17.897285
onnx,-0.2000,0.0200,-0.195051,-13.321105
onnx,-0.2000,0.0300,-0.189446,-9.728710
onnx,-0.2000,0.0400,-0.182485,-6.918858
onnx,-0.2000,0.0500,-0.174613,-4.731505
onnx,-0.2000,0.0600,-0.166176,-3.038878
onnx,-0.2000,0.0700,-0.157439,-1.738737
onnx,-0.2000,0.0800,-0.148604,-0.749205
onnx,-0.2000,0.0900,-0.139821,-0.004748
onnx,-0.2000,0.1000,-0.131203,0.547044
onnx,-0.2000,0.1100,-0.122829,0.948003
onnx,-0.2000,0.1200,-0.114756,1.231446
onnx,-0.2000,0.1300,-0.107022,1.423845
onnx,-0.2000,0.1400,-0.099649,1.546173
onnx,-0.2000,0.1500,-0.092648,1.614998
onnx,-0.2000,0.1600,-0.086023,1.643368
onnx,-0.2000,0.1700,-0.079770,1.641521
onnx,-0.2000,0.1800,-0.073883,1.617459
onnx,-0.2000,0.1900,-0.068349,1.577414
onnx,-0.2000,0.2000,-0.063157,1.526210
onnx,-0.2000,0.2100,-0.058290,1.467566
onnx,-0.2000,0.2200,-0.053734,1.404326
onnx,-0.2000,0.2300,-0.049472,1.338649
onnx,-0.2000,0.2400,-0.045489,1.272158
onnx,-0.2000,0.2500,-0.041768,1.206056
onnx,-0.2000,0.2600,-0.038294,1.141218
onnx,-0.2000,0.2700,-0.035052,1.078270
onnx,-0.2000,0.2800,-0.032028,1.017642
onnx,-0.2000,0.2900,-0.029207,0.959615
onnx,-0.2000,0.3000,-0.026578,0.904356
onnx,-0.2000,0.3100,-0.024126,0.851945
onnx,-0.2000,0.3200,-0.021841,0.802401
onnx,-0.2000,0.3300,-0.019712,0.755692
onnx,-0.2000,0.3400,-0.017727,0.711755
onnx,-0.2000,0.3500,-0.015878,0.670503
onnx,-0.2000,0.3600,-0.014155,0.631829
onnx,-0.2000,0.3700,-0.012550,0.595620
onnx,-0.2000,0.3800,-0.011054,0.561755
onnx,-0.2000,0.3900,-0.009661,0.530110
onnx,-0.2000,0.4000,-0.008362,0.500563
onnx,-0.2000,0.4100,-0.007152,0.472992
onnx,-0.2000,0.4200,-0.006025,0.447279
onnx,-0.2000,0.4300,-0.004975,0.423310
onnx,-0.2000,0.4400,-0.003996,0.400975
onnx,-0.2000,0.4500,-0.003084,0.380171
onnx,-0.2000,0.4600,-0.002233,0.360798
onnx,-0.2000,0.4700,-0.001441,0.342763
onnx,-0.2000,0.4800,-0.000702,0.325977
onnx,-0.2000,0.4900,-0.000014,0.310356
onnx,-0.2000,0.5000,0.000629,0.295822
onnx,-0.2000,0.5100,0.001227,0.282302
onnx,-0.2000,0.5200,0.001786,0.269728
onnx,-0.2000,0.5300,0.002306,0.258034
onnx,-0.2000,0.5400,0.002792,0.247161
onnx,-0.2000,0.5500,0.003245,0.237052
onnx,-0.2000,0.5600,0.003668,0.227654
onnx,-0.2000,0.5700,0.004063,0.218920
onnx,-0.2000,0.5800,0.004431,0.210802
onnx,-0.2000,0.5900,0.004775,0.203259
onnx,-0.2000,0.6000,0.005096,0.196251
onnx,-0.2000,0.6100,0.005396,0.189740
onnx,-0.2000,0.6200,0.005677,0.183692
onnx,-0.2000,0.6300,0.005938,0.178076
onnx,-0.2000,0.6400,0.006183,0.172861
onnx,-0.2000,0.6500,0.006412,0.168018
onnx,-0.2000,0.6600,0.006626,0.163524
onnx,-0.2000,0.6700,0.006826,0.159352
onnx,-0.2000,0.6800,0.007014,0.155481
onnx,-0.2000,0.6900,0.007189,0.151889
onnx,-0.2000,0.7000,0.007353,0.148558
onnx,-0.2000,0.7100,0.007507,0.145469
onnx,-0.2000,0.7200,0.007651,0.142606
onnx,-0.2000,0.7300,0.007786,0.139951
onnx,-0.2000,0.7400,0.007913,0.137492
onnx,-0.2000,0.7500,0.008032,0.135214
onnx,-0.2000,0.7600,0.008144,0.133104
onnx,-0.2000,0.7700,0.008249,0.131151
onnx,-0.2000,0.7800,0.008347,0.129344
onnx,-0.2000,0.7900,0.008440,0.127673
onnx,-0.2000,0.8000,0.008527,0.126128
onnx,-0.2000,0.8100,0.008609,0.124699
onnx,-0.2000,0.8200,0.008686,0.123380
onnx,-0.2000,0.8300,0.008759,0.122163
onnx,-0.2000,0.8400,0.008828,0.121039
onnx,-0.2000,0.8500,0.008893,0.120004
onnx,-0.2000,0.8600,0.008954,0.119049
onnx,-0.2000,0.8700,0.009012,0.118171
onnx,-0.2000,0.8800,0.009066,0.117362
onnx,-0.2000,0.8900,0.009118,0.116619
onnx,-0.2000,0.9000,0.009167,0.115937
onnx,-0.2000,0.9100,0.009214,0.115311
onnx,-0.2000,0.9200,0.009258,0.114738
onnx,-0.2000,0.9300,0.009300,0.114213
onnx,-0.2000,0.9400,0.009339,0.113734
onnx,-0.2000,0.9500,0.009377,0.113297
onnx,-0.2000,0.9600,0.009413,0.112898
onnx,-0.2000,0.9700,0.009448,0.112536
onnx,-0.2000,0.9800,0.009480,0.112207
onnx,-0.2000,0.9900,0.009511,0.111910
onnx,-0.2000,1.0000,0.009541,0.111641
onnx,-0.2000,1.0100,0.009570,0.111400
onnx,-0.2000,1.0200,0.009597,0.111183
onnx,-0.2000,1.0300,0.009623,0.110989
onnx,-0.2000,1.0400,0.009648,0.110817
onnx,-0.2000,1.0500,0.009673,0.110664
onnx,-0.2000,1.0600,0.009696,0.110530
onnx,-0.2000,1.0700,0.009718,0.110412
onnx,-0.2000,1.0800,0.009739,0.110311
onnx,-0.2000,1.0900,0.009760,0.110224
onnx,-0.2000,1.1000,0.009780,0.110150
onnx,-0.2000,1.1100,0.009799,0.110088
onnx,-0.2000,1.1200,0.009818,0.110039
onnx,-0.2000,1.1300,0.009836,0.109999
onnx,-0.2000,1.1400,0.009853,0.109970
onnx,-0.2000,1.1500,0.009870,0.109949
onnx,-0.2000,1.1600,0.009886,0.109937
onnx,-0.2000,1.1700,0.009902,0.109933
onnx,-0.2000,1.1800,0.009917,0.109935
onnx,-0.2000,1.1900,0.009932,0.109943
onnx,-0.2000,1.2000,0.009946,0.109958
onnx,-0.2000,1.2100,0.009960,0.109978
onnx,-0.2000,1.2200,0.009974,0.110003
onnx,-0.2000,1.2300,0.009987,0.110033
onnx,-0.2000,1.2400,0.010000,0.110066
onnx,-0.2000,1.2500,0.010013,0.110103
onnx,-0.2000,1.2600,0.010025,0.110144
onnx,-0.2000,1.2700,0.010037,0.110188
onnx,-0.2000,1.2800,0.010049,0.110234
onnx,-0.2000,1.2900,0.010060,0.110283
onnx,-0.2000,1.3000,0.010072,0.110334
onnx,-0.2000,1.3100,0.010082,0.110387
onnx,-0.2000,1.3200,0.010093,0.110442
onnx,-0.2000,1.3300,0.010104,0.110499
onnx,-0.2000,1.3400,0.010114,0.110557
onnx,-0.2000,1.3500,0.010124,0.110616
onnx,-0.2000,1.3600,0.010134,0.110675
onnx,-0.2000,1.3700,0.010143,0.110736
onnx,-0.2000,1.3800,0.010153,0.110798
onnx,-0.2000,1.3900,0.010162,0.110860
onnx,-0.2000,1.4000,0.010171,0.110923
onnx,-0.2000,1.4100,0.010180,0.110986
onnx,-0.2000,1.4200,0.010188,0.111049
onnx,-0.2000,1.4300,0.010197,0.111112
onnx,-0.2000,1.4400,0.010205,0.111175
onnx,-0.2000,1.4500,0.010213,0.111238
onnx,-0.2000,1.4600,0.010221,0.111301
onnx,-0.2000,1.4700,0.010229,0.111364
onnx,-0.2000,1.4800,0.010237,0.111427
onnx,-0.2000,1.4900,0.010244,0.111489
onnx,-0.2000,1.5000,0.010252,0.111551
onnx,-0.2000,1.5100,0.010259,0.111612
onnx,-0.2000,1.5200,0.010266,0.111673
onnx,-0.2000,1.5300,0.010273,0.111733
onnx,-0.2000,1.5400,0.010280,0.111793
onnx,-0.2000,1.5500,0.010286,0.111852
onnx,-0.2000,1.5600,0.010293,0.111910
onnx,-0.2000,1.5700,0.010299,0.111968
onnx,-0.2000,1.5800,0.010306,0.112024
onnx,-0.2000,1.5900,0.010312,0.112080
onnx,-0.2000,1.6000,0.010318,0.112135
onnx,-0.2000,1.6100,0.010324,0.112190
onnx,-0.2000,1.6200,0.010329,0.112243
onnx,-0.2000,1.6300,0.010335,0.112296
onnx,-0.2000,1.6400,0.010340,0.112347
onnx,-0.2000,1.6500,0.010346,0.112398
onnx,-0.2000,1.6600,0.010351,0.112448
onnx,-0.2000,1.6700,0.010356,0.112497
onnx,-0.2000,1.6800,0.010361,0.112544
onnx,-0.2000,1.6900,0.010366,0.112591
onnx,-0.2000,1.7000,0.010371,0.112637
onnx,-0.2000,1.7100,0.010375,0.112682
onnx,-0.2000,1.7200,0.010380,0.112725
onnx,-0.2000,1.7300,0.010384,0.112768
onnx,-0.2000,1.7400,0.010389,0.112810
onnx,-0.2000,1.7500,0.010393,0.112850
onnx,-0.2000,1.7600,0.010397,0.112890
onnx,-0.2000,1.7700,0.010401,0.112928
onnx,-0.2000,1.7800,0.010405,0.112966
onnx,-0.2000,1.7900,0.010408,0.113002
onnx,-0.2000,1.8000,0.010412,0.113037
onnx,-0.2000,1.8100,0.010415,0.113071
onnx,-0.2000,1.8200,0.010419,0.113104
onnx,-0.2000,1.8300,0.010422,0.113136
onnx,-0.2000,1.8400,0.010425,0.113167
onnx,-0.2000,1.8500,0.010428,0.113196
onnx,-0.2000,1.8600,0.010431,0.113225
onnx,-0.2000,1.8700,0.010434,0.113252
onnx,-0.2000,1.8800,0.010437,0.113278
onnx,-0.2000,1.8900,0.010439,0.113303
onnx,-0.2000,1.9000,0.010442,0.113328
onnx,-0.2000,1.9100,0.010444,0.113350
onnx,-0.2000,1.9200,0.010446,0.113372
onnx,-0.2000,1.9300,0.010448,0.113393
onnx,-0.2000,1.9400,0.010450,0.113412
onnx,-0.2000,1.9500,0.010452,0.113431
onnx,-0.2000,1.9600,0.010454,0.113448
onnx,-0.2000,1.9700,0.010456,0.113464
onnx,-0.2000,1.9800,0.010457,0.113479
onnx,-0.2000,1.9900,0.010459,0.113493
onnx,-0.2000,2.0000,0.010460,0.113506
onnx,-0.2000,2.0100,0.010462,0.113517
onnx,-0.2000,2.0200,0.010463,0.113528
onnx,-0.2000,2.0300,0.010464,0.113537
onnx,-0.2000,2.0400,0.010465,0.113545
onnx,-0.2000,2.0500,0.010466,0.113552
onnx,-0.2000,2.0600,0.010466,0.113558
onnx,-0.2000,2.0700,0.010467,0.113563
onnx,-0.2000,2.0800,0.010468,0.113567
onnx,-0.2000,2.0900,0.010468,0.113569
onnx,-0.2000,2.1000,0.010468,0.113571
onnx,-0.2000,2.1100,0.010469,0.113571
onnx,-0.2000,2.1200,0.010469,0.113570
onnx,-0.2000,2.1300,0.010469,0.113568
onnx,-0.2000,2.1400,0.010469,0.113565
onnx,-0.2000,2.1500,0.010468,0.113561
onnx,-0.2000,2.1600,0.010468,0.113556
onnx,-0.2000,2.1700,0.010468,0.113550
onnx,-0.2000,2.1800,0.010467,0.113542
onnx,-0.2000,2.1900,0.010467,0.113533
onnx,-0.2000,2.2000,0.010466,0.113524
onnx,-0.2000,2.2100,0.010465,0.113513
onnx,-0.2000,2.2200,0.010464,0.113501
onnx,-0.2000,2.2300,0.010463,0.113488
onnx,-0.2000,2.2400,0.010462,0.113474
onnx,-0.2000,2.2500,0.010461,0.113459
onnx,-0.2000,2.2600,0.010459,0.113443
onnx,-0.2000,2.2700,0.010458,0.113425
onnx,-0.2000,2.2800,0.010456,0.113407
onnx,-0.2000,2.2900,0.010455,0.113387
onnx,-0.2000,2.3000,0.010453,0.113367
onnx,-0.2000,2.3100,0.010451,0.113345
onnx,-0.2000,2.3200,0.010449,0.113322
onnx,-0.2000,2.3300,0.010447,0.113298
onnx,-0.2000,2.3400,0.010445,0.113273
onnx,-0.2000,2.3500,0.010443,0.113247
onnx,-0.2000,2.3600,0.010441,0.113220
onnx,-0.2000,2.3700,0.010438,0.113192
onnx,-0.2000,2.3800,0.010436,0.113162
onnx,-0.2000,2.3900,0.010433,0.113132
onnx,-0.2000,2.4000,0.010430,0.113101
onnx,-0.2000,2.4100,0.010427,0.113068
onnx,-0.2000,2.4200,0.010424,0.113035
onnx,-0.2000,2.4300,0.010421,0.113000
onnx,-0.2000,2.4400,0.010418,0.112964
onnx,-0.2000,2.4500,0.010415,0.112927
onnx,-0.2000,2.4600,0.010412,0.112890
onnx,-0.2000,2.4700,0.010408,0.112851
onnx,-0.2000,2.4800,0.010405,0.112811
onnx,-0.2000,2.4900,0.010401,0.112770
onnx,-0.2000,2.5000,0.010397,0.112728
onnx,-0.2000,2.5100,0.010394,0.112685
onnx,-0.2000,2.5200,0.010390,0.112641
onnx,-0.2000,2.5300,0.010386,0.112596
onnx,-0.2000,2.5400,0.010382,0.112550
onnx,-0.2000,2.5500,0.010377,0.112502
onnx,-0.2000,2.5600,0.010373,0.112454
onnx,-0.2000,2.5700,0.010369,0.112405
onnx,-0.2000,2.5800,0.010364,0.112355
onnx,-0.2000,2.5900,0.010360,0.112303
onnx,-0.2000,2.6000,0.010355,0.112251
onnx,-0.2000,2.6100,0.010350,0.112198
onnx,-0.2000,2.6200,0.010345,0.112143
onnx,-0.2000,2.6300,0.010341,0.112088
onnx,-0.2000,2.6400,0.010335,0.112032
onnx,-0.2000,2.6500,0.010330,0.111974
onnx,-0.2000,2.6600,0.010325,0.111916
onnx,-0.2000,2.6700,0.010320,0.111856
onnx,-0.2000,2.6800,0.010314,0.111796
onnx,-0.2000,2.6900,0.010309,0.111735
onnx,-0.2000,2.7000,0.010303,0.111672
onnx,-0.2000,2.7100,0.010298,0.111609
onnx,-0.2000,2.7200,0.010292,0.111544
onnx,-0.2000,2.7300,0.010286,0.111479
onnx,-0.2000,2.7400,0.010280,0.111413
onnx,-0.2000,2.7500,0.010274,0.111345
onnx,-0.2000,2.7600,0.010268,0.111277
onnx,-0.2000,2.7700,0.010261,0.111207
onnx,-0.2000,2.7800,0.010255,0.111137
onnx,-0.2000,2.7900,0.010249,0.111066
onnx,-0.2000,2.8000,0.010242,0.110994
onnx,-0.2000,2.8100,0.010236,0.110920
onnx,-0.2000,2.8200,0.010229,0.110846
onnx,-0.2000,2.8300,0.010222,0.110771
onnx,-0.2000,2.8400,0.010215,0.110695
onnx,-0.2000,2.8500,0.010208,0.110618
onnx,-0.2000,2.8600,0.010201,0.110540
onnx,-0.2000,2.8700,0.010194,0.110461
onnx,-0.2000,2.8800,0.010187,0.110381
onnx,-0.2000,2.8900,0.010180,0.110300
onnx,-0.2000,2.9000,0.010172,0.110218
onnx,-0.2000,2.9100,0.010165,0.110135
onnx,-0.2000,2.9200,0.010157,0.110051
onnx,-0.2000,2.9300,0.010149,0.109966
onnx,-0.2000,2.9400,0.010142,0.109881
onnx,-0.2000,2.9500,0.010134,0.109794
onnx,-0.2000,2.9600,0.010126,0.109707
onnx,-0.2000,2.9700,0.010118,0.109618
onnx,-0.2000,2.9800,0.010110,0.109529
onnx,-0.2000,2.9900,0.010102,0.109438
onnx,-0.2000,3.0000,0.010093,0.109347
onnx,-0.2000,3.0100,0.010085,0.109255
onnx,-0.2000,3.0200,0.010077,0.109162
onnx,-0.2000,3.0300,0.010068,0.109068
onnx,-0.2000,3.0400,0.010059,0.108973
onnx,-0.2000,3.0500,0.010051,0.108877
onnx,-0.2000,3.0600,0.010042,0.108781
onnx,-0.2000,3.0700,0.010033,0.108683
onnx,-0.2000,3.0800,0.010024,0.108584
onnx,-0.2000,3.0900,0.010015,0.108485
onnx,-0.2000,3.1000,0.010006,0.108384
onnx,-0.2000,3.1100,0.009997,0.108283
onnx,-0.2000,3.1200,0.009987,0.108181
onnx,-0.2000,3.1300,0.009978,0.108078
onnx,-0.2000,3.1400,0.009969,0.107974
onnx,-0.2000,3.1500,0.009959,0.107870
onnx,-0.2000,3.1600,0.009950,0.107764
onnx,-0.2000,3.1700,0.009940,0.107657
onnx,-0.2000,3.1800,0.009930,0.107550
onnx,-0.2000,3.1900,0.009920,0.107441
onnx,-0.2000,3.2000,0.009910,0.107332
onnx,-0.2000,3.2100,0.009900,0.107222
onnx,-0.2000,3.2200,0.009890,0.107111
onnx,-0.2000,3.2300,0.009880,0.107000
onnx,-0.2000,3.2400,0.009870,0.106887
onnx,-0.2000,3.2500,0.009859,0.106773
onnx,-0.2000,3.2600,0.009849,0.106659
onnx,-0.2000,3.2700,0.009839,0.106544
onnx,-0.2000,3.2800,0.009828,0.106428
onnx,-0.2000,3.2900,0.009817,0.106311
onnx,-0.2000,3.3000,0.009807,0.106193
onnx,-0.2000,3.3100,0.009796,0.106074
onnx,-0.2000,3.3200,0.009785,0.105955
onnx,-0.2000,3.3300,0.009774,0.105835
onnx,-0.2000,3.3400,0.009763,0.105714
onnx,-0.2000,3.3500,0.009752,0.105592
onnx,-0.2000,3.3600,0.009741,0.105469
onnx,-0.2000,3.3700,0.009729,0.105345
onnx,-0.2000,3.3800,0.009718,0.105221
onnx,-0.2000,3.3900,0.009707,0.105096
onnx,-0.2000,3.4000,0.009695,0.104970
onnx,-0.2000,3.4100,0.009684,0.104843
onnx,-0.2000,3.4200,0.009672,0.104715
onnx,-0.2000,3.4300,0.009660,0.104587
onnx,-0.2000,3.4400,0.009648,0.104457
onnx,-0.2000,3.4500,0.009636,0.104327
onnx,-0.2000,3.4600,0.009625,0.104196
onnx,-0.2000,3.4700,0.009613,0.104064
onnx,-0.2000,3.4800,0.009600,0.103932
onnx,-0.2000,3.4900,0.009588,0.103799
onnx,-0.2000,3.5000,0.009576,0.103665
onnx,-0.2000,3.5100,0.009564,0.103530
onnx,-0.2000,3.5200,0.009551,0.103394
onnx,-0.2000,3.5300,0.009539,0.103258
onnx,-0.2000,3.5400,0.009526,0.103120
onnx,-0.2000,3.5500,0.009514,0.102982
onnx,-0.2000,3.5600,0.009501,0.102844
onnx,-0.2000,3.5700,0.009488,0.102704
onnx,-0.2000,3.5800,0.009475,0.102564
onnx,-0.2000,3.5900,0.009463,0.102423
onnx,-0.2000,3.6000,0.009450,0.102281
onnx,-0.2000,3.6100,0.009437,0.102138
onnx,-0.2000,3.6200,0.009423,0.101995
onnx,-0.2000,3.6300,0.009410,0.101851
onnx,-0.2000,3.6400,0.009397,0.101706
onnx,-0.2000,3.6500,0.009384,0.101560
onnx,-0.2000,3.6600,0.009370,0.101414
onnx,-0.2000,3.6700,0.009357,0.101267
onnx,-0.2000,3.6800,0.009343,0.101119
onnx,-0.2000,3.6900,0.009330,0.100970
onnx,-0.2000,3.7000,0.009316,0.100821
onnx,-0.2000,3.7100,0.009302,0.100671
onnx,-0.2000,3.7200,0.009289,0.100520
onnx,-0.2000,3.7300,0.009275,0.100369
onnx,-0.2000,3.7400,0.009261,0.100216
onnx,-0.2000,3.7500,0.009247,0.100063
onnx,-0.2000,3.7600,0.009233,0.099910
onnx,-0.2000,3.7700,0.009219,0.099755
onnx,-0.2000,3.7800,0.009205,0.099600
onnx,-0.2000,3.7900,0.009190,0.099444
onnx,-0.2000,3.8000,0.009176,0.099288
onnx,-0.2000,3.8100,0.009162,0.099131
onnx,-0.2000,3.8200,0.009147,0.098973
onnx,-0.2000,3.8300,0.009133,0.098814
onnx,-0.2000,3.8400,0.009118,0.098655
onnx,-0.2000,3.8500,0.009103,0.098495
onnx,-0.2000,3.8600,0.009089,0.098334
onnx,-0.2000,3.8700,0.009074,0.098173
onnx,-0.2000,3.8800,0.009059,0.098011
onnx,-0.2000,3.8900,0.009044,0.097848
onnx,-0.2000,3.9000,0.009029,0.097684
onnx,-0.2000,3.9100,0.009014,0.097520
onnx,-0.2000,3.9200,0.008999,0.097355
onnx,-0.2000,3.9300,0.008984,0.097190
onnx,-0.2000,3.9400,0.008969,0.097024
onnx,-0.2000,3.9500,0.008953,0.096857
onnx,-0.2000,3.9600,0.008938,0.096690
onnx,-0.2000,3.9700,0.008923,0.096522
onnx,-0.2000,3.9800,0.008907,0.096353
onnx,-0.2000,3.9900,0.008892,0.096183
onnx,-0.2000,4.0000,0.008876,0.096013
onnx,-0.2000,4.0100,0.008861,0.095843
onnx,-0.2000,4.0200,0.008845,0.095671
onnx,-0.2000,4.0300,0.008829,0.095499
onnx,-0.2000,4.0400,0.008813,0.095327
onnx,-0.2000,4.0500,0.008797,0.095153
onnx,-0.2000,4.0600,0.008781,0.094979
onnx,-0.2000,4.0700,0.008765,0.094805
onnx,-0.2000,4.0800,0.008749,0.094630
onnx,-0.2000,4.0900,0.008733,0.094454
onnx,-0.2000,4.1000,0.008717,0.094278
onnx,-0.2000,4.1100,0.008701,0.094101
onnx,-0.2000,4.1200,0.008685,0.093923
onnx,-0.2000,4.1300,0.008668,0.093745
onnx,-0.2000,4.1400,0.008652,0.093566
onnx,-0.2000,4.1500,0.008635,0.093386
onnx,-0.2000,4.1600,0.008619,0.093206
onnx,-0.2000,4.1700,0.008602,0.093026
onnx,-0.2000,4.1800,0.008586,0.092844
onnx,-0.2000,4.1900,0.008569,0.092662
onnx,-0.2000,4.2000,0.008552,0.092480
onnx,-0.2000,4.2100,0.008536,0.092297
onnx,-0.2000,4.2200,0.008519,0.092113
onnx,-0.2000,4.2300,0.008502,0.091929
onnx,-0.2000,4.2400,0.008485,0.091744
onnx,-0.2000,4.2500,0.008468,0.091559
onnx,-0.2000,4.2600,0.008451,0.091373
onnx,-0.2000,4.2700,0.008434,0.091186
onnx,-0.2000,4.2800,0.008417,0.090999
onnx,-0.2000,4.2900,0.008399,0.090812
onnx,-0.2000,4.3000,0.008382,0.090623
onnx,-0.2000,4.3100,0.008365,0.090435
onnx,-0.2000,4.3200,0.008347,0.090245
onnx,-0.2000,4.3300,0.008330,0.090055
onnx,-0.2000,4.3400,0.008313,0.089865
onnx,-0.2000,4.3500,0.008295,0.089674
onnx,-0.2000,4.3600,0.008277,0.089482
onnx,-0.2000,4.3700,0.008260,0.089290
onnx,-0.2000,4.3800,0.008242,0.089098
onnx,-0.2000,4.3900,0.008224,0.088904
onnx,-0.2000,4.4000,0.008207,0.088711
onnx,-0.2000,4.4100,0.008189,0.088516
onnx,-0.2000,4.4200,0.008171,0.088322
onnx,-0.2000,4.4300,0.008153,0.088126
onnx,-0.2000,4.4400,0.008135,0.087930
onnx,-0.2000,4.4500,0.008117,0.087734
onnx,-0.2000,4.4600,0.008099,0.087537
onnx,-0.2000,4.4700,0.008081,0.087340
onnx,-0.2000,4.4800,0.008063,0.087142
onnx,-0.2000,4.4900,0.008044,0.086944
onnx,-0.2000,4.5000,0.008026,0.086745
onnx,-0.2000,4.5100,0.008008,0.086545
onnx,-0.2000,4.5200,0.007990,0.086345
onnx,-0.2000,4.5300,0.007971,0.086145
onnx,-0.2000,4.5400,0.007953,0.085944
onnx,-0.2000,4.5500,0.007934,0.085743
onnx,-0.2000,4.5600,0.007916,0.085541
onnx,-0.2000,4.5700,0.007897,0.085338
onnx,-0.2000,4.5800,0.007878,0.085136
onnx,-0.2000,4.5900,0.007860,0.084932
onnx,-0.2000,4.6000,0.007841,0.084728
onnx,-0.2000,4.6100,0.007822,0.084524
onnx,-0.2000,4.6200,0.007804,0.084319
onnx,-0.2000,4.6300,0.007785,0.084114
onnx,-0.2000,4.6400,0.007766,0.083909
onnx,-0.2000,4.6500,0.007747,0.083702
onnx,-0.2000,4.6600,0.007728,0.083496
onnx,-0.2000,4.6700,0.007709,0.083289
onnx,-0.2000,4.6800,0.007690,0.083081
onnx,-0.2000,4.6900,0.007671,0.082873
onnx,-0.2000,4.7000,0.007652,0.082665
onnx,-0.2000,4.7100,0.007632,0.082456
onnx,-0.2000,4.7200,0.007613,0.082247
onnx,-0.2000,4.7300,0.007594,0.082037
onnx,-0.2000,4.7400,0.007575,0.081827
onnx,-0.2000,4.7500,0.007555,0.081616
onnx,-0.2000,4.7600,0.007536,0.081405
onnx,-0.2000,4.7700,0.007516,0.081194
onnx,-0.2000,4.7800,0.007497,0.080982
onnx,-0.2000,4.7900,0.007477,0.080769
onnx,-0.2000,4.8000,0.007458,0.080557
onnx,-0.2000,4.8100,0.007438,0.080343
onnx,-0.2000,4.8200,0.007419,0.080130
onnx,-0.2000,4.8300,0.007399,0.079916
onnx,-0.2000,4.8400,0.007379,0.079701
onnx,-0.2000,4.8500,0.007360,0.079487
onnx,-0.2000,4.8600,0.007340,0.079272
onnx,-0.2000,4.8700,0.007320,0.079056
onnx,-0.2000,4.8800,0.007300,0.078840
onnx,-0.2000,4.8900,0.007280,0.078623
onnx,-0.2000,4.9000,0.007260,0.078407
onnx,-0.2000,4.9100,0.007240,0.078190
onnx,-0.2000,4.9200,0.007220,0.077972
onnx,-0.2000,4.9300,0.007200,0.077754
onnx,-0.2000,4.9400,0.007180,0.077536
onnx,-0.2000,4.9500,0.007160,0.077317
onnx,-0.2000,4.9600,0.007140,0.077098
onnx,-0.2000,4.9700,0.007120,0.076879
onnx,-0.2000,4.9800,0.007100,0.076659
onnx,-0.2000,4.9900,0.007079,0.076439
onnx,-0.2000,5.0000,0.007059,0.076218
onnx,-0.2000,5.0100,0.007039,0.075997
onnx,-0.2000,5.0200,0.007018,0.075776
onnx,-0.2000,5.0300,0.006998,0.075554
onnx,-0.2000,5.0400,0.006978,0.075332
onnx,-0.2000,5.0500,0.006957,0.075110
onnx,-0.2000,5.0600,0.006937,0.074887
onnx,-0.2000,5.0700,0.006916,0.074664
onnx,-0.2000,5.0800,0.006896,0.074441
onnx,-0.2000,5.0900,0.006875,0.074217
onnx,-0.2000,5.1000,0.006855,0.073993
onnx,-0.2000,5.1100,0.006834,0.073769
onnx,-0.2000,5.1200,0.006813,0.073544
onnx,-0.2000,5.1300,0.006793,0.073319
onnx,-0.2000,5.1400,0.006772,0.073094
onnx,-0.2000,5.1500,0.006751,0.072868
onnx,-0.2000,5.1600,0.006730,0.072642
onnx,-0.2000,5.1700,0.006710,0.072416
onnx,-0.2000,5.1800,0.006689,0.072190
onnx,-0.2000,5.1900,0.006668,0.071963
onnx,-0.2000,5.2000,0.006647,0.071736
onnx,-0.2000,5.2100,0.006626,0.071508
onnx,-0.2000,5.2200,0.006605,0.071280
onnx,-0.2000,5.2300,0.006584,0.071052
onnx,-0.2000,5.2400,0.006563,0.070824
onnx,-0.2000,5.2500,0.006542,0.070595
onnx,-0.2000,5.2600,0.006521,0.070366
onnx,-0.2000,5.2700,0.006500,0.070137
onnx,-0.2000,5.2800,0.006479,0.069907
onnx,-0.2000,5.2900,0.006458,0.069678
onnx,-0.2000,5.3000,0.006436,0.069447
onnx,-0.2000,5.3100,0.006415,0.069217
onnx,-0.2000,5.3200,0.006394,0.068986
onnx,-0.2000,5.3300,0.006373,0.068756
onnx,-0.2000,5.3400,0.006352,0.068524
onnx,-0.2000,5.3500,0.006330,0.068293
onnx,-0.2000,5.3600,0.006309,0.068061
onnx,-0.2000,5.3700,0.006288,0.067829
onnx,-0.2000,5.3800,0.006266,0.067597
onnx,-0.2000,5.3900,0.006245,0.067364
onnx,-0.2000,5.4000,0.006223,0.067132
onnx,-0.2000,5.4100,0.006202,0.066899
onnx,-0.2000,5.4200,0.006181,0.066666
onnx,-0.2000,5.4300,0.006159,0.066432
onnx,-0.2000,5.4400,0.006138,0.066198
onnx,-0.2000,5.4500,0.006116,0.065965
onnx,-0.2000,5.4600,0.006094,0.065730
onnx,-0.2000,5.4700,0.006073,0.065496
onnx,-0.2000,5.4800,0.006051,0.065261
onnx,-0.2000,5.4900,0.006030,0.065027
onnx,-0.2000,5.5000,0.006008,0.064791
onnx,-0.2000,5.5100,0.005986,0.064556
onnx,-0.2000,5.5200,0.005965,0.064321
onnx,-0.2000,5.5300,0.005943,0.064085
onnx,-0.2000,5.5400,0.005921,0.063849
onnx,-0.2000,5.5500,0.005900,0.063613
onnx,-0.2000,5.5600,0.005878,0.063376
onnx,-0.2000,5.5700,0.005856,0.063140
onnx,-0.2000,5.5800,0.005834,0.062903
onnx,-0.2000,5.5900,0.005812,0.062666
onnx,-0.2000,5.6000,0.005791,0.062429
onnx,-0.2000,5.6100,0.005769,0.062192
onnx,-0.2000,5.6200,0.005747,0.061954
onnx,-0.2000,5.6300,0.005725,0.061716
onnx,-0.2000,5.6400,0.005703,0.061479
onnx,-0.2000,5.6500,0.005681,0.061241
onnx,-0.2000,5.6600,0.005659,0.061002
onnx,-0.2000,5.6700,0.005637,0.060764
onnx,-0.2000,5.6800,0.005615,0.060525
onnx,-0.2000,5.6900,0.005593,0.060286
onnx,-0.2000,5.7000,0.005571,0.060047
onnx,-0.2000,5.7100,0.005549,0.059808
onnx,-0.2000,5.7200,0.005527,0.059569
onnx,-0.2000,5.7300,0.005505,0.059330
onnx,-0.2000,5.7400,0.005483,0.059090
onnx,-0.2000,5.7500,0.005461,0.058850
onnx,-0.2000,5.7600,0.005439,0.058610
onnx,-0.2000,5.7700,0.005417,0.058370
onnx,-0.2000,5.7800,0.005395,0.058130
onnx,-0.2000,5.7900,0.005373,0.057890
onnx,-0.2000,5.8000,0.005351,0.057649
onnx,-0.2000,5.8100,0.005328,0.057409
onnx,-0.2000,5.8200,0.005306,0.057168
onnx,-0.2000,5.8300,0.005284,0.056927
onnx,-0.2000,5.8400,0.005262,0.056686
onnx,-0.2000,5.8500,0.005240,0.056445
onnx,-0.2000,5.8600,0.005217,0.056203
onnx,-0.2000,5.8700,0.005195,0.055962
onnx,-0.2000,5.8800,0.005173,0.055720
onnx,-0.2000,5.8900,0.005151,0.055479
onnx,-0.2000,5.9000,0.005128,0.055237
onnx,-0.2000,5.9100,0.005106,0.054995
onnx,-0.2000,5.9200,0.005084,0.054753
onnx,-0.2000,5.9300,0.005061,0.054511
onnx,-0.2000,5.9400,0.005039,0.054269
onnx,-0.2000,5.9500,0.005017,0.054027
onnx,-0.2000,5.9600,0.004995,0.053784
onnx,-0.2000,5.9700,0.004972,0.053542
onnx,-0.2000,5.9800,0.004950,0.053299
onnx,-0.2000,5.9900,0.004927,0.053056
onnx,-0.2000,6.0000,0.004905,0.052814
onnx,-0.2000,6.0100,0.004883,0.052571
onnx,-0.2000,6.0200,0.004860,0.052328
onnx,-0.2000,6.0300,0.004838,0.052085
onnx,-0.2000,6.0400,0.004816,0.051842
onnx,-0.2000,6.0500,0.004793,0.051598
onnx,-0.2000,6.0600,0.004771,0.051355
onnx,-0.2000,6.0700,0.004748,0.051112
onnx,-0.2000,6.0800,0.004726,0.050868
onnx,-0.2000,6.0900,0.004703,0.050625
onnx,-0.2000,6.1000,0.004681,0.050381
onnx,-0.2000,6.1100,0.004659,0.050138
onnx,-0.2000,6.1200,0.004636,0.049894
onnx,-0.2000,6.1300,0.004614,0.049650
onnx,-0.2000,6.1400,0.004591,0.049407
onnx,-0.2000,6.1500,0.004569,0.049163
onnx,-0.2000,6.1600,0.004546,0.048919
onnx,-0.2000,6.1700,0.004524,0.048675
onnx,-0.2000,6.1800,0.004501,0.048431
onnx,-0.2000,6.1900,0.004479,0.048187
onnx,-0.2000,6.2000,0.004456,0.047943
onnx,-0.2000,6.2100,0.004434,0.047699
onnx,-0.2000,6.2200,0.004411,0.047455
onnx,-0.2000,6.2300,0.004389,0.047211
onnx,-0.2000,6.2400,0.004366,0.046967
onnx,-0.2000,6.2500,0.004344,0.046722
onnx,-0.2000,6.2600,0.004321,0.046478
onnx,-0.2000,6.2700,0.004299,0.046234
onnx,-0.2000,6.2800,0.004276,0.045990
onnx,-0.2000,6.2900,0.004254,0.045745
onnx,-0.2000,6.3000,0.004231,0.045501
onnx,-0.2000,6.3100,0.004209,0.045257
onnx,-0.2000,6.3200,0.004186,0.045012
onnx,-0.2000,6.3300,0.004164,0.044768
onnx,-0.2000,6.3400,0.004141,0.044524
onnx,-0.2000,6.3500,0.004119,0.044279
onnx,-0.2000,6.3600,0.004096,0.044035
onnx,-0.2000,6.3700,0.004074,0.043791
onnx,-0.2000,6.3800,0.004051,0.043546
onnx,-0.2000,6.3900,0.004029,0.043302
onnx,-0.2000,6.4000,0.004006,0.043058
onnx,-0.2000,6.4100,0.003984,0.042814
onnx,-0.2000,6.4200,0.003961,0.042569
onnx,-0.2000,6.4300,0.003938,0.042325
onnx,-0.2000,6.4400,0.003916,0.042081
onnx,-0.2000,6.4500,0.003893,0.041836
onnx,-0.2000,6.4600,0.003871,0.041592
onnx,-0.2000,6.4700,0.003848,0.041348
onnx,-0.2000,6.4800,0.003826,0.041104
onnx,-0.2000,6.4900,0.003803,0.040860
onnx,-0.2000,6.5000,0.003781,0.040616
onnx,-0.2000,6.5100,0.003758,0.040372
onnx,-0.2000,6.5200,0.003736,0.040128
onnx,-0.2000,6.5300,0.003713,0.039884
onnx,-0.2000,6.5400,0.003691,0.039640
onnx,-0.2000,6.5500,0.003668,0.039396
onnx,-0.2000,6.5600,0.003646,0.039152
onnx,-0.2000,6.5700,0.003623,0.038909
onnx,-0.2000,6.5800,0.003601,0.038665
onnx,-0.2000,6.5900,0.003579,0.038421
onnx,-0.2000,6.6000,0.003556,0.038178
onnx,-0.2000,6.6100,0.003534,0.037934
onnx,-0.2000,6.6200,0.003511,0.037691
onnx,-0.2000,6.6300,0.003489,0.037447
onnx,-0.2000,6.6400,0.003466,0.037204
onnx,-0.2000,6.6500,0.003444,0.036961
onnx,-0.2000,6.6600,0.003421,0.036717
onnx,-0.2000,6.6700,0.003399,0.036474
onnx,-0.2000,6.6800,0.003377,0.036231
onnx,-0.2000,6.6900,0.003354,0.035988
onnx,-0.2000,6.7000,0.003332,0.035745
onnx,-0.2000,6.7100,0.003309,0.035502
onnx,-0.2000,6.7200,0.003287,0.035260
onnx,-0.2000,6.7300,0.003265,0.035017
onnx,-0.2000,6.7400,0.003242,0.034775
onnx,-0.2000,6.7500,0.003220,0.034532
onnx,-0.2000,6.7600,0.003197,0.034290
onnx,-0.2000,6.7700,0.003175,0.034047
onnx,-0.2000,6.7800,0.003153,0.033805
onnx,-0.2000,6.7900,0.003130,0.033563
onnx,-0.2000,6.8000,0.003108,0.033321
onnx,-0.2000,6.8100,0.003086,0.033079
onnx,-0.2000,6.8200,0.003064,0.032838
onnx,-0.2000,6.8300,0.003041,0.032596
onnx,-0.2000,6.8400,0.003019,0.032354
onnx,-0.2000,6.8500,0.002997,0.032113
onnx,-0.2000,6.8600,0.002974,0.031872
onnx,-0.2000,6.8700,0.002952,0.031630
onnx,-0.2000,6.8800,0.002930,0.031389
onnx,-0.2000,6.8900,0.002908,0.031148
onnx,-0.2000,6.9000,0.002885,0.030908
onnx,-0.2000,6.9100,0.002863,0.030667
onnx,-0.2000,6.9200,0.002841,0.030426
onnx,-0.2000,6.9300,0.002819,0.030186
onnx,-0.2000,6.9400,0.002797,0.029946
onnx,-0.2000,6.9500,0.002775,0.029706
onnx,-0.2000,6.9600,0.002752,0.029465
onnx,-0.2000,6.9700,0.002730,0.029226
onnx,-0.2000,6.9800,0.002708,0.028986
onnx,-0.2000,6.9900,0.002686,0.028746
onnx,-0.2000,7.0000,0.002664,0.028507
onnx,-0.2000,7.0100,0.002642,0.028267
onnx,-0.2000,7.0200,0.002620,0.028028
onnx,-0.2000,7.0300,0.002598,0.027789
onnx,-0.2000,7.0400,0.002576,0.027550
onnx,-0.2000,7.0500,0.002554,0.027312
onnx,-0.2000,7.0600,0.002532,0.027073
onnx,-0.2000,7.0700,0.002510,0.026835
onnx,-0.2000,7.0800,0.002488,0.026597
onnx,-0.2000,7.0900,0.002466,0.026359
onnx,-0.2000,7.1000,0.002444,0.026121
onnx,-0.2000,7.1100,0.002422,0.025883
onnx,-0.2000,7.1200,0.002400,0.025645
onnx,-0.2000,7.1300,0.002378,0.025408
onnx,-0.2000,7.1400,0.002356,0.025171
onnx,-0.2000,7.1500,0.002334,0.024934
onnx,-0.2000,7.1600,0.002312,0.024697
onnx,-0.2000,7.1700,0.002291,0.024460
onnx,-0.2000,7.1800,0.002269,0.024224
onnx,-0.2000,7.1900,0.002247,0.023988
onnx,-0.2000,7.2000,0.002225,0.023752
onnx,-0.2000,7.2100,0.002203,0.023516
onnx,-0.2000,7.2200,0.002182,0.023280
onnx,-0.2000,7.2300,0.002160,0.023044
onnx,-0.2000,7.2400,0.002138,0.022809
onnx,-0.2000,7.2500,0.002116,0.022574
onnx,-0.2000,7.2600,0.002095,0.022339
onnx,-0.2000,7.2700,0.002073,0.022104
onnx,-0.2000,7.2800,0.002051,0.021870
onnx,-0.2000,7.2900,0.002030,0.021635
onnx,-0.2000,7.3000,0.002008,0.021401
onnx,-0.2000,7.3100,0.001987,0.021167
onnx,-0.2000,7.3200,0.001965,0.020934
onnx,-0.2000,7.3300,0.001943,0.020700
onnx,-0.2000,7.3400,0.001922,0.020467
onnx,-0.2000,7.3500,0.001900,0.020234
onnx,-0.2000,7.3600,0.001879,0.020001
onnx,-0.2000,7.3700,0.001857,0.019769
onnx,-0.2000,7.3800,0.001836,0.019536
onnx,-0.2000,7.3900,0.001815,0.019304
onnx,-0.2000,7.4000,0.001793,0.019072
onnx,-0.2000,7.4100,0.001772,0.018840
onnx,-0.2000,7.4200,0.001750,0.018609
onnx,-0.2000,7.4300,0.001729,0.018378
onnx,-0.2000,7.4400,0.001708,0.018147
onnx,-0.2000,7.4500,0.001686,0.017916
onnx,-0.2000,7.4600,0.001665,0.017685
onnx,-0.2000,7.4700,0.001644,0.017455
onnx,-0.2000,7.4800,0.001623,0.017225
onnx,-0.2000,7.4900,0.001601,0.016995
onnx,-0.2000,7.5000,0.001580,0.016766
onnx,-0.2000,7.5100,0.001559,0.016536
onnx,-0.2000,7.5200,0.001538,0.016307
onnx,-0.2000,7.5300,0.001517,0.016078
onnx,-0.2000,7.5400,0.001496,0.015850
onnx,-0.2000,7.5500,0.001474,0.015621
onnx,-0.2000,7.5600,0.001453,0.015393
onnx,-0.2000,7.5700,0.001432,0.015166
onnx,-0.2000,7.5800,0.001411,0.014938
onnx,-0.2000,7.5900,0.001390,0.014711
onnx,-0.2000,7.6000,0.001369,0.014484
onnx,-0.2000,7.6100,0.001348,0.014257
onnx,-0.2000,7.6200,0.001328,0.014031
onnx,-0.2000,7.6300,0.001307,0.013804
onnx,-0.2000,7.6400,0.001286,0.013578
onnx,-0.2000,7.6500,0.001265,0.013353
onnx,-0.2000,7.6600,0.001244,0.013127
onnx,-0.2000,7.6700,0.001223,0.012902
onnx,-0.2000,7.6800,0.001203,0.012677
onnx,-0.2000,7.6900,0.001182,0.012453
onnx,-0.2000,7.7000,0.001161,0.012229
onnx,-0.2000,7.7100,0.001140,0.012005
onnx,-0.2000,7.7200,0.001120,0.011781
onnx,-0.2000,7.7300,0.001099,0.011557
onnx,-0.2000,7.7400,0.001079,0.011334
onnx,-0.2000,7.7500,0.001058,0.011111
onnx,-0.2000,7.7600,0.001037,0.010889
onnx,-0.2000,7.7700,0.001017,0.010667
onnx,-0.2000,7.7800,0.000996,0.010445
onnx,-0.2000,7.7900,0.000976,0.010223
onnx,-0.2000,7.8000,0.000955,0.010002
onnx,-0.2000,7.8100,0.000935,0.009780
onnx,-0.2000,7.8200,0.000915,0.009560
onnx,-0.2000,7.8300,0.000894,0.009339
onnx,-0.2000,7.8400,0.000874,0.009119
onnx,-0.2000,7.8500,0.000854,0.008899
onnx,-0.2000,7.8600,0.000833,0.008680
onnx,-0.2000,7.8700,0.000813,0.008460
onnx,-0.2000,7.8800,0.000793,0.008241
onnx,-0.2000,7.8900,0.000773,0.008023
onnx,-0.2000,7.9000,0.000752,0.007805
onnx,-0.2000,7.9100,0.000732,0.007587
onnx,-0.2000,7.9200,0.000712,0.007369
onnx,-0.2000,7.9300,0.000692,0.007152
onnx,-0.2000,7.9400,0.000672,0.006934
onnx,-0.2000,7.9500,0.000652,0.006718
onnx,-0.2000,7.9600,0.000632,0.006501
onnx,-0.2000,7.9700,0.000612,0.006285
onnx,-0.2000,7.9800,0.000592,0.006070
onnx,-0.2000,7.9900,0.000572,0.005854
onnx,-0.2000,8.0000,0.000552,0.005639
onnx,-0.2000,8.0100,0.000532,0.005424
onnx,-0.2000,8.0200,0.000513,0.005210
onnx,-0.2000,8.0300,0.000493,0.004996
onnx,-0.2000,8.0400,0.000473,0.004782
onnx,-0.2000,8.0500,0.000453,0.004569
onnx,-0.2000,8.0600,0.000434,0.004356
onnx,-0.2000,8.0700,0.000414,0.004143
onnx,-0.2000,8.0800,0.000394,0.003930
onnx,-0.2000,8.0900,0.000375,0.003718
onnx,-0.2000,8.1000,0.000355,0.003507
onnx,-0.2000,8.1100,0.000336,0.003295
onnx,-0.2000,8.1200,0.000316,0.003084
onnx,-0.2000,8.1300,0.000297,0.002874
onnx,-0.2000,8.1400,0.000277,0.002663
onnx,-0.2000,8.1500,0.000258,0.002453
onnx,-0.2000,8.1600,0.000238,0.002244
onnx,-0.2000,8.1700,0.000219,0.002035
onnx,-0.2000,8.1800,0.000200,0.001826
onnx,-0.2000,8.1900,0.000181,0.001617
onnx,-0.2000,8.2000,0.000161,0.001409
onnx,-0.2000,8.2100,0.000142,0.001201
onnx,-0.2000,8.2200,0.000123,0.000994
onnx,-0.2000,8.2300,0.000104,0.000787
onnx,-0.2000,8.2400,0.000085,0.000580
onnx,-0.2000,8.2500,0.000066,0.000374
onnx,-0.2000,8.2600,0.000047,0.000168
onnx,-0.2000,8.2700,0.000028,-0.000038
onnx,-0.2000,8.2800,0.000009,-0.000243
onnx,-0.2000,8.2900,-0.000010,-0.000448
onnx,-0.2000,8.3000,-0.000029,-0.000653
onnx,-0.2000,8.3100,-0.000048,-0.000857
onnx,-0.2000,8.3200,-0.000067,-0.001060
onnx,-0.2000,8.3300,-0.000086,-0.001264
onnx,-0.2000,8.3400,-0.000105,-0.001467
onnx,-0.2000,8.3500,-0.000123,-0.001669
onnx,-0.2000,8.3600,-0.000142,-0.001872
onnx,-0.2000,8.3700,-0.000161,-0.002073
onnx,-0.2000,8.3800,-0.000179,-0.002275
onnx,-0.2000,8.3900,-0.000198,-0.002476
onnx,-0.2000,8.4000,-0.000216,-0.002677
onnx,-0.2000,8.4100,-0.000235,-0.002877
onnx,-0.2000,8.4200,-0.000253,-0.003077
onnx,-0.2000,8.4300,-0.000272,-0.003276
onnx,-0.2000,8.4400,-0.000290,-0.003476
onnx,-0.2000,8.4500,-0.000309,-0.003674
onnx,-0.2000,8.4600,-0.000327,-0.003873
onnx,-0.2000,8.4700,-0.000345,-0.004071
onnx,-0.2000,8.4800,-0.000364,-0.004268
onnx,-0.2000,8.4900,-0.000382,-0.004465
onnx,-0.2000,8.5000,-0.000400,-0.004662
onnx,-0.2000,8.5100,-0.000418,-0.004858
onnx,-0.2000,8.5200,-0.000436,-0.005054
onnx,-0.2000,8.5300,-0.000454,-0.005250
onnx,-0.2000,8.5400,-0.000472,-0.005445
onnx,-0.2000,8.5500,-0.000490,-0.005640
onnx,-0.2000,8.5600,-0.000508,-0.005834
onnx,-0.2000,8.5700,-0.000526,-0.006028
onnx,-0.2000,8.5800,-0.000544,-0.006221
onnx,-0.2000,8.5900,-0.000562,-0.006414
onnx,-0.2000,8.6000,-0.000580,-0.006607
onnx,-0.2000,8.6100,-0.000598,-0.006799
onnx,-0.2000,8.6200,-0.000616,-0.006991
onnx,-0.2000,8.6300,-0.000633,-0.007183
onnx,-0.2000,8.6400,-0.000651,-0.007374
onnx,-0.2000,8.6500,-0.000669,-0.007564
onnx,-0.2000,8.6600,-0.000686,-0.007755
onnx,-0.2000,8.6700,-0.000704,-0.007944
onnx,-0.2000,8.6800,-0.000721,-0.008134
onnx,-0.2000,8.6900,-0.000739,-0.008323
onnx,-0.2000,8.7000,-0.000756,-0.008511
onnx,-0.2000,8.7100,-0.000774,-0.008699
onnx,-0.2000,8.7200,-0.000791,-0.008887
onnx,-0.2000,8.7300,-0.000808,-0.009074
onnx,-0.2000,8.7400,-0.000825,-0.009261
onnx,-0.2000,8.7500,-0.000843,-0.009447
onnx,-0.2000,8.7600,-0.000860,-0.009633
onnx,-0.2000,8.7700,-0.000877,-0.009819
onnx,-0.2000,8.7800,-0.000894,-0.010004
onnx,-0.2000,8.7900,-0.000911,-0.010189
onnx,-0.2000,8.8000,-0.000928,-0.010373
onnx,-0.2000,8.8100,-0.000945,-0.010556
onnx,-0.2000,8.8200,-0.000962,-0.010740
onnx,-0.2000,8.8300,-0.000979,-0.010923
onnx,-0.2000,8.8400,-0.000996,-0.011105
onnx,-0.2000,8.8500,-0.001013,-0.011287
onnx,-0.2000,8.8600,-0.001030,-0.011469
onnx,-0.2000,8.8700,-0.001047,-0.011650
onnx,-0.2000,8.8800,-0.001063,-0.011831
onnx,-0.2000,8.8900,-0.001080,-0.012011
onnx,-0.2000,8.9000,-0.001097,-0.012191
onnx,-0.2000,8.9100,-0.001113,-0.012370
onnx,-0.2000,8.9200,-0.001130,-0.012549
onnx,-0.2000,8.9300,-0.001146,-0.012728
onnx,-0.2000,8.9400,-0.001163,-0.012906
onnx,-0.2000,8.9500,-0.001179,-0.013083
onnx,-0.2000,8.9600,-0.001196,-0.013260
onnx,-0.2000,8.9700,-0.001212,-0.013437
onnx,-0.2000,8.9800,-0.001228,-0.013613
onnx,-0.2000,8.9900,-0.001245,-0.013789
onnx,-0.2000,9.0000,-0.001261,-0.013964
onnx,-0.2000,9.0100,-0.001277,-0.014139
onnx,-0.2000,9.0200,-0.001293,-0.014314
onnx,-0.2000,9.0300,-0.001309,-0.014488
onnx,-0.2000,9.0400,-0.001325,-0.014661
onnx,-0.2000,9.0500,-0.001341,-0.014834
onnx,-0.2000,9.0600,-0.001357,-0.015007
onnx,-0.2000,9.0700,-0.001373,-0.015179
onnx,-0.2000,9.0800,-0.001389,-0.015351
onnx,-0.2000,9.0900,-0.001405,-0.015522
onnx,-0.2000,9.1000,-0.001421,-0.015693
onnx,-0.2000,9.1100,-0.001437,-0.015863
onnx,-0.2000,9.1200,-0.001452,-0.016033
onnx,-0.2000,9.1300,-0.001468,-0.016202
onnx,-0.2000,9.1400,-0.001484,-0.016371
onnx,-0.2000,9.1500,-0.001499,-0.016539
onnx,-0.2000,9.1600,-0.001515,-0.016707
onnx,-0.2000,9.1700,-0.001530,-0.016875
onnx,-0.2000,9.1800,-0.001546,-0.017042
onnx,-0.2000,9.1900,-0.001561,-0.017208
onnx,-0.2000,9.2000,-0.001577,-0.017374
onnx,-0.2000,9.2100,-0.001592,-0.017540
onnx,-0.2000,9.2200,-0.001607,-0.017705
onnx,-0.2000,9.2300,-0.001622,-0.017870
onnx,-0.2000,9.2400,-0.001638,-0.018034
onnx,-0.2000,9.2500,-0.001653,-0.018198
onnx,-0.2000,9.2600,-0.001668,-0.018361
onnx,-0.2000,9.2700,-0.001683,-0.018524
onnx,-0.2000,9.2800,-0.001698,-0.018686
onnx,-0.2000,9.2900,-0.001713,-0.018848
onnx,-0.2000,9.3000,-0.001728,-0.019009
onnx,-0.2000,9.3100,-0.001743,-0.019170
onnx,-0.2000,9.3200,-0.001758,-0.019330
onnx,-0.2000,9.3300,-0.001772,-0.019490
onnx,-0.2000,9.3400,-0.001787,-0.019649
onnx,-0.2000,9.3500,-0.001802,-0.019808
onnx,-0.2000,9.3600,-0.001817,-0.019967
onnx,-0.2000,9.3700,-0.001831,-0.020125
onnx,-0.2000,9.3800,-0.001846,-0.020282
onnx,-0.2000,9.3900,-0.001860,-0.020439
onnx,-0.2000,9.4000,-0.001875,-0.020596
onnx,-0.2000,9.4100,-0.001889,-0.020752
onnx,-0.2000,9.4200,-0.001904,-0.020907
onnx,-0.2000,9.4300,-0.001918,-0.021062
onnx,-0.2000,9.4400,-0.001932,-0.021217
onnx,-0.2000,9.4500,-0.001947,-0.021371
onnx,-0.2000,9.4600,-0.001961,-0.021524
onnx,-0.2000,9.4700,-0.001975,-0.021677
onnx,-0.2000,9.4800,-0.001989,-0.021830
onnx,-0.2000,9.4900,-0.002003,-0.021982
onnx,-0.2000,9.5000,-0.002017,-0.022134
onnx,-0.2000,9.5100,-0.002031,-0.022285
onnx,-0.2000,9.5200,-0.002045,-0.022435
onnx,-0.2000,9.5300,-0.002059,-0.022586
onnx,-0.2000,9.5400,-0.002073,-0.022735
onnx,-0.2000,9.5500,-0.002087,-0.022884
onnx,-0.2000,9.5600,-0.002101,-0.023033
onnx,-0.2000,9.5700,-0.002115,-0.023181
onnx,-0.2000,9.5800,-0.002128,-0.023329
onnx,-0.2000,9.5900,-0.002142,-0.023476
onnx,-0.2000,9.6000,-0.002155,-0.023622
onnx,-0.2000,9.6100,-0.002169,-0.023769
onnx,-0.2000,9.6200,-0.002182,-0.023914
onnx,-0.2000,9.6300,-0.002196,-0.024059
onnx,-0.2000,9.6400,-0.002209,-0.024204
onnx,-0.2000,9.6500,-0.002223,-0.024348
onnx,-0.2000,9.6600,-0.002236,-0.024492
onnx,-0.2000,9.6700,-0.002249,-0.024635
onnx,-0.2000,9.6800,-0.002263,-0.024778
onnx,-0.2000,9.6900,-0.002276,-0.024920
onnx,-0.2000,9.7000,-0.002289,-0.025061
onnx,-0.2000,9.7100,-0.002302,-0.025202
onnx,-0.2000,9.7200,-0.002315,-0.025343
onnx,-0.2000,9.7300,-0.002328,-0.025483
onnx,-0.2000,9.7400,-0.002341,-0.025623
onnx,-0.2000,9.7500,-0.002354,-0.025762
onnx,-0.2000,9.7600,-0.002367,-0.025900
onnx,-0.2000,9.7700,-0.002379,-0.026039
onnx,-0.2000,9.7800,-0.002392,-0.026176
onnx,-0.2000,9.7900,-0.002405,-0.026313
onnx,-0.2000,9.8000,-0.002418,-0.026450
onnx,-0.2000,9.8100,-0.002430,-0.026586
onnx,-0.2000,9.8200,-0.002443,-0.026721
onnx,-0.2000,9.8300,-0.002455,-0.026856
onnx,-0.2000,9.8400,-0.002468,-0.026991
onnx,-0.2000,9.8500,-0.002480,-0.027125
onnx,-0.2000,9.8600,-0.002493,-0.027258
onnx,-0.2000,9.8700,-0.002505,-0.027392
onnx,-0.2000,9.8800,-0.002517,-0.027524
onnx,-0.2000,9.8900,-0.002529,-0.027656
onnx,-0.2000,9.9000,-0.002542,-0.027787
onnx,-0.2000,9.9100,-0.002554,-0.027918
onnx,-0.2000,9.9200,-0.002566,-0.028049
onnx,-0.2000,9.9300,-0.002578,-0.028179
onnx,-0.2000,9.9400,-0.002590,-0.028308
onnx,-0.2000,9.9500,-0.002602,-0.028437
onnx,-0.2000,9.9600,-0.002614,-0.028565
onnx,-0.2000,9.9700,-0.002626,-0.028693
onnx,-0.2000,9.9800,-0.002638,-0.028821
onnx,-0.2000,9.9900,-0.002649,-0.028947
onnx,-0.2000,10.0000,-0.002661,0.000000
